timestamp,soil,cumulative_precipitation_cm,rain
1/19/2017 12:00,0.414,0,0
1/19/2017 13:00,0.437,0.2,2
1/19/2017 14:00,0.437,0.2,0
1/19/2017 15:00,0.438,0.2,0
1/19/2017 16:00,0.438,0.2,0
1/19/2017 17:00,0.438,0.2,0
1/19/2017 18:00,0.438,0.3,1
1/19/2017 19:00,0.438,0.3,0
1/19/2017 20:00,0.438,0.3,0
1/19/2017 21:00,0.438,0.3,0
1/19/2017 22:00,0.438,0.3,0
1/19/2017 23:00,0.438,0.3,0
1/20/2017 0:00,0.438,0.4,1
1/20/2017 1:00,0.438,0.7,3
1/20/2017 2:00,0.438,1.3,6
1/20/2017 3:00,0.438,1.5,2
1/20/2017 4:00,0.437,1.8,3
1/20/2017 5:00,0.437,2.2,4
1/20/2017 6:00,0.437,3.2,10
1/20/2017 7:00,0.437,3.7,5
1/20/2017 8:00,0.437,3.8,1
1/20/2017 9:00,0.437,3.8,0
1/20/2017 10:00,0.437,4,2
1/20/2017 11:00,0.437,4.8,8
1/20/2017 12:00,0.436,5.2,4
1/20/2017 13:00,0.436,5.2,0
1/20/2017 14:00,0.436,5.4,2
1/20/2017 15:00,0.436,5.7,3
1/20/2017 16:00,0.436,6,3
1/20/2017 17:00,0.436,6.3,3
1/20/2017 18:00,0.437,6.5,2
1/20/2017 19:00,0.437,6.7,2
1/20/2017 20:00,0.437,6.9,2
1/20/2017 21:00,0.437,7,1
1/20/2017 22:00,0.437,7.3,3
1/20/2017 23:00,0.436,7.4,1
1/21/2017 0:00,0.436,7.5,1
1/21/2017 1:00,0.436,7.8,3
1/21/2017 2:00,0.436,8.1,3
1/21/2017 3:00,0.436,8.4,3
1/21/2017 4:00,0.436,8.6,2
1/21/2017 5:00,0.436,8.9,3
1/21/2017 6:00,0.436,9.1,2
1/21/2017 7:00,0.435,9.2,1
1/21/2017 8:00,0.436,9.4,2
1/21/2017 9:00,0.436,9.5,1
1/21/2017 10:00,0.435,9.8,3
1/21/2017 11:00,0.435,9.9,1
1/21/2017 12:00,0.435,10.1,2
1/21/2017 13:00,0.436,10.3,2
1/21/2017 14:00,0.436,10.7,4
1/21/2017 15:00,0.436,10.8,1
1/21/2017 16:00,0.437,10.8,0
1/21/2017 17:00,0.437,10.8,0
1/21/2017 18:00,0.437,10.8,0
1/21/2017 19:00,0.437,10.8,0
1/21/2017 20:00,0.437,10.9,1
1/21/2017 21:00,0.437,11.1,2
1/21/2017 22:00,0.437,11.3,2
1/21/2017 23:00,0.437,11.6,3
1/22/2017 0:00,0.437,11.6,0
1/22/2017 1:00,0.437,11.8,2
1/22/2017 2:00,0.437,11.9,1
1/22/2017 3:00,0.437,12.1,2
1/22/2017 4:00,0.437,12.3,2
1/22/2017 5:00,0.437,12.8,5
1/22/2017 6:00,0.437,13.4,6
1/22/2017 7:00,0.437,13.4,0
1/22/2017 8:00,0.437,13.5,1
1/22/2017 9:00,0.437,13.6,1
1/22/2017 10:00,0.437,13.6,0
1/22/2017 11:00,0.437,13.6,0
1/22/2017 12:00,0.437,13.6,0
1/22/2017 13:00,0.437,13.6,0
1/22/2017 14:00,0.437,13.6,0
1/22/2017 15:00,0.437,13.6,0
1/22/2017 16:00,0.438,13.6,0
1/22/2017 17:00,0.438,14.2,6
1/22/2017 18:00,0.438,14.5,3
1/22/2017 19:00,0.437,14.7,2
1/22/2017 20:00,0.437,14.7,0
1/22/2017 21:00,0.437,14.7,0
1/22/2017 22:00,0.437,14.7,0
1/22/2017 23:00,0.437,14.7,0
1/23/2017 0:00,0.437,14.8,1
1/23/2017 1:00,0.437,14.8,0
1/23/2017 2:00,0.436,14.8,0
1/23/2017 3:00,0.436,14.8,0
1/23/2017 4:00,0.436,14.9,1
1/23/2017 5:00,0.435,14.9,0
1/23/2017 6:00,0.435,14.9,0
1/23/2017 7:00,0.435,15,1
1/23/2017 8:00,0.435,15,0
1/23/2017 9:00,0.435,15.1,1
1/23/2017 10:00,0.435,15.1,0
1/23/2017 11:00,0.435,15.6,5
1/23/2017 12:00,0.435,15.702,1.02
1/23/2017 13:00,0.435,16.26,5.58
1/23/2017 14:00,0.435,16.26,0
1/23/2017 15:00,0.435,16.26,0
1/23/2017 16:00,0.435,16.26,0
1/23/2017 17:00,0.435,16.26,0
1/23/2017 18:00,0.436,16.286,0.26
1/23/2017 19:00,0.436,16.362,0.76
1/23/2017 20:00,0.437,16.362,0
1/23/2017 21:00,0.437,16.362,0
1/23/2017 22:00,0.437,16.362,0
1/23/2017 23:00,0.437,16.362,0
1/24/2017 0:00,0.436,16.362,0
1/24/2017 1:00,0.436,16.362,0
1/24/2017 2:00,0.436,16.362,0
1/24/2017 3:00,0.436,16.362,0
1/24/2017 4:00,0.435,16.362,0
1/24/2017 5:00,0.435,16.362,0
1/24/2017 6:00,0.435,16.362,0
1/24/2017 7:00,0.435,16.362,0
1/24/2017 8:00,0.435,16.362,0
1/24/2017 9:00,0.434,16.362,0
1/24/2017 10:00,0.434,16.362,0
1/24/2017 11:00,0.434,16.362,0
1/24/2017 12:00,0.435,16.413,0.51
1/24/2017 13:00,0.434,16.413,0
1/24/2017 14:00,0.434,16.413,0
1/24/2017 15:00,0.435,16.413,0
1/24/2017 16:00,0.435,16.413,0
1/24/2017 17:00,0.435,16.413,0
1/24/2017 18:00,0.436,16.413,0
1/24/2017 19:00,0.437,16.413,0
1/24/2017 20:00,0.437,16.413,0
1/24/2017 21:00,0.437,16.413,0
1/24/2017 22:00,0.437,16.413,0
1/24/2017 23:00,0.437,16.413,0
1/25/2017 0:00,0.437,16.413,0
1/25/2017 1:00,0.436,16.413,0
1/25/2017 2:00,0.436,16.413,0
1/25/2017 3:00,0.435,16.413,0
1/25/2017 4:00,0.435,16.413,0
1/25/2017 5:00,0.435,16.413,0
1/25/2017 6:00,0.435,16.413,0
1/25/2017 7:00,0.435,16.413,0
1/25/2017 8:00,0.435,16.413,0
1/25/2017 9:00,0.435,16.413,0
1/25/2017 10:00,0.435,16.413,0
1/25/2017 11:00,0.435,16.413,0
1/25/2017 12:00,0.435,16.413,0
1/25/2017 13:00,0.434,16.413,0
1/25/2017 14:00,0.435,16.413,0
1/25/2017 15:00,0.435,16.413,0
1/25/2017 16:00,0.435,16.413,0
1/25/2017 17:00,0.436,16.413,0
1/25/2017 18:00,0.436,16.413,0
1/25/2017 19:00,0.436,16.413,0
1/25/2017 20:00,0.437,16.413,0
1/25/2017 21:00,0.437,16.413,0
1/25/2017 22:00,0.437,16.413,0
1/25/2017 23:00,0.437,16.413,0
1/26/2017 0:00,0.437,16.413,0
1/26/2017 1:00,0.437,16.413,0
1/26/2017 2:00,0.437,16.413,0
1/26/2017 3:00,0.436,16.413,0
1/26/2017 4:00,0.436,16.413,0
1/26/2017 5:00,0.436,16.413,0
1/26/2017 6:00,0.435,16.413,0
1/26/2017 7:00,0.435,16.413,0
1/26/2017 8:00,0.435,16.413,0
1/26/2017 9:00,0.434,16.413,0
1/26/2017 10:00,0.434,16.413,0
1/26/2017 11:00,0.434,16.413,0
1/26/2017 12:00,0.435,16.413,0
1/26/2017 13:00,0.434,16.413,0
1/26/2017 14:00,0.435,16.413,0
1/26/2017 15:00,0.435,16.413,0
1/26/2017 16:00,0.435,16.413,0
1/26/2017 17:00,0.435,16.413,0
1/26/2017 18:00,0.436,16.413,0
1/26/2017 19:00,0.437,16.413,0
1/26/2017 20:00,0.437,16.413,0
1/26/2017 21:00,0.437,16.413,0
1/26/2017 22:00,0.437,16.413,0
1/26/2017 23:00,0.437,16.413,0
1/27/2017 0:00,0.436,16.413,0
1/27/2017 1:00,0.437,16.413,0
1/27/2017 2:00,0.437,16.413,0
1/27/2017 3:00,0.436,16.413,0
1/27/2017 4:00,0.436,16.413,0
1/27/2017 5:00,0.435,16.413,0
1/27/2017 6:00,0.435,16.413,0
1/27/2017 7:00,0.435,16.413,0
1/27/2017 8:00,0.435,16.413,0
1/27/2017 9:00,0.435,16.413,0
1/27/2017 10:00,0.434,16.413,0
1/27/2017 11:00,0.434,16.413,0
1/27/2017 12:00,0.434,16.413,0
1/27/2017 13:00,0.434,16.413,0
1/27/2017 14:00,0.434,16.413,0
1/27/2017 15:00,0.434,16.413,0
1/27/2017 16:00,0.435,16.413,0
1/27/2017 17:00,0.436,16.413,0
1/27/2017 18:00,0.436,16.413,0
1/27/2017 19:00,0.436,16.413,0
1/27/2017 20:00,0.437,16.413,0
1/27/2017 21:00,0.437,16.413,0
1/27/2017 22:00,0.437,16.413,0
1/27/2017 23:00,0.437,16.413,0
1/28/2017 0:00,0.437,16.413,0
1/28/2017 1:00,0.436,16.413,0
1/28/2017 2:00,0.436,16.413,0
1/28/2017 3:00,0.436,16.413,0
1/28/2017 4:00,0.436,16.413,0
1/28/2017 5:00,0.436,16.413,0
1/28/2017 6:00,0.435,16.413,0
1/28/2017 7:00,0.435,16.413,0
1/28/2017 8:00,0.435,16.413,0
1/28/2017 9:00,0.435,16.413,0
1/28/2017 10:00,0.435,16.413,0
1/28/2017 11:00,0.435,16.413,0
1/28/2017 12:00,0.435,16.413,0
1/28/2017 13:00,0.435,16.413,0
1/28/2017 14:00,0.435,16.413,0
1/28/2017 15:00,0.435,16.413,0
1/28/2017 16:00,0.435,16.413,0
1/28/2017 17:00,0.436,16.413,0
1/28/2017 18:00,0.436,16.413,0
1/28/2017 19:00,0.437,16.413,0
1/28/2017 20:00,0.438,16.413,0
1/28/2017 21:00,0.438,16.413,0
1/28/2017 22:00,0.438,16.413,0
1/28/2017 23:00,0.438,16.413,0
1/29/2017 0:00,0.438,16.413,0
1/29/2017 1:00,0.438,16.413,0
1/29/2017 2:00,0.437,16.413,0
1/29/2017 3:00,0.437,16.413,0
1/29/2017 4:00,0.437,16.413,0
1/29/2017 5:00,0.437,16.413,0
1/29/2017 6:00,0.437,16.413,0
1/29/2017 7:00,0.436,16.413,0
1/29/2017 8:00,0.436,16.413,0
1/29/2017 9:00,0.436,16.413,0
1/29/2017 10:00,0.436,16.413,0
1/29/2017 11:00,0.435,16.413,0
1/29/2017 12:00,0.435,16.413,0
1/29/2017 13:00,0.435,16.413,0
1/29/2017 14:00,0.435,16.413,0
1/29/2017 15:00,0.436,16.413,0
1/29/2017 16:00,0.437,16.413,0
1/29/2017 17:00,0.437,16.413,0
1/29/2017 18:00,0.437,16.413,0
1/29/2017 19:00,0.438,16.413,0
1/29/2017 20:00,0.438,16.413,0
1/29/2017 21:00,0.438,16.413,0
1/29/2017 22:00,0.438,16.413,0
1/29/2017 23:00,0.438,16.413,0
1/30/2017 0:00,0.438,16.413,0
1/30/2017 1:00,0.438,16.413,0
1/30/2017 2:00,0.437,16.413,0
1/30/2017 3:00,0.437,16.413,0
1/30/2017 4:00,0.437,16.413,0
1/30/2017 5:00,0.437,16.413,0
1/30/2017 6:00,0.437,16.413,0
1/30/2017 7:00,0.436,16.413,0
1/30/2017 8:00,0.436,16.413,0
1/30/2017 9:00,0.435,16.413,0
1/30/2017 10:00,0.435,16.413,0
1/30/2017 11:00,0.435,16.413,0
1/30/2017 12:00,0.435,16.413,0
1/30/2017 13:00,0.435,16.413,0
1/30/2017 14:00,0.435,16.413,0
1/30/2017 15:00,0.435,16.413,0
1/30/2017 16:00,0.435,16.413,0
1/30/2017 17:00,0.436,16.413,0
1/30/2017 18:00,0.437,16.413,0
1/30/2017 19:00,0.438,16.413,0
1/30/2017 20:00,0.438,16.413,0
1/30/2017 21:00,0.438,16.413,0
1/30/2017 22:00,0.438,16.413,0
1/30/2017 23:00,0.438,16.413,0
1/31/2017 0:00,0.438,16.413,0
1/31/2017 1:00,0.438,16.413,0
1/31/2017 2:00,0.437,16.413,0
1/31/2017 3:00,0.437,16.413,0
1/31/2017 4:00,0.437,16.413,0
1/31/2017 5:00,0.437,16.413,0
1/31/2017 6:00,0.436,16.413,0
1/31/2017 7:00,0.436,16.413,0
1/31/2017 8:00,0.436,16.413,0
1/31/2017 9:00,0.436,16.413,0
1/31/2017 10:00,0.436,16.413,0
1/31/2017 11:00,0.435,16.413,0
1/31/2017 12:00,0.435,16.413,0
1/31/2017 13:00,0.436,16.413,0
1/31/2017 14:00,0.436,16.413,0
1/31/2017 15:00,0.436,16.413,0
1/31/2017 16:00,0.436,16.413,0
1/31/2017 17:00,0.436,16.413,0
1/31/2017 18:00,0.437,16.413,0
1/31/2017 19:00,0.437,16.413,0
1/31/2017 20:00,0.437,16.413,0
1/31/2017 21:00,0.438,16.413,0
1/31/2017 22:00,0.437,16.413,0
1/31/2017 23:00,0.437,16.413,0
2/1/2017 0:00,0.437,16.413,0
2/1/2017 1:00,0.437,16.413,0
2/1/2017 2:00,0.437,16.413,0
2/1/2017 3:00,0.437,16.413,0
2/1/2017 4:00,0.437,16.413,0
2/1/2017 5:00,0.437,16.413,0
2/1/2017 6:00,0.436,16.413,0
2/1/2017 7:00,0.436,16.413,0
2/1/2017 8:00,0.436,16.413,0
2/1/2017 9:00,0.436,16.413,0
2/1/2017 10:00,0.436,16.413,0
2/1/2017 11:00,0.436,16.413,0
2/1/2017 12:00,0.435,16.413,0
2/1/2017 13:00,0.436,16.413,0
2/1/2017 14:00,0.436,16.413,0
2/1/2017 15:00,0.436,16.413,0
2/1/2017 16:00,0.436,16.413,0
2/1/2017 17:00,0.436,16.413,0
2/1/2017 18:00,0.437,16.54,1.27
2/1/2017 19:00,0.438,16.591,0.51
2/1/2017 20:00,0.438,16.591,0
2/1/2017 21:00,0.439,16.591,0
2/1/2017 22:00,0.439,16.591,0
2/1/2017 23:00,0.438,16.591,0
2/2/2017 0:00,0.438,16.641,0.5
2/2/2017 1:00,0.438,16.641,0
2/2/2017 2:00,0.438,16.743,1.02
2/2/2017 3:00,0.438,16.972,2.29
2/2/2017 4:00,0.438,17.48,5.08
2/2/2017 5:00,0.439,17.81,3.3
2/2/2017 6:00,0.439,18.115,3.05
2/2/2017 7:00,0.439,18.115,0
2/2/2017 8:00,0.439,18.115,0
2/2/2017 9:00,0.439,18.115,0
2/2/2017 10:00,0.439,18.115,0
2/2/2017 11:00,0.439,18.14,0.25
2/2/2017 12:00,0.439,18.14,0
2/2/2017 13:00,0.439,18.14,0
2/2/2017 14:00,0.439,18.14,0
2/2/2017 15:00,0.44,18.14,0
2/2/2017 16:00,0.44,18.14,0
2/2/2017 17:00,0.441,18.14,0
2/2/2017 18:00,0.441,18.14,0
2/2/2017 19:00,0.441,18.14,0
2/2/2017 20:00,0.441,18.14,0
2/2/2017 21:00,0.441,18.14,0
2/2/2017 22:00,0.441,18.14,0
2/2/2017 23:00,0.442,18.14,0
2/3/2017 0:00,0.442,18.546,4.06
2/3/2017 1:00,0.442,18.851,3.05
2/3/2017 2:00,0.441,19.893,10.42
2/3/2017 3:00,0.442,20.477,5.84
2/3/2017 4:00,0.442,20.528,0.51
2/3/2017 5:00,0.441,20.883,3.55
2/3/2017 6:00,0.441,21.544,6.61
2/3/2017 7:00,0.442,21.544,0
2/3/2017 8:00,0.442,21.544,0
2/3/2017 9:00,0.442,21.544,0
2/3/2017 10:00,0.442,21.62,0.76
2/3/2017 11:00,0.442,21.696,0.76
2/3/2017 12:00,0.441,22.001,3.05
2/3/2017 13:00,0.441,22.077,0.76
2/3/2017 14:00,0.442,22.306,2.29
2/3/2017 15:00,0.442,22.636,3.3
2/3/2017 16:00,0.442,22.814,1.78
2/3/2017 17:00,0.442,22.89,0.76
2/3/2017 18:00,0.442,22.941,0.51
2/3/2017 19:00,0.443,22.941,0
2/3/2017 20:00,0.443,23.322,3.81
2/3/2017 21:00,0.443,23.576,2.54
2/3/2017 22:00,0.443,23.68,1.04
2/3/2017 23:00,0.443,23.88,2
2/4/2017 0:00,0.443,23.93,0.5
2/4/2017 1:00,0.443,23.98,0.5
2/4/2017 2:00,0.443,24.01,0.3
2/4/2017 3:00,0.443,24.06,0.5
2/4/2017 4:00,0.443,24.13,0.7
2/4/2017 5:00,0.443,24.13,0
2/4/2017 6:00,0.443,24.13,0
2/4/2017 7:00,0.443,24.19,0.6
2/4/2017 8:00,0.443,24.19,0
2/4/2017 9:00,0.443,24.36,1.7
2/4/2017 10:00,0.443,24.39,0.3
2/4/2017 11:00,0.442,24.39,0
2/4/2017 12:00,0.442,24.44,0.5
2/4/2017 13:00,0.442,24.44,0
2/4/2017 14:00,0.442,24.49,0.5
2/4/2017 15:00,0.443,24.49,0
2/4/2017 16:00,0.443,24.49,0
2/4/2017 17:00,0.443,24.49,0
2/4/2017 18:00,0.443,24.49,0
2/4/2017 19:00,0.443,24.49,0
2/4/2017 20:00,0.444,24.49,0
2/4/2017 21:00,0.444,24.49,0
2/4/2017 22:00,0.444,24.49,0
2/4/2017 23:00,0.444,24.49,0
2/5/2017 0:00,0.444,24.49,0
2/5/2017 1:00,0.443,24.49,0
2/5/2017 2:00,0.443,24.49,0
2/5/2017 3:00,0.443,24.49,0
2/5/2017 4:00,0.443,24.49,0
2/5/2017 5:00,0.443,24.49,0
2/5/2017 6:00,0.443,24.49,0
2/5/2017 7:00,0.443,24.49,0
2/5/2017 8:00,0.443,24.49,0
2/5/2017 9:00,0.442,24.49,0
2/5/2017 10:00,0.442,24.49,0
2/5/2017 11:00,0.442,24.49,0
2/5/2017 12:00,0.442,24.49,0
2/5/2017 13:00,0.442,24.49,0
2/5/2017 14:00,0.442,24.49,0
2/5/2017 15:00,0.442,24.49,0
2/5/2017 16:00,0.443,24.49,0
2/5/2017 17:00,0.443,24.52,0.3
2/5/2017 18:00,0.443,24.62,1
2/5/2017 19:00,0.444,25.3,6.8
2/5/2017 20:00,0.443,25.56,2.6
2/5/2017 21:00,0.444,25.63,0.7
2/5/2017 22:00,0.444,25.68,0.5
2/5/2017 23:00,0.443,25.86,1.8
2/6/2017 0:00,0.443,26.14,2.8
2/6/2017 1:00,0.443,26.47,3.3
2/6/2017 2:00,0.443,26.98,5.1
2/6/2017 3:00,0.443,27.13,1.5
2/6/2017 4:00,0.443,27.18,0.5
2/6/2017 5:00,0.443,27.18,0
2/6/2017 6:00,0.443,27.21,0.3
2/6/2017 7:00,0.443,27.21,0
2/6/2017 8:00,0.443,27.23,0.2
2/6/2017 9:00,0.443,27.36,1.3
2/6/2017 10:00,0.443,27.39,0.3
2/6/2017 11:00,0.443,27.39,0
2/6/2017 12:00,0.443,27.39,0
2/6/2017 13:00,0.443,27.39,0
2/6/2017 14:00,0.443,27.39,0
2/6/2017 15:00,0.443,27.39,0
2/6/2017 16:00,0.443,27.39,0
2/6/2017 17:00,0.444,27.41,0.2
2/6/2017 18:00,0.444,27.41,0
2/6/2017 19:00,0.443,27.56,1.5
2/6/2017 20:00,0.444,27.87,3.1
2/6/2017 21:00,0.443,28.17,3
2/6/2017 22:00,0.443,28.4,2.3
2/6/2017 23:00,0.443,28.53,1.3
2/7/2017 0:00,0.443,28.76,2.3
2/7/2017 1:00,0.443,29.09,3.3
2/7/2017 2:00,0.443,29.54,4.5
2/7/2017 3:00,0.443,30.33,7.9
2/7/2017 4:00,0.443,31.37,10.4
2/7/2017 5:00,0.443,32.08,7.1
2/7/2017 6:00,0.443,32.29,2.1
2/7/2017 7:00,0.443,32.31,0.2
2/7/2017 8:00,0.443,32.34,0.3
2/7/2017 9:00,0.443,32.34,0
2/7/2017 10:00,0.443,32.34,0
2/7/2017 11:00,0.443,32.34,0
2/7/2017 12:00,0.444,32.34,0
2/7/2017 13:00,0.444,32.34,0
2/7/2017 14:00,0.444,32.34,0
2/7/2017 15:00,0.444,32.34,0
2/7/2017 16:00,0.445,32.34,0
2/7/2017 17:00,0.445,32.34,0
2/7/2017 18:00,0.445,32.34,0
2/7/2017 19:00,0.445,32.34,0
2/7/2017 20:00,0.445,32.34,0
2/7/2017 21:00,0.446,32.34,0
2/7/2017 22:00,0.446,32.34,0
2/7/2017 23:00,0.445,32.34,0
2/8/2017 0:00,0.445,32.34,0
2/8/2017 1:00,0.445,32.34,0
2/8/2017 2:00,0.444,32.34,0
2/8/2017 3:00,0.444,32.52,1.8
2/8/2017 4:00,0.445,32.54,0.2
2/8/2017 5:00,0.444,32.57,0.3
2/8/2017 6:00,0.444,32.59,0.2
2/8/2017 7:00,0.444,32.67,0.8
2/8/2017 8:00,0.443,32.75,0.8
2/8/2017 9:00,0.444,32.82,0.7
2/8/2017 10:00,0.443,32.92,1
2/8/2017 11:00,0.444,33.2,2.8
2/8/2017 12:00,0.444,33.58,3.8
2/8/2017 13:00,0.444,33.76,1.8
2/8/2017 14:00,0.444,33.89,1.3
2/8/2017 15:00,0.444,34.29,4
2/8/2017 16:00,0.445,34.78,4.9
2/8/2017 17:00,0.445,35.16,3.8
2/8/2017 18:00,0.445,35.29,1.3
2/8/2017 19:00,0.445,35.39,1
2/8/2017 20:00,0.445,35.51,1.2
2/8/2017 21:00,0.445,35.51,0
2/8/2017 22:00,0.445,35.51,0
2/8/2017 23:00,0.445,35.54,0.3
2/9/2017 0:00,0.445,35.56,0.2
2/9/2017 1:00,0.445,35.56,0
2/9/2017 2:00,0.446,35.59,0.3
2/9/2017 3:00,0.446,35.67,0.8
2/9/2017 4:00,0.445,35.67,0
2/9/2017 5:00,0.445,35.67,0
2/9/2017 6:00,0.446,35.79,1.2
2/9/2017 7:00,0.445,36.22,4.3
2/9/2017 8:00,0.445,36.94,7.2
2/9/2017 9:00,0.445,37.85,9.1
2/9/2017 10:00,0.445,38.46,6.1
2/9/2017 11:00,0.445,39.32,8.6
2/9/2017 12:00,0.445,39.86,5.4
2/9/2017 13:00,0.446,39.91,0.5
2/9/2017 14:00,0.446,39.91,0
2/9/2017 15:00,0.446,39.93,0.2
2/9/2017 16:00,0.446,40.19,2.6
2/9/2017 17:00,0.446,40.62,4.3
2/9/2017 18:00,0.446,40.82,2
2/9/2017 19:00,0.446,40.85,0.3
2/9/2017 20:00,0.446,40.85,0
2/9/2017 21:00,0.446,40.85,0
2/9/2017 22:00,0.446,40.85,0
2/9/2017 23:00,0.446,40.87,0.2
2/10/2017 0:00,0.446,40.87,0
2/10/2017 1:00,0.446,40.87,0
2/10/2017 2:00,0.446,40.87,0
2/10/2017 3:00,0.446,40.87,0
2/10/2017 4:00,0.445,40.87,0
2/10/2017 5:00,0.445,40.87,0
2/10/2017 6:00,0.445,40.87,0
2/10/2017 7:00,0.445,40.87,0
2/10/2017 8:00,0.445,40.87,0
2/10/2017 9:00,0.444,40.87,0
2/10/2017 10:00,0.444,40.87,0
2/10/2017 11:00,0.444,40.87,0
2/10/2017 12:00,0.444,40.87,0
2/10/2017 13:00,0.444,40.97,1
2/10/2017 14:00,0.444,41.18,2.1
2/10/2017 15:00,0.444,41.38,2
2/10/2017 16:00,0.444,41.53,1.5
2/10/2017 17:00,0.444,41.71,1.8
2/10/2017 18:00,0.444,41.79,0.8
2/10/2017 19:00,0.444,41.81,0.2
2/10/2017 20:00,0.444,41.81,0
2/10/2017 21:00,0.444,41.81,0
2/10/2017 22:00,0.444,41.86,0.5
2/10/2017 23:00,0.444,41.86,0
2/11/2017 0:00,0.443,41.86,0
2/11/2017 1:00,0.443,41.86,0
2/11/2017 2:00,0.444,41.86,0
2/11/2017 3:00,0.443,41.86,0
2/11/2017 4:00,0.443,41.86,0
2/11/2017 5:00,0.443,41.86,0
2/11/2017 6:00,0.442,41.86,0
2/11/2017 7:00,0.442,41.86,0
2/11/2017 8:00,0.442,41.86,0
2/11/2017 9:00,0.441,41.86,0
2/11/2017 10:00,0.441,41.86,0
2/11/2017 11:00,0.441,41.86,0
2/11/2017 12:00,0.44,41.86,0
2/11/2017 13:00,0.44,41.86,0
2/11/2017 14:00,0.44,41.86,0
2/11/2017 15:00,0.44,41.86,0
2/11/2017 16:00,0.441,41.86,0
2/11/2017 17:00,0.441,41.86,0
2/11/2017 18:00,0.442,41.86,0
2/11/2017 19:00,0.443,41.86,0
2/11/2017 20:00,0.443,41.86,0
2/11/2017 21:00,0.443,41.86,0
2/11/2017 22:00,0.443,41.86,0
2/11/2017 23:00,0.443,41.86,0
2/12/2017 0:00,0.443,41.86,0
2/12/2017 1:00,0.443,41.86,0
2/12/2017 2:00,0.442,41.86,0
2/12/2017 3:00,0.442,41.86,0
2/12/2017 4:00,0.442,41.91,0.5
2/12/2017 5:00,0.441,41.91,0
2/12/2017 6:00,0.441,41.91,0
2/12/2017 7:00,0.44,41.91,0
2/12/2017 8:00,0.44,41.91,0
2/12/2017 9:00,0.439,41.91,0
2/12/2017 10:00,0.439,41.91,0
2/12/2017 11:00,0.439,41.91,0
2/12/2017 12:00,0.439,41.91,0
2/12/2017 13:00,0.439,41.91,0
2/12/2017 14:00,0.439,41.91,0
2/12/2017 15:00,0.439,41.91,0
2/12/2017 16:00,0.44,41.91,0
2/12/2017 17:00,0.441,41.91,0
2/12/2017 18:00,0.441,41.91,0
2/12/2017 19:00,0.442,41.91,0
2/12/2017 20:00,0.442,41.91,0
2/12/2017 21:00,0.443,41.91,0
2/12/2017 22:00,0.443,41.91,0
2/12/2017 23:00,0.443,41.91,0
2/13/2017 0:00,0.443,41.91,0
2/13/2017 1:00,0.442,41.91,0
2/13/2017 2:00,0.442,41.91,0
2/13/2017 3:00,0.442,41.91,0
2/13/2017 4:00,0.441,41.91,0
2/13/2017 5:00,0.441,41.91,0
2/13/2017 6:00,0.441,41.91,0
2/13/2017 7:00,0.441,41.91,0
2/13/2017 8:00,0.44,41.91,0
2/13/2017 9:00,0.441,41.91,0
2/13/2017 10:00,0.44,41.91,0
2/13/2017 11:00,0.44,41.91,0
2/13/2017 12:00,0.44,41.91,0
2/13/2017 13:00,0.44,41.91,0
2/13/2017 14:00,0.44,41.91,0
2/13/2017 15:00,0.441,41.91,0
2/13/2017 16:00,0.441,41.91,0
2/13/2017 17:00,0.442,41.91,0
2/13/2017 18:00,0.442,41.91,0
2/13/2017 19:00,0.443,41.91,0
2/13/2017 20:00,0.444,41.91,0
2/13/2017 21:00,0.444,41.91,0
2/13/2017 22:00,0.444,41.91,0
2/13/2017 23:00,0.444,41.91,0
2/14/2017 0:00,0.444,41.91,0
2/14/2017 1:00,0.444,41.91,0
2/14/2017 2:00,0.443,41.91,0
2/14/2017 3:00,0.443,41.91,0
2/14/2017 4:00,0.443,41.91,0
2/14/2017 5:00,0.443,41.91,0
2/14/2017 6:00,0.442,41.91,0
2/14/2017 7:00,0.442,41.91,0
2/14/2017 8:00,0.441,41.91,0
2/14/2017 9:00,0.441,41.91,0
2/14/2017 10:00,0.441,41.91,0
2/14/2017 11:00,0.441,41.91,0
2/14/2017 12:00,0.441,41.91,0
2/14/2017 13:00,0.441,41.91,0
2/14/2017 14:00,0.441,41.91,0
2/14/2017 15:00,0.441,41.91,0
2/14/2017 16:00,0.443,41.91,0
2/14/2017 17:00,0.443,41.91,0
2/14/2017 18:00,0.444,41.91,0
2/14/2017 19:00,0.444,41.91,0
2/14/2017 20:00,0.445,41.91,0
2/14/2017 21:00,0.445,41.91,0
2/14/2017 22:00,0.445,41.91,0
2/14/2017 23:00,0.445,41.91,0
2/15/2017 0:00,0.445,41.91,0
2/15/2017 1:00,0.445,41.91,0
2/15/2017 2:00,0.445,41.91,0
2/15/2017 3:00,0.445,41.91,0
2/15/2017 4:00,0.445,41.91,0
2/15/2017 5:00,0.445,41.91,0
2/15/2017 6:00,0.444,41.91,0
2/15/2017 7:00,0.445,41.91,0
2/15/2017 8:00,0.445,41.91,0
2/15/2017 9:00,0.445,41.91,0
2/15/2017 10:00,0.445,41.91,0
2/15/2017 11:00,0.444,41.91,0
2/15/2017 12:00,0.444,41.91,0
2/15/2017 13:00,0.444,41.91,0
2/15/2017 14:00,0.445,41.91,0
2/15/2017 15:00,0.445,41.91,0
2/15/2017 16:00,0.445,41.91,0
2/15/2017 17:00,0.445,41.91,0
2/15/2017 18:00,0.445,41.91,0
2/15/2017 19:00,0.445,41.91,0
2/15/2017 20:00,0.445,41.91,0
2/15/2017 21:00,0.445,41.91,0
2/15/2017 22:00,0.445,41.91,0
2/15/2017 23:00,0.446,42.07,1.6
2/16/2017 0:00,0.445,42.32,2.5
2/16/2017 1:00,0.445,42.93,6.1
2/16/2017 2:00,0.445,43.54,6.1
2/16/2017 3:00,0.445,44.3,7.6
2/16/2017 4:00,0.444,44.86,5.6
2/16/2017 5:00,0.444,45.04,1.8
2/16/2017 6:00,0.444,45.24,2
2/16/2017 7:00,0.444,45.65,4.1
2/16/2017 8:00,0.444,45.75,1
2/16/2017 9:00,0.445,45.83,0.8
2/16/2017 10:00,0.445,46.11,2.8
2/16/2017 11:00,0.444,46.11,0
2/16/2017 12:00,0.445,46.13,0.2
2/16/2017 13:00,0.444,46.13,0
2/16/2017 14:00,0.444,46.21,0.8
2/16/2017 15:00,0.444,46.26,0.5
2/16/2017 16:00,0.444,46.31,0.5
2/16/2017 17:00,0.445,46.31,0
2/16/2017 18:00,0.445,46.31,0
2/16/2017 19:00,0.445,46.31,0
2/16/2017 20:00,0.445,46.31,0
2/16/2017 21:00,0.445,46.31,0
2/16/2017 22:00,0.445,46.31,0
2/16/2017 23:00,0.445,46.31,0
2/17/2017 0:00,0.445,46.31,0
2/17/2017 1:00,0.444,46.31,0
2/17/2017 2:00,0.444,46.31,0
2/17/2017 3:00,0.444,46.31,0
2/17/2017 4:00,0.443,46.31,0
2/17/2017 5:00,0.443,46.31,0
2/17/2017 6:00,0.443,46.31,0
2/17/2017 7:00,0.442,46.31,0
2/17/2017 8:00,0.442,46.31,0
2/17/2017 9:00,0.442,46.31,0
2/17/2017 10:00,0.442,46.36,0.5
2/17/2017 11:00,0.441,46.46,1
2/17/2017 12:00,0.441,46.89,4.3
2/17/2017 13:00,0.441,47.3,4.1
2/17/2017 14:00,0.441,47.65,3.5
2/17/2017 15:00,0.441,47.71,0.6
2/17/2017 16:00,0.441,47.83,1.2
2/17/2017 17:00,0.441,47.86,0.3
2/17/2017 18:00,0.441,47.86,0
2/17/2017 19:00,0.441,48.01,1.5
2/17/2017 20:00,0.441,48.09,0.8
2/17/2017 21:00,0.441,48.09,0
2/17/2017 22:00,0.441,48.34,2.5
2/17/2017 23:00,0.441,48.57,2.3
2/18/2017 0:00,0.441,48.75,1.8
2/18/2017 1:00,0.441,48.92,1.7
2/18/2017 2:00,0.441,49.03,1.1
2/18/2017 3:00,0.441,49.08,0.5
2/18/2017 4:00,0.441,49.15,0.7
2/18/2017 5:00,0.441,49.18,0.3
2/18/2017 6:00,0.441,49.2,0.2
2/18/2017 7:00,0.441,49.23,0.3
2/18/2017 8:00,0.441,49.33,1
2/18/2017 9:00,0.441,49.36,0.3
2/18/2017 10:00,0.441,49.36,0
2/18/2017 11:00,0.441,49.36,0
2/18/2017 12:00,0.441,49.36,0
2/18/2017 13:00,0.441,49.36,0
2/18/2017 14:00,0.441,49.36,0
2/18/2017 15:00,0.441,49.36,0
2/18/2017 16:00,0.442,49.36,0
2/18/2017 17:00,0.442,49.36,0
2/18/2017 18:00,0.443,49.36,0
2/18/2017 19:00,0.443,49.36,0
2/18/2017 20:00,0.443,49.36,0
2/18/2017 21:00,0.443,49.36,0
2/18/2017 22:00,0.443,49.36,0
2/18/2017 23:00,0.443,49.36,0
2/19/2017 0:00,0.443,49.36,0
2/19/2017 1:00,0.443,49.36,0
2/19/2017 2:00,0.442,49.36,0
2/19/2017 3:00,0.442,49.38,0.2
2/19/2017 4:00,0.442,49.38,0
2/19/2017 5:00,0.441,49.38,0
2/19/2017 6:00,0.441,49.38,0
2/19/2017 7:00,0.441,49.38,0
2/19/2017 8:00,0.441,49.38,0
2/19/2017 9:00,0.441,49.41,0.3
2/19/2017 10:00,0.441,49.43,0.2
2/19/2017 11:00,0.441,49.43,0
2/19/2017 12:00,0.441,49.48,0.5
2/19/2017 13:00,0.441,49.48,0
2/19/2017 14:00,0.442,49.48,0
2/19/2017 15:00,0.442,49.48,0
2/19/2017 16:00,0.443,49.48,0
2/19/2017 17:00,0.443,49.48,0
2/19/2017 18:00,0.443,49.48,0
2/19/2017 19:00,0.444,49.48,0
2/19/2017 20:00,0.444,49.48,0
2/19/2017 21:00,0.444,49.48,0
2/19/2017 22:00,0.444,49.48,0
2/19/2017 23:00,0.444,49.48,0
2/20/2017 0:00,0.444,49.48,0
2/20/2017 1:00,0.443,49.48,0
2/20/2017 2:00,0.443,49.48,0
2/20/2017 3:00,0.443,49.59,1.1
2/20/2017 4:00,0.443,49.74,1.5
2/20/2017 5:00,0.443,49.92,1.8
2/20/2017 6:00,0.443,49.97,0.5
2/20/2017 7:00,0.443,50.02,0.5
2/20/2017 8:00,0.443,50.12,1
2/20/2017 9:00,0.443,50.17,0.5
2/20/2017 10:00,0.443,50.17,0
2/20/2017 11:00,0.443,50.35,1.8
2/20/2017 12:00,0.444,50.4,0.5
2/20/2017 13:00,0.443,50.55,1.5
2/20/2017 14:00,0.443,50.65,1
2/20/2017 15:00,0.443,50.73,0.8
2/20/2017 16:00,0.443,50.86,1.3
2/20/2017 17:00,0.443,51.16,3
2/20/2017 18:00,0.444,51.41,2.5
2/20/2017 19:00,0.444,51.69,2.8
2/20/2017 20:00,0.444,52.07,3.8
2/20/2017 21:00,0.444,52.15,0.8
2/20/2017 22:00,0.444,52.23,0.8
2/20/2017 23:00,0.444,52.3,0.7
2/21/2017 0:00,0.444,52.61,3.1
2/21/2017 1:00,0.444,52.89,2.8
2/21/2017 2:00,0.444,53.01,1.2
2/21/2017 3:00,0.444,53.04,0.3
2/21/2017 4:00,0.444,53.27,2.3
2/21/2017 5:00,0.443,53.34,0.7
2/21/2017 6:00,0.443,53.4,0.6
2/21/2017 7:00,0.443,53.45,0.5
2/21/2017 8:00,0.443,53.65,2
2/21/2017 9:00,0.443,54.13,4.8
2/21/2017 10:00,0.443,54.44,3.1
2/21/2017 11:00,0.443,54.46,0.2
2/21/2017 12:00,0.443,54.46,0
2/21/2017 13:00,0.443,54.46,0
2/21/2017 14:00,0.443,54.46,0
2/21/2017 15:00,0.443,54.46,0
2/21/2017 16:00,0.444,54.46,0
2/21/2017 17:00,0.444,54.46,0
2/21/2017 18:00,0.444,54.46,0
2/21/2017 19:00,0.445,54.46,0
2/21/2017 20:00,0.445,54.46,0
2/21/2017 21:00,0.445,54.46,0
2/21/2017 22:00,0.445,54.46,0
2/21/2017 23:00,0.445,54.46,0
2/22/2017 0:00,0.444,54.49,0.3
2/22/2017 1:00,0.444,54.49,0
2/22/2017 2:00,0.443,54.51,0.2
2/22/2017 3:00,0.444,54.54,0.3
2/22/2017 4:00,0.443,54.54,0
2/22/2017 5:00,0.443,54.54,0
2/22/2017 6:00,0.443,54.54,0
2/22/2017 7:00,0.442,54.54,0
2/22/2017 8:00,0.442,54.54,0
2/22/2017 9:00,0.442,54.54,0
2/22/2017 10:00,0.441,54.54,0
2/22/2017 11:00,0.441,54.54,0
2/22/2017 12:00,0.441,54.56,0.2
2/22/2017 13:00,0.441,54.61,0.5
2/22/2017 14:00,0.441,54.79,1.8
2/22/2017 15:00,0.441,55.02,2.3
2/22/2017 16:00,0.441,55.05,0.3
2/22/2017 17:00,0.441,55.1,0.5
2/22/2017 18:00,0.441,55.15,0.5
2/22/2017 19:00,0.441,55.15,0
2/22/2017 20:00,0.441,55.17,0.2
2/22/2017 21:00,0.441,55.17,0
2/22/2017 22:00,0.441,55.2,0.3
2/22/2017 23:00,0.441,55.2,0
2/23/2017 0:00,0.44,55.2,0
2/23/2017 1:00,0.44,55.2,0
2/23/2017 2:00,0.439,55.2,0
2/23/2017 3:00,0.439,55.2,0
2/23/2017 4:00,0.439,55.2,0
2/23/2017 5:00,0.439,55.2,0
2/23/2017 6:00,0.439,55.2,0
2/23/2017 7:00,0.438,55.2,0
2/23/2017 8:00,0.438,55.2,0
2/23/2017 9:00,0.438,55.2,0
2/23/2017 10:00,0.437,55.2,0
2/23/2017 11:00,0.438,55.22,0.2
2/23/2017 12:00,0.437,55.22,0
2/23/2017 13:00,0.437,55.22,0
2/23/2017 14:00,0.438,55.22,0
2/23/2017 15:00,0.439,55.22,0
2/23/2017 16:00,0.439,55.22,0
2/23/2017 17:00,0.44,55.22,0
2/23/2017 18:00,0.44,55.22,0
2/23/2017 19:00,0.441,55.22,0
2/23/2017 20:00,0.441,55.22,0
2/23/2017 21:00,0.441,55.22,0
2/23/2017 22:00,0.441,55.22,0
2/23/2017 23:00,0.441,55.22,0
2/24/2017 0:00,0.441,55.22,0
2/24/2017 1:00,0.44,55.22,0
2/24/2017 2:00,0.44,55.22,0
2/24/2017 3:00,0.44,55.22,0
2/24/2017 4:00,0.439,55.22,0
2/24/2017 5:00,0.439,55.22,0
2/24/2017 6:00,0.439,55.22,0
2/24/2017 7:00,0.438,55.22,0
2/24/2017 8:00,0.438,55.22,0
2/24/2017 9:00,0.438,55.22,0
2/24/2017 10:00,0.438,55.22,0
2/24/2017 11:00,0.437,55.22,0
2/24/2017 12:00,0.437,55.25,0.3
2/24/2017 13:00,0.437,55.25,0
2/24/2017 14:00,0.437,55.25,0
2/24/2017 15:00,0.437,55.25,0
2/24/2017 16:00,0.438,55.25,0
2/24/2017 17:00,0.439,55.25,0
2/24/2017 18:00,0.439,55.25,0
2/24/2017 19:00,0.439,55.25,0
2/24/2017 20:00,0.44,55.25,0
2/24/2017 21:00,0.44,55.25,0
2/24/2017 22:00,0.44,55.25,0
2/24/2017 23:00,0.44,55.27,0.2
2/25/2017 0:00,0.439,55.27,0
2/25/2017 1:00,0.439,55.3,0.3
2/25/2017 2:00,0.439,55.4,1
2/25/2017 3:00,0.439,55.43,0.3
2/25/2017 4:00,0.439,55.43,0
2/25/2017 5:00,0.439,55.43,0
2/25/2017 6:00,0.439,55.43,0
2/25/2017 7:00,0.438,55.43,0
2/25/2017 8:00,0.438,55.43,0
2/25/2017 9:00,0.438,55.43,0
2/25/2017 10:00,0.437,55.43,0
2/25/2017 11:00,0.438,55.43,0
2/25/2017 12:00,0.437,55.43,0
2/25/2017 13:00,0.438,55.43,0
2/25/2017 14:00,0.438,55.43,0
2/25/2017 15:00,0.438,55.43,0
2/25/2017 16:00,0.439,55.43,0
2/25/2017 17:00,0.439,55.43,0
2/25/2017 18:00,0.44,55.43,0
2/25/2017 19:00,0.441,55.45,0.2
2/25/2017 20:00,0.441,55.45,0
2/25/2017 21:00,0.441,55.45,0
2/25/2017 22:00,0.442,55.45,0
2/25/2017 23:00,0.441,55.45,0
2/26/2017 0:00,0.441,55.45,0
2/26/2017 1:00,0.441,55.45,0
2/26/2017 2:00,0.44,55.45,0
2/26/2017 3:00,0.439,55.45,0
2/26/2017 4:00,0.439,55.45,0
2/26/2017 5:00,0.439,55.45,0
2/26/2017 6:00,0.438,55.45,0
2/26/2017 7:00,0.438,55.45,0
2/26/2017 8:00,0.438,55.45,0
2/26/2017 9:00,0.438,55.45,0
2/26/2017 10:00,0.437,55.45,0
2/26/2017 11:00,0.438,55.45,0
2/26/2017 12:00,0.438,55.45,0
2/26/2017 13:00,0.437,55.45,0
2/26/2017 14:00,0.437,55.45,0
2/26/2017 15:00,0.438,55.63,1.8
2/26/2017 16:00,0.438,55.66,0.3
2/26/2017 17:00,0.438,55.68,0.2
2/26/2017 18:00,0.439,55.83,1.5
2/26/2017 19:00,0.439,55.91,0.8
2/26/2017 20:00,0.439,56.11,2
2/26/2017 21:00,0.439,56.11,0
2/26/2017 22:00,0.439,56.11,0
2/26/2017 23:00,0.439,56.11,0
2/27/2017 0:00,0.438,56.11,0
2/27/2017 1:00,0.438,56.11,0
2/27/2017 2:00,0.438,56.11,0
2/27/2017 3:00,0.438,56.11,0
2/27/2017 4:00,0.437,56.11,0
2/27/2017 5:00,0.437,56.11,0
2/27/2017 6:00,0.437,56.11,0
2/27/2017 7:00,0.437,56.11,0
2/27/2017 8:00,0.437,56.11,0
2/27/2017 9:00,0.437,56.11,0
2/27/2017 10:00,0.437,56.11,0
2/27/2017 11:00,0.437,56.19,0.8
2/27/2017 12:00,0.437,56.19,0
2/27/2017 13:00,0.437,56.19,0
2/27/2017 14:00,0.437,56.19,0
2/27/2017 15:00,0.437,56.19,0
2/27/2017 16:00,0.438,56.19,0
2/27/2017 17:00,0.439,56.19,0
2/27/2017 18:00,0.439,56.19,0
2/27/2017 19:00,0.439,56.21,0.2
2/27/2017 20:00,0.44,56.21,0
2/27/2017 21:00,0.44,56.24,0.3
2/27/2017 22:00,0.441,56.24,0
2/27/2017 23:00,0.44,56.24,0
2/28/2017 0:00,0.44,56.24,0
2/28/2017 1:00,0.439,56.24,0
2/28/2017 2:00,0.439,56.24,0
2/28/2017 3:00,0.439,56.24,0
2/28/2017 4:00,0.439,56.24,0
2/28/2017 5:00,0.439,56.24,0
2/28/2017 6:00,0.438,56.24,0
2/28/2017 7:00,0.438,56.27,0.3
2/28/2017 8:00,0.438,56.27,0
2/28/2017 9:00,0.438,56.27,0
2/28/2017 10:00,0.438,56.27,0
2/28/2017 11:00,0.438,56.27,0
2/28/2017 12:00,0.438,56.27,0
2/28/2017 13:00,0.438,56.27,0
2/28/2017 14:00,0.439,56.27,0
2/28/2017 15:00,0.438,56.27,0
2/28/2017 16:00,0.439,56.27,0
2/28/2017 17:00,0.44,56.29,0.2
2/28/2017 18:00,0.441,56.29,0
2/28/2017 19:00,0.442,56.29,0
2/28/2017 20:00,0.442,56.29,0
2/28/2017 21:00,0.442,56.29,0
2/28/2017 22:00,0.443,56.29,0
2/28/2017 23:00,0.443,56.29,0
3/1/2017 0:00,0.442,56.29,0
3/1/2017 1:00,0.441,56.29,0
3/1/2017 2:00,0.441,56.29,0
3/1/2017 3:00,0.441,56.29,0
3/1/2017 4:00,0.44,56.29,0
3/1/2017 5:00,0.439,56.29,0
3/1/2017 6:00,0.439,56.29,0
3/1/2017 7:00,0.439,56.29,0
3/1/2017 8:00,0.438,56.29,0
3/1/2017 9:00,0.438,56.29,0
3/1/2017 10:00,0.437,56.29,0
3/1/2017 11:00,0.438,56.29,0
3/1/2017 12:00,0.438,56.29,0
3/1/2017 13:00,0.438,56.29,0
3/1/2017 14:00,0.438,56.29,0
3/1/2017 15:00,0.438,56.29,0
3/1/2017 16:00,0.439,56.32,0.3
3/1/2017 17:00,0.44,56.32,0
3/1/2017 18:00,0.441,56.32,0
3/1/2017 19:00,0.442,56.32,0
3/1/2017 20:00,0.442,56.32,0
3/1/2017 21:00,0.443,56.32,0
3/1/2017 22:00,0.443,56.32,0
3/1/2017 23:00,0.443,56.32,0
3/2/2017 0:00,0.442,56.32,0
3/2/2017 1:00,0.443,56.32,0
3/2/2017 2:00,0.442,56.32,0
3/2/2017 3:00,0.442,56.32,0
3/2/2017 4:00,0.441,56.32,0
3/2/2017 5:00,0.441,56.32,0
3/2/2017 6:00,0.441,56.32,0
3/2/2017 7:00,0.441,56.32,0
3/2/2017 8:00,0.441,56.32,0
3/2/2017 9:00,0.441,56.32,0
3/2/2017 10:00,0.44,56.32,0
3/2/2017 11:00,0.44,56.32,0
3/2/2017 12:00,0.441,56.32,0
3/2/2017 13:00,0.44,56.32,0
3/2/2017 14:00,0.441,56.32,0
3/2/2017 15:00,0.441,56.32,0
3/2/2017 16:00,0.441,56.32,0
3/2/2017 17:00,0.443,56.32,0
3/2/2017 18:00,0.443,56.32,0
3/2/2017 19:00,0.444,56.32,0
3/2/2017 20:00,0.445,56.32,0
3/2/2017 21:00,0.445,56.32,0
3/2/2017 22:00,0.445,56.32,0
3/2/2017 23:00,0.445,56.32,0
3/3/2017 0:00,0.445,56.32,0
3/3/2017 1:00,0.444,56.32,0
3/3/2017 2:00,0.444,56.32,0
3/3/2017 3:00,0.444,56.32,0
3/3/2017 4:00,0.443,56.32,0
3/3/2017 5:00,0.443,56.32,0
3/3/2017 6:00,0.443,56.32,0
3/3/2017 7:00,0.443,56.32,0
3/3/2017 8:00,0.443,56.32,0
3/3/2017 9:00,0.442,56.32,0
3/3/2017 10:00,0.442,56.32,0
3/3/2017 11:00,0.442,56.32,0
3/3/2017 12:00,0.442,56.32,0
3/3/2017 13:00,0.442,56.32,0
3/3/2017 14:00,0.442,56.32,0
3/3/2017 15:00,0.442,56.32,0
3/3/2017 16:00,0.443,56.32,0
3/3/2017 17:00,0.443,56.32,0
3/3/2017 18:00,0.443,56.32,0
3/3/2017 19:00,0.444,56.32,0
3/3/2017 20:00,0.445,56.32,0
3/3/2017 21:00,0.445,56.32,0
3/3/2017 22:00,0.444,56.32,0
3/3/2017 23:00,0.444,56.32,0
3/4/2017 0:00,0.444,56.32,0
3/4/2017 1:00,0.444,56.32,0
3/4/2017 2:00,0.443,56.32,0
3/4/2017 3:00,0.443,56.32,0
3/4/2017 4:00,0.443,56.32,0
3/4/2017 5:00,0.443,56.32,0
3/4/2017 6:00,0.443,56.47,1.5
3/4/2017 7:00,0.443,56.49,0.2
3/4/2017 8:00,0.443,56.6,1.1
3/4/2017 9:00,0.443,57.03,4.3
3/4/2017 10:00,0.443,57.56,5.3
3/4/2017 11:00,0.442,57.66,1
3/4/2017 12:00,0.443,57.66,0
3/4/2017 13:00,0.442,57.66,0
3/4/2017 14:00,0.442,57.66,0
3/4/2017 15:00,0.443,57.66,0
3/4/2017 16:00,0.443,57.69,0.3
3/4/2017 17:00,0.443,57.89,2
3/4/2017 18:00,0.443,57.89,0
3/4/2017 19:00,0.444,58.02,1.3
3/4/2017 20:00,0.443,58.48,4.6
3/4/2017 21:00,0.443,58.91,4.3
3/4/2017 22:00,0.444,59.11,2
3/4/2017 23:00,0.443,59.57,4.6
3/5/2017 0:00,0.443,59.8,2.3
3/5/2017 1:00,0.443,59.95,1.5
3/5/2017 2:00,0.443,60.05,1
3/5/2017 3:00,0.442,60.15,1
3/5/2017 4:00,0.442,60.18,0.3
3/5/2017 5:00,0.441,60.2,0.2
3/5/2017 6:00,0.441,60.2,0
3/5/2017 7:00,0.441,60.2,0
3/5/2017 8:00,0.44,60.2,0
3/5/2017 9:00,0.44,60.2,0
3/5/2017 10:00,0.44,60.2,0
3/5/2017 11:00,0.439,60.23,0.3
3/5/2017 12:00,0.439,60.35,1.2
3/5/2017 13:00,0.439,60.94,5.9
3/5/2017 14:00,0.439,61.19,2.5
3/5/2017 15:00,0.439,61.42,2.3
3/5/2017 16:00,0.439,61.57,1.5
3/5/2017 17:00,0.439,61.57,0
3/5/2017 18:00,0.439,61.57,0
3/5/2017 19:00,0.439,61.57,0
3/5/2017 20:00,0.439,61.57,0
3/5/2017 21:00,0.438,61.57,0
3/5/2017 22:00,0.438,61.57,0
3/5/2017 23:00,0.438,61.57,0
3/6/2017 0:00,0.438,61.57,0
3/6/2017 1:00,0.438,61.57,0
3/6/2017 2:00,0.437,61.57,0
3/6/2017 3:00,0.437,61.57,0
3/6/2017 4:00,0.437,61.57,0
3/6/2017 5:00,0.437,61.57,0
3/6/2017 6:00,0.437,61.57,0
3/6/2017 7:00,0.437,61.57,0
3/6/2017 8:00,0.437,61.57,0
3/6/2017 9:00,0.437,61.57,0
3/6/2017 10:00,0.436,61.62,0.5
3/6/2017 11:00,0.436,61.78,1.6
3/6/2017 12:00,0.436,62.51,7.3
3/6/2017 13:00,0.436,62.84,3.3
3/6/2017 14:00,0.436,62.97,1.3
3/6/2017 15:00,0.436,63.02,0.5
3/6/2017 16:00,0.436,63.1,0.8
3/6/2017 17:00,0.437,63.15,0.5
3/6/2017 18:00,0.437,63.28,1.3
3/6/2017 19:00,0.438,63.63,3.5
3/6/2017 20:00,0.438,63.76,1.3
3/6/2017 21:00,0.438,63.78,0.2
3/6/2017 22:00,0.438,63.81,0.3
3/6/2017 23:00,0.438,63.86,0.5
3/7/2017 0:00,0.438,63.86,0
3/7/2017 1:00,0.438,63.86,0
3/7/2017 2:00,0.438,63.86,0
3/7/2017 3:00,0.438,63.86,0
3/7/2017 4:00,0.438,63.86,0
3/7/2017 5:00,0.438,63.86,0
3/7/2017 6:00,0.438,63.86,0
3/7/2017 7:00,0.438,63.86,0
3/7/2017 8:00,0.438,63.91,0.5
3/7/2017 9:00,0.438,64.24,3.3
3/7/2017 10:00,0.437,64.34,1
3/7/2017 11:00,0.437,64.42,0.8
3/7/2017 12:00,0.437,64.55,1.3
3/7/2017 13:00,0.438,64.55,0
3/7/2017 14:00,0.438,64.55,0
3/7/2017 15:00,0.439,64.55,0
3/7/2017 16:00,0.439,64.55,0
3/7/2017 17:00,0.439,64.55,0
3/7/2017 18:00,0.439,64.55,0
3/7/2017 19:00,0.44,64.55,0
3/7/2017 20:00,0.44,64.55,0
3/7/2017 21:00,0.44,64.55,0
3/7/2017 22:00,0.44,64.55,0
3/7/2017 23:00,0.44,64.55,0
3/8/2017 0:00,0.44,64.55,0
3/8/2017 1:00,0.44,64.55,0
3/8/2017 2:00,0.44,64.55,0
3/8/2017 3:00,0.44,64.55,0
3/8/2017 4:00,0.44,64.55,0
3/8/2017 5:00,0.44,64.55,0
3/8/2017 6:00,0.44,64.6,0.5
3/8/2017 7:00,0.44,64.6,0
3/8/2017 8:00,0.44,64.6,0
3/8/2017 9:00,0.44,64.62,0.2
3/8/2017 10:00,0.44,64.62,0
3/8/2017 11:00,0.44,64.62,0
3/8/2017 12:00,0.441,64.62,0
3/8/2017 13:00,0.441,64.62,0
3/8/2017 14:00,0.441,64.62,0
3/8/2017 15:00,0.442,64.62,0
3/8/2017 16:00,0.443,64.62,0
3/8/2017 17:00,0.443,64.62,0
3/8/2017 18:00,0.444,64.62,0
3/8/2017 19:00,0.444,64.62,0
3/8/2017 20:00,0.445,64.62,0
3/8/2017 21:00,0.446,64.62,0
3/8/2017 22:00,0.446,64.62,0
3/8/2017 23:00,0.446,64.62,0
3/9/2017 0:00,0.446,64.75,1.3
3/9/2017 1:00,0.445,64.75,0
3/9/2017 2:00,0.446,64.77,0.2
3/9/2017 3:00,0.445,64.8,0.3
3/9/2017 4:00,0.445,64.8,0
3/9/2017 5:00,0.445,64.8,0
3/9/2017 6:00,0.445,64.8,0
3/9/2017 7:00,0.445,64.82,0.2
3/9/2017 8:00,0.445,64.82,0
3/9/2017 9:00,0.445,64.82,0
3/9/2017 10:00,0.445,64.82,0
3/9/2017 11:00,0.445,64.82,0
3/9/2017 12:00,0.446,64.82,0
3/9/2017 13:00,0.445,64.82,0
3/9/2017 14:00,0.446,64.82,0
3/9/2017 15:00,0.447,64.82,0
3/9/2017 16:00,0.447,64.82,0
3/9/2017 17:00,0.448,64.82,0
3/9/2017 18:00,0.449,64.85,0.3
3/9/2017 19:00,0.449,64.85,0
3/9/2017 20:00,0.449,64.85,0
3/9/2017 21:00,0.449,64.85,0
3/9/2017 22:00,0.45,64.85,0
3/9/2017 23:00,0.449,64.85,0
3/10/2017 0:00,0.449,64.85,0
3/10/2017 1:00,0.449,64.85,0
3/10/2017 2:00,0.449,64.85,0
3/10/2017 3:00,0.448,64.85,0
3/10/2017 4:00,0.448,64.85,0
3/10/2017 5:00,0.448,64.85,0
3/10/2017 6:00,0.447,64.85,0
3/10/2017 7:00,0.447,64.85,0
3/10/2017 8:00,0.447,64.85,0
3/10/2017 9:00,0.447,64.85,0
3/10/2017 10:00,0.447,64.85,0
3/10/2017 11:00,0.447,64.85,0
3/10/2017 12:00,0.447,64.85,0
3/10/2017 13:00,0.447,64.85,0
3/10/2017 14:00,0.448,64.85,0
3/10/2017 15:00,0.449,64.85,0
3/10/2017 16:00,0.449,64.85,0
3/10/2017 17:00,0.45,64.85,0
3/10/2017 18:00,0.451,64.85,0
3/10/2017 19:00,0.452,64.85,0
3/10/2017 20:00,0.452,64.85,0
3/10/2017 21:00,0.453,64.85,0
3/10/2017 22:00,0.453,64.85,0
3/10/2017 23:00,0.453,64.85,0
3/11/2017 0:00,0.452,64.85,0
3/11/2017 1:00,0.451,64.85,0
3/11/2017 2:00,0.451,64.85,0
3/11/2017 3:00,0.451,64.85,0
3/11/2017 4:00,0.45,64.85,0
3/11/2017 5:00,0.45,64.85,0
3/11/2017 6:00,0.449,64.85,0
3/11/2017 7:00,0.449,64.85,0
3/11/2017 8:00,0.449,64.85,0
3/11/2017 9:00,0.448,64.85,0
3/11/2017 10:00,0.448,64.85,0
3/11/2017 11:00,0.447,64.85,0
3/11/2017 12:00,0.448,64.85,0
3/11/2017 13:00,0.447,64.85,0
3/11/2017 14:00,0.448,64.85,0
3/11/2017 15:00,0.449,64.85,0
3/11/2017 16:00,0.449,64.85,0
3/11/2017 17:00,0.45,64.85,0
3/11/2017 18:00,0.45,64.85,0
3/11/2017 19:00,0.451,64.85,0
3/11/2017 20:00,0.451,64.85,0
3/11/2017 21:00,0.452,64.85,0
3/11/2017 22:00,0.452,64.85,0
3/11/2017 23:00,0.451,64.85,0
3/12/2017 0:00,0.451,64.85,0
3/12/2017 1:00,0.451,64.85,0
3/12/2017 2:00,0.45,64.85,0
3/12/2017 3:00,0.451,64.85,0
3/12/2017 4:00,0.45,64.85,0
3/12/2017 5:00,0.449,64.85,0
3/12/2017 6:00,0.449,64.85,0
3/12/2017 7:00,0.449,64.85,0
3/12/2017 8:00,0.447,64.85,0
3/12/2017 9:00,0.447,64.85,0
3/12/2017 10:00,0.447,64.85,0
3/12/2017 11:00,0.447,64.85,0
3/12/2017 12:00,0.447,64.85,0
3/12/2017 13:00,0.446,64.85,0
3/12/2017 14:00,0.447,64.85,0
3/12/2017 15:00,0.446,64.85,0
3/12/2017 16:00,0.447,64.85,0
3/12/2017 17:00,0.448,64.85,0
3/12/2017 18:00,0.449,64.85,0
3/12/2017 19:00,0.449,64.85,0
3/12/2017 20:00,0.45,64.85,0
3/12/2017 21:00,0.451,64.85,0
3/12/2017 22:00,0.451,64.85,0
3/12/2017 23:00,0.45,64.85,0
3/13/2017 0:00,0.449,64.85,0
3/13/2017 1:00,0.449,64.85,0
3/13/2017 2:00,0.449,64.85,0
3/13/2017 3:00,0.449,64.85,0
3/13/2017 4:00,0.448,64.85,0
3/13/2017 5:00,0.447,64.85,0
3/13/2017 6:00,0.447,64.85,0
3/13/2017 7:00,0.447,64.85,0
3/13/2017 8:00,0.446,64.85,0
3/13/2017 9:00,0.445,64.85,0
3/13/2017 10:00,0.445,64.85,0
3/13/2017 11:00,0.446,64.85,0
3/13/2017 12:00,0.445,64.85,0
3/13/2017 13:00,0.445,64.85,0
3/13/2017 14:00,0.445,64.85,0
3/13/2017 15:00,0.446,64.85,0
3/13/2017 16:00,0.447,64.85,0
3/13/2017 17:00,0.448,64.85,0
3/13/2017 18:00,0.449,64.85,0
3/13/2017 19:00,0.45,64.85,0
3/13/2017 20:00,0.451,64.85,0
3/13/2017 21:00,0.451,64.85,0
3/13/2017 22:00,0.451,64.85,0
3/13/2017 23:00,0.452,64.85,0
3/14/2017 0:00,0.452,64.85,0
3/14/2017 1:00,0.451,64.85,0
3/14/2017 2:00,0.451,64.85,0
3/14/2017 3:00,0.451,64.85,0
3/14/2017 4:00,0.45,64.85,0
3/14/2017 5:00,0.449,64.85,0
3/14/2017 6:00,0.449,64.85,0
3/14/2017 7:00,0.449,64.85,0
3/14/2017 8:00,0.449,64.85,0
3/14/2017 9:00,0.448,64.85,0
3/14/2017 10:00,0.448,64.85,0
3/14/2017 11:00,0.449,64.85,0
3/14/2017 12:00,0.448,64.85,0
3/14/2017 13:00,0.448,64.85,0
3/14/2017 14:00,0.449,64.85,0
3/14/2017 15:00,0.449,64.85,0
3/14/2017 16:00,0.451,64.85,0
3/14/2017 17:00,0.451,64.85,0
3/14/2017 18:00,0.453,64.85,0
3/14/2017 19:00,0.453,64.85,0
3/14/2017 20:00,0.454,64.85,0
3/14/2017 21:00,0.454,64.85,0
3/14/2017 22:00,0.454,64.85,0
3/14/2017 23:00,0.453,64.85,0
3/15/2017 0:00,0.453,64.85,0
3/15/2017 1:00,0.453,64.85,0
3/15/2017 2:00,0.453,64.85,0
3/15/2017 3:00,0.452,64.85,0
3/15/2017 4:00,0.452,64.85,0
3/15/2017 5:00,0.451,64.85,0
3/15/2017 6:00,0.451,64.85,0
3/15/2017 7:00,0.451,64.85,0
3/15/2017 8:00,0.451,64.85,0
3/15/2017 9:00,0.451,64.85,0
3/15/2017 10:00,0.451,64.85,0
3/15/2017 11:00,0.45,64.85,0
3/15/2017 12:00,0.45,64.85,0
3/15/2017 13:00,0.451,65.03,1.8
3/15/2017 14:00,0.451,65.1,0.7
3/15/2017 15:00,0.451,65.21,1.1
3/15/2017 16:00,0.451,65.23,0.2
3/15/2017 17:00,0.451,65.26,0.3
3/15/2017 18:00,0.451,65.26,0
3/15/2017 19:00,0.451,65.28,0.2
3/15/2017 20:00,0.451,65.33,0.5
3/15/2017 21:00,0.451,65.33,0
3/15/2017 22:00,0.451,65.33,0
3/15/2017 23:00,0.45,65.33,0
3/16/2017 0:00,0.45,65.33,0
3/16/2017 1:00,0.45,65.33,0
3/16/2017 2:00,0.45,65.33,0
3/16/2017 3:00,0.45,65.33,0
3/16/2017 4:00,0.45,65.33,0
3/16/2017 5:00,0.449,65.41,0.8
3/16/2017 6:00,0.449,65.41,0
3/16/2017 7:00,0.449,65.43,0.2
3/16/2017 8:00,0.449,65.46,0.3
3/16/2017 9:00,0.449,65.46,0
3/16/2017 10:00,0.449,65.46,0
3/16/2017 11:00,0.449,65.46,0
3/16/2017 12:00,0.45,65.46,0
3/16/2017 13:00,0.45,65.46,0
3/16/2017 14:00,0.45,65.46,0
3/16/2017 15:00,0.451,65.46,0
3/16/2017 16:00,0.451,65.46,0
3/16/2017 17:00,0.452,65.46,0
3/16/2017 18:00,0.453,65.46,0
3/16/2017 19:00,0.453,65.46,0
3/16/2017 20:00,0.453,65.46,0
3/16/2017 21:00,0.453,65.46,0
3/16/2017 22:00,0.454,65.46,0
3/16/2017 23:00,0.454,65.46,0
3/17/2017 0:00,0.453,65.46,0
3/17/2017 1:00,0.452,65.46,0
3/17/2017 2:00,0.452,65.46,0
3/17/2017 3:00,0.451,65.46,0
3/17/2017 4:00,0.451,65.46,0
3/17/2017 5:00,0.45,65.46,0
3/17/2017 6:00,0.449,65.46,0
3/17/2017 7:00,0.449,65.46,0
3/17/2017 8:00,0.449,65.46,0
3/17/2017 9:00,0.448,65.46,0
3/17/2017 10:00,0.448,65.46,0
3/17/2017 11:00,0.447,65.46,0
3/17/2017 12:00,0.448,65.46,0
3/17/2017 13:00,0.448,65.46,0
3/17/2017 14:00,0.448,65.46,0
3/17/2017 15:00,0.448,65.49,0.3
3/17/2017 16:00,0.449,65.49,0
3/17/2017 17:00,0.449,65.49,0
3/17/2017 18:00,0.45,65.49,0
3/17/2017 19:00,0.451,65.49,0
3/17/2017 20:00,0.451,65.49,0
3/17/2017 21:00,0.451,65.49,0
3/17/2017 22:00,0.451,65.49,0
3/17/2017 23:00,0.452,65.49,0
3/18/2017 0:00,0.452,65.49,0
3/18/2017 1:00,0.451,65.49,0
3/18/2017 2:00,0.452,65.49,0
3/18/2017 3:00,0.451,65.49,0
3/18/2017 4:00,0.451,65.49,0
3/18/2017 5:00,0.451,65.51,0.2
3/18/2017 6:00,0.451,65.79,2.8
3/18/2017 7:00,0.451,65.97,1.8
3/18/2017 8:00,0.451,65.97,0
3/18/2017 9:00,0.45,65.97,0
3/18/2017 10:00,0.45,65.97,0
3/18/2017 11:00,0.45,65.97,0
3/18/2017 12:00,0.45,65.97,0
3/18/2017 13:00,0.45,65.97,0
3/18/2017 14:00,0.45,65.97,0
3/18/2017 15:00,0.451,66.3,3.3
3/18/2017 16:00,0.451,66.32,0.2
3/18/2017 17:00,0.452,66.35,0.3
3/18/2017 18:00,0.452,66.35,0
3/18/2017 19:00,0.453,66.4,0.5
3/18/2017 20:00,0.453,66.43,0.3
3/18/2017 21:00,0.453,66.43,0
3/18/2017 22:00,0.453,66.43,0
3/18/2017 23:00,0.453,66.43,0
3/19/2017 0:00,0.453,66.43,0
3/19/2017 1:00,0.453,66.43,0
3/19/2017 2:00,0.452,66.43,0
3/19/2017 3:00,0.452,66.43,0
3/19/2017 4:00,0.452,66.43,0
3/19/2017 5:00,0.451,66.43,0
3/19/2017 6:00,0.451,66.43,0
3/19/2017 7:00,0.451,66.43,0
3/19/2017 8:00,0.451,66.43,0
3/19/2017 9:00,0.451,66.43,0
3/19/2017 10:00,0.451,66.43,0
3/19/2017 11:00,0.451,66.43,0
3/19/2017 12:00,0.451,66.43,0
3/19/2017 13:00,0.451,66.43,0
3/19/2017 14:00,0.451,66.43,0
3/19/2017 15:00,0.452,66.43,0
3/19/2017 16:00,0.453,66.43,0
3/19/2017 17:00,0.454,66.43,0
3/19/2017 18:00,0.454,66.43,0
3/19/2017 19:00,0.454,66.43,0
3/19/2017 20:00,0.454,66.43,0
3/19/2017 21:00,0.455,66.53,1
3/19/2017 22:00,0.454,66.53,0
3/19/2017 23:00,0.454,66.55,0.2
3/20/2017 0:00,0.454,66.55,0
3/20/2017 1:00,0.453,66.55,0
3/20/2017 2:00,0.453,66.55,0
3/20/2017 3:00,0.453,66.55,0
3/20/2017 4:00,0.453,66.55,0
3/20/2017 5:00,0.453,66.55,0
3/20/2017 6:00,0.452,66.55,0
3/20/2017 7:00,0.452,66.55,0
3/20/2017 8:00,0.452,66.55,0
3/20/2017 9:00,0.451,66.55,0
3/20/2017 10:00,0.451,66.55,0
3/20/2017 11:00,0.451,66.55,0
3/20/2017 12:00,0.451,66.55,0
3/20/2017 13:00,0.451,66.88,3.3
3/20/2017 14:00,0.452,66.91,0.3
3/20/2017 15:00,0.452,66.91,0
3/20/2017 16:00,0.452,66.91,0
3/20/2017 17:00,0.452,66.91,0
3/20/2017 18:00,0.452,66.91,0
3/20/2017 19:00,0.453,66.96,0.5
3/20/2017 20:00,0.452,67.44,4.8
3/20/2017 21:00,0.452,67.87,4.3
3/20/2017 22:00,0.452,68.08,2.1
3/20/2017 23:00,0.451,68.1,0.2
3/21/2017 0:00,0.451,68.15,0.5
3/21/2017 1:00,0.451,68.15,0
3/21/2017 2:00,0.451,68.15,0
3/21/2017 3:00,0.451,68.2,0.5
3/21/2017 4:00,0.451,68.63,4.3
3/21/2017 5:00,0.451,69.4,7.7
3/21/2017 6:00,0.451,69.78,3.8
3/21/2017 7:00,0.451,69.78,0
3/21/2017 8:00,0.451,69.8,0.2
3/21/2017 9:00,0.451,69.8,0
3/21/2017 10:00,0.451,69.8,0
3/21/2017 11:00,0.451,69.8,0
3/21/2017 12:00,0.451,69.8,0
3/21/2017 13:00,0.451,69.85,0.5
3/21/2017 14:00,0.451,69.88,0.3
3/21/2017 15:00,0.451,69.9,0.2
3/21/2017 16:00,0.452,70.06,1.6
3/21/2017 17:00,0.452,70.57,5.1
3/21/2017 18:00,0.452,70.77,2
3/21/2017 19:00,0.452,70.97,2
3/21/2017 20:00,0.452,71.05,0.8
3/21/2017 21:00,0.452,71.1,0.5
3/21/2017 22:00,0.453,71.51,4.1
3/21/2017 23:00,0.452,71.84,3.3
3/22/2017 0:00,0.452,72.06,2.2
3/22/2017 1:00,0.452,72.22,1.6
3/22/2017 2:00,0.451,72.32,1
3/22/2017 3:00,0.451,72.47,1.5
3/22/2017 4:00,0.451,72.57,1
3/22/2017 5:00,0.451,72.65,0.8
3/22/2017 6:00,0.451,72.67,0.2
3/22/2017 7:00,0.451,72.67,0
3/22/2017 8:00,0.45,72.72,0.5
3/22/2017 9:00,0.45,72.72,0
3/22/2017 10:00,0.45,72.72,0
3/22/2017 11:00,0.45,72.72,0
3/22/2017 12:00,0.45,72.72,0
3/22/2017 13:00,0.449,72.72,0
3/22/2017 14:00,0.45,72.72,0
3/22/2017 15:00,0.45,72.72,0
3/22/2017 16:00,0.451,72.72,0
3/22/2017 17:00,0.452,72.72,0
3/22/2017 18:00,0.452,72.72,0
3/22/2017 19:00,0.452,72.72,0
3/22/2017 20:00,0.453,72.72,0
3/22/2017 21:00,0.452,72.72,0
3/22/2017 22:00,0.452,72.72,0
3/22/2017 23:00,0.452,72.72,0
3/23/2017 0:00,0.451,72.72,0
3/23/2017 1:00,0.451,72.72,0
3/23/2017 2:00,0.451,72.72,0
3/23/2017 3:00,0.45,72.72,0
3/23/2017 4:00,0.45,72.72,0
3/23/2017 5:00,0.45,72.72,0
3/23/2017 6:00,0.449,72.72,0
3/23/2017 7:00,0.449,72.72,0
3/23/2017 8:00,0.448,72.72,0
3/23/2017 9:00,0.448,72.72,0
3/23/2017 10:00,0.448,72.72,0
3/23/2017 11:00,0.447,72.72,0
3/23/2017 12:00,0.447,72.72,0
3/23/2017 13:00,0.447,72.72,0
3/23/2017 14:00,0.447,72.75,0.3
3/23/2017 15:00,0.448,72.75,0
3/23/2017 16:00,0.449,72.75,0
3/23/2017 17:00,0.449,72.75,0
3/23/2017 18:00,0.449,72.8,0.5
3/23/2017 19:00,0.45,72.95,1.5
3/23/2017 20:00,0.45,73.08,1.3
3/23/2017 21:00,0.45,73.13,0.5
3/23/2017 22:00,0.45,73.21,0.8
3/23/2017 23:00,0.449,73.31,1
3/24/2017 0:00,0.449,73.41,1
3/24/2017 1:00,0.449,73.49,0.8
3/24/2017 2:00,0.449,73.51,0.2
3/24/2017 3:00,0.448,73.54,0.3
3/24/2017 4:00,0.448,73.56,0.2
3/24/2017 5:00,0.448,73.66,1
3/24/2017 6:00,0.448,74.1,4.4
3/24/2017 7:00,0.447,74.5,4
3/24/2017 8:00,0.447,74.88,3.8
3/24/2017 9:00,0.447,75.16,2.8
3/24/2017 10:00,0.447,75.72,5.6
3/24/2017 11:00,0.447,75.9,1.8
3/24/2017 12:00,0.447,76,1
3/24/2017 13:00,0.447,76,0
3/24/2017 14:00,0.447,76,0
3/24/2017 15:00,0.447,76,0
3/24/2017 16:00,0.448,76,0
3/24/2017 17:00,0.449,76,0
3/24/2017 18:00,0.449,76,0
3/24/2017 19:00,0.449,76,0
3/24/2017 20:00,0.449,76,0
3/24/2017 21:00,0.45,76,0
3/24/2017 22:00,0.45,76,0
3/24/2017 23:00,0.45,76,0
3/25/2017 0:00,0.45,76,0
3/25/2017 1:00,0.449,76,0
3/25/2017 2:00,0.449,76,0
3/25/2017 3:00,0.449,76,0
3/25/2017 4:00,0.448,76,0
3/25/2017 5:00,0.447,76,0
3/25/2017 6:00,0.448,76.03,0.3
3/25/2017 7:00,0.447,76.03,0
3/25/2017 8:00,0.447,76.03,0
3/25/2017 9:00,0.447,76.03,0
3/25/2017 10:00,0.447,76.03,0
3/25/2017 11:00,0.447,76.03,0
3/25/2017 12:00,0.446,76.03,0
3/25/2017 13:00,0.447,76.03,0
3/25/2017 14:00,0.447,76.03,0
3/25/2017 15:00,0.448,76.03,0
3/25/2017 16:00,0.448,76.03,0
3/25/2017 17:00,0.449,76.03,0
3/25/2017 18:00,0.45,76.03,0
3/25/2017 19:00,0.45,76.03,0
3/25/2017 20:00,0.45,76.03,0
3/25/2017 21:00,0.45,76.03,0
3/25/2017 22:00,0.451,76.03,0
3/25/2017 23:00,0.451,76.03,0
3/26/2017 0:00,0.451,76.03,0
3/26/2017 1:00,0.45,76.03,0
3/26/2017 2:00,0.45,76.03,0
3/26/2017 3:00,0.449,76.03,0
3/26/2017 4:00,0.449,76.03,0
3/26/2017 5:00,0.449,76.03,0
3/26/2017 6:00,0.449,76.03,0
3/26/2017 7:00,0.448,76.03,0
3/26/2017 8:00,0.448,76.1,0.7
3/26/2017 9:00,0.447,76.18,0.8
3/26/2017 10:00,0.447,76.18,0
3/26/2017 11:00,0.447,76.18,0
3/26/2017 12:00,0.447,76.2,0.2
3/26/2017 13:00,0.447,76.25,0.5
3/26/2017 14:00,0.447,76.28,0.3
3/26/2017 15:00,0.447,76.31,0.3
3/26/2017 16:00,0.447,76.33,0.2
3/26/2017 17:00,0.447,76.43,1
3/26/2017 18:00,0.447,76.56,1.3
3/26/2017 19:00,0.448,76.56,0
3/26/2017 20:00,0.448,76.66,1
3/26/2017 21:00,0.448,76.66,0
3/26/2017 22:00,0.448,76.66,0
3/26/2017 23:00,0.448,76.69,0.3
3/27/2017 0:00,0.447,76.69,0
3/27/2017 1:00,0.447,76.71,0.2
3/27/2017 2:00,0.447,76.71,0
3/27/2017 3:00,0.447,76.71,0
3/27/2017 4:00,0.447,76.71,0
3/27/2017 5:00,0.447,76.71,0
3/27/2017 6:00,0.447,76.76,0.5
3/27/2017 7:00,0.446,76.79,0.3
3/27/2017 8:00,0.446,76.79,0
3/27/2017 9:00,0.446,76.79,0
3/27/2017 10:00,0.446,76.81,0.2
3/27/2017 11:00,0.446,76.84,0.3
3/27/2017 12:00,0.447,76.84,0
3/27/2017 13:00,0.447,76.84,0
3/27/2017 14:00,0.447,76.84,0
3/27/2017 15:00,0.447,76.84,0
3/27/2017 16:00,0.448,76.84,0
3/27/2017 17:00,0.449,76.84,0
3/27/2017 18:00,0.449,76.84,0
3/27/2017 19:00,0.45,76.84,0
3/27/2017 20:00,0.45,76.84,0
3/27/2017 21:00,0.45,76.84,0
3/27/2017 22:00,0.45,76.84,0
3/27/2017 23:00,0.45,76.84,0
3/28/2017 0:00,0.45,76.84,0
3/28/2017 1:00,0.449,76.84,0
3/28/2017 2:00,0.449,76.84,0
3/28/2017 3:00,0.449,76.84,0
3/28/2017 4:00,0.448,76.84,0
3/28/2017 5:00,0.448,76.84,0
3/28/2017 6:00,0.447,76.84,0
3/28/2017 7:00,0.447,76.84,0
3/28/2017 8:00,0.446,76.84,0
3/28/2017 9:00,0.446,76.84,0
3/28/2017 10:00,0.446,76.84,0
3/28/2017 11:00,0.446,76.84,0
3/28/2017 12:00,0.446,76.84,0
3/28/2017 13:00,0.446,76.84,0
3/28/2017 14:00,0.446,76.84,0
3/28/2017 15:00,0.447,76.84,0
3/28/2017 16:00,0.448,76.84,0
3/28/2017 17:00,0.45,76.84,0
3/28/2017 18:00,0.451,76.84,0
3/28/2017 19:00,0.451,76.84,0
3/28/2017 20:00,0.452,76.84,0
3/28/2017 21:00,0.453,76.84,0
3/28/2017 22:00,0.453,76.84,0
3/28/2017 23:00,0.452,76.84,0
3/29/2017 0:00,0.452,76.84,0
3/29/2017 1:00,0.452,76.84,0
3/29/2017 2:00,0.451,76.84,0
3/29/2017 3:00,0.451,76.84,0
3/29/2017 4:00,0.45,76.84,0
3/29/2017 5:00,0.449,76.84,0
3/29/2017 6:00,0.449,76.84,0
3/29/2017 7:00,0.449,76.84,0
3/29/2017 8:00,0.449,76.84,0
3/29/2017 9:00,0.449,76.84,0
3/29/2017 10:00,0.449,76.84,0
3/29/2017 11:00,0.448,76.84,0
3/29/2017 12:00,0.448,76.84,0
3/29/2017 13:00,0.447,76.84,0
3/29/2017 14:00,0.448,76.84,0
3/29/2017 15:00,0.449,76.84,0
3/29/2017 16:00,0.45,76.84,0
3/29/2017 17:00,0.45,76.84,0
3/29/2017 18:00,0.451,76.84,0
3/29/2017 19:00,0.451,76.84,0
3/29/2017 20:00,0.451,76.89,0.5
3/29/2017 21:00,0.452,76.89,0
3/29/2017 22:00,0.452,76.89,0
3/29/2017 23:00,0.451,76.94,0.5
3/30/2017 0:00,0.452,77.04,1
3/30/2017 1:00,0.452,77.25,2.1
3/30/2017 2:00,0.451,77.63,3.8
3/30/2017 3:00,0.451,77.7,0.7
3/30/2017 4:00,0.451,77.7,0
3/30/2017 5:00,0.451,77.7,0
3/30/2017 6:00,0.45,77.7,0
3/30/2017 7:00,0.45,77.7,0
3/30/2017 8:00,0.449,77.7,0
3/30/2017 9:00,0.449,77.7,0
3/30/2017 10:00,0.449,77.7,0
3/30/2017 11:00,0.448,77.7,0
3/30/2017 12:00,0.448,77.7,0
3/30/2017 13:00,0.449,77.7,0
3/30/2017 14:00,0.449,77.7,0
3/30/2017 15:00,0.449,77.7,0
3/30/2017 16:00,0.45,77.7,0
3/30/2017 17:00,0.45,77.73,0.3
3/30/2017 18:00,0.451,77.73,0
3/30/2017 19:00,0.451,77.73,0
3/30/2017 20:00,0.452,77.73,0
3/30/2017 21:00,0.452,77.73,0
3/30/2017 22:00,0.452,77.73,0
3/30/2017 23:00,0.451,77.73,0
3/31/2017 0:00,0.451,77.73,0
3/31/2017 1:00,0.45,77.73,0
3/31/2017 2:00,0.45,77.73,0
3/31/2017 3:00,0.449,77.73,0
3/31/2017 4:00,0.449,77.73,0
3/31/2017 5:00,0.448,77.73,0
3/31/2017 6:00,0.447,77.73,0
3/31/2017 7:00,0.447,77.73,0
3/31/2017 8:00,0.447,77.73,0
3/31/2017 9:00,0.446,77.73,0
3/31/2017 10:00,0.446,77.73,0
3/31/2017 11:00,0.445,77.73,0
3/31/2017 12:00,0.445,77.73,0
3/31/2017 13:00,0.445,77.73,0
3/31/2017 14:00,0.446,77.73,0
3/31/2017 15:00,0.447,77.73,0
3/31/2017 16:00,0.448,77.73,0
3/31/2017 17:00,0.449,77.73,0
3/31/2017 18:00,0.45,77.73,0
3/31/2017 19:00,0.451,77.73,0
3/31/2017 20:00,0.452,77.73,0
3/31/2017 21:00,0.452,77.73,0
3/31/2017 22:00,0.452,77.73,0
3/31/2017 23:00,0.452,77.73,0
4/1/2017 0:00,0.451,77.73,0
4/1/2017 1:00,0.451,77.73,0
4/1/2017 2:00,0.451,77.73,0
4/1/2017 3:00,0.45,77.73,0
4/1/2017 4:00,0.45,77.73,0
4/1/2017 5:00,0.449,77.73,0
4/1/2017 6:00,0.449,77.73,0
4/1/2017 7:00,0.448,77.73,0
4/1/2017 8:00,0.448,77.73,0
4/1/2017 9:00,0.447,77.73,0
4/1/2017 10:00,0.447,77.73,0
4/1/2017 11:00,0.447,77.73,0
4/1/2017 12:00,0.447,77.73,0
4/1/2017 13:00,0.447,77.73,0
4/1/2017 14:00,0.448,77.73,0
4/1/2017 15:00,0.449,77.73,0
4/1/2017 16:00,0.45,77.73,0
4/1/2017 17:00,0.451,77.73,0
4/1/2017 18:00,0.452,77.73,0
4/1/2017 19:00,0.453,77.73,0
4/1/2017 20:00,0.454,77.73,0
4/1/2017 21:00,0.455,77.73,0
4/1/2017 22:00,0.455,77.73,0
4/1/2017 23:00,0.454,77.73,0
4/2/2017 0:00,0.454,77.73,0
4/2/2017 1:00,0.454,77.73,0
4/2/2017 2:00,0.453,77.73,0
4/2/2017 3:00,0.453,77.73,0
4/2/2017 4:00,0.453,77.73,0
4/2/2017 5:00,0.452,77.73,0
4/2/2017 6:00,0.452,77.73,0
4/2/2017 7:00,0.452,77.73,0
4/2/2017 8:00,0.452,77.73,0
4/2/2017 9:00,0.451,77.73,0
4/2/2017 10:00,0.451,77.73,0
4/2/2017 11:00,0.451,77.73,0
4/2/2017 12:00,0.451,77.73,0
4/2/2017 13:00,0.451,77.73,0
4/2/2017 14:00,0.452,77.73,0
4/2/2017 15:00,0.453,77.73,0
4/2/2017 16:00,0.454,77.73,0
4/2/2017 17:00,0.455,77.73,0
4/2/2017 18:00,0.456,77.73,0
4/2/2017 19:00,0.457,77.73,0
4/2/2017 20:00,0.457,77.73,0
4/2/2017 21:00,0.458,77.73,0
4/2/2017 22:00,0.458,77.73,0
4/2/2017 23:00,0.457,77.73,0
4/3/2017 0:00,0.456,77.73,0
4/3/2017 1:00,0.455,77.73,0
4/3/2017 2:00,0.454,77.73,0
4/3/2017 3:00,0.453,77.73,0
4/3/2017 4:00,0.453,77.73,0
4/3/2017 5:00,0.452,77.73,0
4/3/2017 6:00,0.451,77.73,0
4/3/2017 7:00,0.451,77.73,0
4/3/2017 8:00,0.449,77.73,0
4/3/2017 9:00,0.449,77.73,0
4/3/2017 10:00,0.449,77.73,0
4/3/2017 11:00,0.448,77.73,0
4/3/2017 12:00,0.448,77.73,0
4/3/2017 13:00,0.448,77.73,0
4/3/2017 14:00,0.448,77.73,0
4/3/2017 15:00,0.449,77.73,0
4/3/2017 16:00,0.451,77.73,0
4/3/2017 17:00,0.451,77.73,0
4/3/2017 18:00,0.452,77.73,0
4/3/2017 19:00,0.453,77.73,0
4/3/2017 20:00,0.454,77.73,0
4/3/2017 21:00,0.453,77.73,0
4/3/2017 22:00,0.453,77.73,0
4/3/2017 23:00,0.453,77.73,0
4/4/2017 0:00,0.453,77.73,0
4/4/2017 1:00,0.453,77.73,0
4/4/2017 2:00,0.452,77.73,0
4/4/2017 3:00,0.452,77.73,0
4/4/2017 4:00,0.451,77.73,0
4/4/2017 5:00,0.451,77.73,0
4/4/2017 6:00,0.451,77.73,0
4/4/2017 7:00,0.451,77.73,0
4/4/2017 8:00,0.45,77.73,0
4/4/2017 9:00,0.45,77.73,0
4/4/2017 10:00,0.449,77.73,0
4/4/2017 11:00,0.45,77.73,0
4/4/2017 12:00,0.45,77.73,0
4/4/2017 13:00,0.45,77.73,0
4/4/2017 14:00,0.451,77.73,0
4/4/2017 15:00,0.452,77.73,0
4/4/2017 16:00,0.452,77.73,0
4/4/2017 17:00,0.453,77.73,0
4/4/2017 18:00,0.454,77.73,0
4/4/2017 19:00,0.455,77.73,0
4/4/2017 20:00,0.455,77.73,0
4/4/2017 21:00,0.456,77.73,0
4/4/2017 22:00,0.456,77.73,0
4/4/2017 23:00,0.455,77.73,0
4/5/2017 0:00,0.454,77.73,0
4/5/2017 1:00,0.453,77.73,0
4/5/2017 2:00,0.453,77.73,0
4/5/2017 3:00,0.452,77.73,0
4/5/2017 4:00,0.451,77.73,0
4/5/2017 5:00,0.451,77.73,0
4/5/2017 6:00,0.451,77.73,0
4/5/2017 7:00,0.45,77.73,0
4/5/2017 8:00,0.45,77.73,0
4/5/2017 9:00,0.45,77.73,0
4/5/2017 10:00,0.449,77.73,0
4/5/2017 11:00,0.449,77.73,0
4/5/2017 12:00,0.449,77.73,0
4/5/2017 13:00,0.449,77.73,0
4/5/2017 14:00,0.45,77.73,0
4/5/2017 15:00,0.451,77.73,0
4/5/2017 16:00,0.451,77.73,0
4/5/2017 17:00,0.451,77.73,0
4/5/2017 18:00,0.451,77.73,0
4/5/2017 19:00,0.451,77.73,0
4/5/2017 20:00,0.451,77.73,0
4/5/2017 21:00,0.451,77.73,0
4/5/2017 22:00,0.451,77.73,0
4/5/2017 23:00,0.45,77.73,0
4/6/2017 0:00,0.45,77.73,0
4/6/2017 1:00,0.45,77.73,0
4/6/2017 2:00,0.449,77.73,0
4/6/2017 3:00,0.449,77.78,0.5
4/6/2017 4:00,0.449,77.83,0.5
4/6/2017 5:00,0.449,77.88,0.5
4/6/2017 6:00,0.448,77.93,0.5
4/6/2017 7:00,0.449,78.16,2.3
4/6/2017 8:00,0.449,78.16,0
4/6/2017 9:00,0.449,78.21,0.5
4/6/2017 10:00,0.449,78.21,0
4/6/2017 11:00,0.449,78.21,0
4/6/2017 12:00,0.449,78.24,0.3
4/6/2017 13:00,0.449,78.29,0.5
4/6/2017 14:00,0.45,78.29,0
4/6/2017 15:00,0.451,78.29,0
4/6/2017 16:00,0.451,78.29,0
4/6/2017 17:00,0.451,78.46,1.7
4/6/2017 18:00,0.451,78.95,4.9
4/6/2017 19:00,0.451,80.24,12.9
4/6/2017 20:00,0.451,81.21,9.7
4/6/2017 21:00,0.451,81.49,2.8
4/6/2017 22:00,0.451,81.69,2
4/6/2017 23:00,0.451,81.77,0.8
4/7/2017 0:00,0.45,81.97,2
4/7/2017 1:00,0.45,82.05,0.8
4/7/2017 2:00,0.449,82.22,1.7
4/7/2017 3:00,0.449,82.5,2.8
4/7/2017 4:00,0.449,82.63,1.3
4/7/2017 5:00,0.449,82.99,3.6
4/7/2017 6:00,0.449,82.99,0
4/7/2017 7:00,0.449,83.19,2
4/7/2017 8:00,0.448,83.42,2.3
4/7/2017 9:00,0.448,83.44,0.2
4/7/2017 10:00,0.448,83.44,0
4/7/2017 11:00,0.448,83.44,0
4/7/2017 12:00,0.448,83.44,0
4/7/2017 13:00,0.448,83.44,0
4/7/2017 14:00,0.449,83.47,0.3
4/7/2017 15:00,0.449,83.82,3.5
4/7/2017 16:00,0.449,83.9,0.8
4/7/2017 17:00,0.449,84.71,8.1
4/7/2017 18:00,0.449,85.14,4.3
4/7/2017 19:00,0.449,85.27,1.3
4/7/2017 20:00,0.449,85.47,2
4/7/2017 21:00,0.449,85.63,1.6
4/7/2017 22:00,0.449,85.7,0.7
4/7/2017 23:00,0.448,85.7,0
4/8/2017 0:00,0.448,85.7,0
4/8/2017 1:00,0.448,85.73,0.3
4/8/2017 2:00,0.448,85.75,0.2
4/8/2017 3:00,0.447,85.75,0
4/8/2017 4:00,0.447,85.75,0
4/8/2017 5:00,0.447,85.75,0
4/8/2017 6:00,0.447,85.78,0.3
4/8/2017 7:00,0.446,85.78,0
4/8/2017 8:00,0.446,86.08,3
4/8/2017 9:00,0.446,86.44,3.6
4/8/2017 10:00,0.445,86.59,1.5
4/8/2017 11:00,0.445,86.77,1.8
4/8/2017 12:00,0.445,86.77,0
4/8/2017 13:00,0.445,86.77,0
4/8/2017 14:00,0.445,86.77,0
4/8/2017 15:00,0.445,86.77,0
4/8/2017 16:00,0.446,86.82,0.5
4/8/2017 17:00,0.447,86.82,0
4/8/2017 18:00,0.448,86.82,0
4/8/2017 19:00,0.448,86.82,0
4/8/2017 20:00,0.449,86.82,0
4/8/2017 21:00,0.449,86.82,0
4/8/2017 22:00,0.449,86.82,0
4/8/2017 23:00,0.449,86.82,0
4/9/2017 0:00,0.448,86.82,0
4/9/2017 1:00,0.448,86.82,0
4/9/2017 2:00,0.448,86.82,0
4/9/2017 3:00,0.447,86.82,0
4/9/2017 4:00,0.447,86.82,0
4/9/2017 5:00,0.447,86.82,0
4/9/2017 6:00,0.446,86.82,0
4/9/2017 7:00,0.445,86.82,0
4/9/2017 8:00,0.445,86.82,0
4/9/2017 9:00,0.445,86.82,0
4/9/2017 10:00,0.444,86.82,0
4/9/2017 11:00,0.445,86.82,0
4/9/2017 12:00,0.444,86.82,0
4/9/2017 13:00,0.445,86.82,0
4/9/2017 14:00,0.446,86.82,0
4/9/2017 15:00,0.447,86.82,0
4/9/2017 16:00,0.447,86.82,0
4/9/2017 17:00,0.449,86.82,0
4/9/2017 18:00,0.45,86.82,0
4/9/2017 19:00,0.45,86.82,0
4/9/2017 20:00,0.451,86.82,0
4/9/2017 21:00,0.451,86.82,0
4/9/2017 22:00,0.451,86.87,0.5
4/9/2017 23:00,0.451,87.13,2.6
4/10/2017 0:00,0.45,87.41,2.8
4/10/2017 1:00,0.45,87.68,2.7
4/10/2017 2:00,0.449,87.79,1.1
4/10/2017 3:00,0.449,87.81,0.2
4/10/2017 4:00,0.449,87.81,0
4/10/2017 5:00,0.448,87.81,0
4/10/2017 6:00,0.448,87.81,0
4/10/2017 7:00,0.448,87.81,0
4/10/2017 8:00,0.447,87.81,0
4/10/2017 9:00,0.447,87.81,0
4/10/2017 10:00,0.447,87.81,0
4/10/2017 11:00,0.447,87.81,0
4/10/2017 12:00,0.446,87.81,0
4/10/2017 13:00,0.447,87.81,0
4/10/2017 14:00,0.447,87.81,0
4/10/2017 15:00,0.448,87.84,0.3
4/10/2017 16:00,0.449,87.84,0
4/10/2017 17:00,0.45,87.84,0
4/10/2017 18:00,0.451,87.84,0
4/10/2017 19:00,0.453,87.84,0
4/10/2017 20:00,0.453,87.84,0
4/10/2017 21:00,0.453,87.84,0
4/10/2017 22:00,0.453,87.84,0
4/10/2017 23:00,0.454,87.84,0
4/11/2017 0:00,0.453,87.84,0
4/11/2017 1:00,0.453,87.84,0
4/11/2017 2:00,0.452,87.84,0
4/11/2017 3:00,0.452,87.84,0
4/11/2017 4:00,0.451,87.84,0
4/11/2017 5:00,0.451,87.84,0
4/11/2017 6:00,0.451,87.84,0
4/11/2017 7:00,0.45,87.96,1.2
4/11/2017 8:00,0.45,88.09,1.3
4/11/2017 9:00,0.45,88.27,1.8
4/11/2017 10:00,0.45,88.32,0.5
4/11/2017 11:00,0.449,88.32,0
4/11/2017 12:00,0.45,88.32,0
4/11/2017 13:00,0.449,88.34,0.2
4/11/2017 14:00,0.449,88.37,0.3
4/11/2017 15:00,0.45,88.4,0.3
4/11/2017 16:00,0.45,88.4,0
4/11/2017 17:00,0.45,88.4,0
4/11/2017 18:00,0.45,88.4,0
4/11/2017 19:00,0.451,88.4,0
4/11/2017 20:00,0.45,88.4,0
4/11/2017 21:00,0.451,88.4,0
4/11/2017 22:00,0.451,88.4,0
4/11/2017 23:00,0.45,88.4,0
4/12/2017 0:00,0.45,88.42,0.2
4/12/2017 1:00,0.449,88.42,0
4/12/2017 2:00,0.45,88.42,0
4/12/2017 3:00,0.45,88.42,0
4/12/2017 4:00,0.449,88.42,0
4/12/2017 5:00,0.449,88.42,0
4/12/2017 6:00,0.449,88.42,0
4/12/2017 7:00,0.449,88.42,0
4/12/2017 8:00,0.449,88.42,0
4/12/2017 9:00,0.449,88.42,0
4/12/2017 10:00,0.448,88.42,0
4/12/2017 11:00,0.448,88.42,0
4/12/2017 12:00,0.449,88.42,0
4/12/2017 13:00,0.449,88.45,0.3
4/12/2017 14:00,0.449,88.55,1
4/12/2017 15:00,0.449,88.7,1.5
4/12/2017 16:00,0.449,88.73,0.3
4/12/2017 17:00,0.449,88.85,1.2
4/12/2017 18:00,0.449,89.39,5.4
4/12/2017 19:00,0.449,89.89,5
4/12/2017 20:00,0.449,90.53,6.4
4/12/2017 21:00,0.449,90.94,4.1
4/12/2017 22:00,0.449,90.94,0
4/12/2017 23:00,0.449,90.94,0
4/13/2017 0:00,0.448,90.94,0
4/13/2017 1:00,0.448,90.94,0
4/13/2017 2:00,0.447,90.94,0
4/13/2017 3:00,0.447,90.94,0
4/13/2017 4:00,0.447,90.96,0.2
4/13/2017 5:00,0.447,91.39,4.3
4/13/2017 6:00,0.447,91.6,2.1
4/13/2017 7:00,0.446,91.6,0
4/13/2017 8:00,0.446,91.62,0.2
4/13/2017 9:00,0.446,91.62,0
4/13/2017 10:00,0.446,91.62,0
4/13/2017 11:00,0.446,91.62,0
4/13/2017 12:00,0.446,91.62,0
4/13/2017 13:00,0.446,91.65,0.3
4/13/2017 14:00,0.447,91.77,1.2
4/13/2017 15:00,0.447,91.93,1.6
4/13/2017 16:00,0.447,92.05,1.2
4/13/2017 17:00,0.448,92.33,2.8
4/13/2017 18:00,0.448,92.36,0.3
4/13/2017 19:00,0.448,92.36,0
4/13/2017 20:00,0.448,92.36,0
4/13/2017 21:00,0.448,92.36,0
4/13/2017 22:00,0.448,92.36,0
4/13/2017 23:00,0.448,92.36,0
4/14/2017 0:00,0.448,92.36,0
4/14/2017 1:00,0.447,92.36,0
4/14/2017 2:00,0.447,92.36,0
4/14/2017 3:00,0.447,92.36,0
4/14/2017 4:00,0.447,92.36,0
4/14/2017 5:00,0.446,92.36,0
4/14/2017 6:00,0.446,92.38,0.2
4/14/2017 7:00,0.446,92.38,0
4/14/2017 8:00,0.446,92.38,0
4/14/2017 9:00,0.445,92.38,0
4/14/2017 10:00,0.445,92.38,0
4/14/2017 11:00,0.445,92.38,0
4/14/2017 12:00,0.445,92.38,0
4/14/2017 13:00,0.445,92.41,0.3
4/14/2017 14:00,0.446,92.41,0
4/14/2017 15:00,0.447,92.41,0
4/14/2017 16:00,0.448,92.41,0
4/14/2017 17:00,0.449,92.41,0
4/14/2017 18:00,0.45,92.41,0
4/14/2017 19:00,0.451,92.41,0
4/14/2017 20:00,0.451,92.41,0
4/14/2017 21:00,0.451,92.41,0
4/14/2017 22:00,0.451,92.41,0
4/14/2017 23:00,0.451,92.41,0
4/15/2017 0:00,0.45,92.41,0
4/15/2017 1:00,0.45,92.41,0
4/15/2017 2:00,0.449,92.41,0
4/15/2017 3:00,0.449,92.41,0
4/15/2017 4:00,0.448,92.41,0
4/15/2017 5:00,0.447,92.41,0
4/15/2017 6:00,0.447,92.41,0
4/15/2017 7:00,0.446,92.41,0
4/15/2017 8:00,0.446,92.41,0
4/15/2017 9:00,0.446,92.41,0
4/15/2017 10:00,0.445,92.41,0
4/15/2017 11:00,0.445,92.41,0
4/15/2017 12:00,0.445,92.41,0
4/15/2017 13:00,0.446,92.41,0
4/15/2017 14:00,0.446,92.41,0
4/15/2017 15:00,0.447,92.41,0
4/15/2017 16:00,0.449,92.41,0
4/15/2017 17:00,0.45,92.41,0
4/15/2017 18:00,0.451,92.41,0
4/15/2017 19:00,0.452,92.41,0
4/15/2017 20:00,0.452,92.41,0
4/15/2017 21:00,0.453,92.41,0
4/15/2017 22:00,0.453,92.41,0
4/15/2017 23:00,0.452,92.41,0
4/16/2017 0:00,0.452,92.41,0
4/16/2017 1:00,0.452,92.41,0
4/16/2017 2:00,0.451,92.41,0
4/16/2017 3:00,0.451,92.41,0
4/16/2017 4:00,0.451,92.41,0
4/16/2017 5:00,0.45,92.41,0
4/16/2017 6:00,0.449,92.41,0
4/16/2017 7:00,0.449,92.41,0
4/16/2017 8:00,0.448,92.41,0
4/16/2017 9:00,0.448,92.41,0
4/16/2017 10:00,0.448,92.41,0
4/16/2017 11:00,0.448,92.51,1
4/16/2017 12:00,0.449,92.61,1
4/16/2017 13:00,0.448,92.71,1
4/16/2017 14:00,0.448,92.84,1.3
4/16/2017 15:00,0.449,92.92,0.8
4/16/2017 16:00,0.449,92.92,0
4/16/2017 17:00,0.449,92.92,0
4/16/2017 18:00,0.449,92.92,0
4/16/2017 19:00,0.45,92.94,0.2
4/16/2017 20:00,0.45,92.94,0
4/16/2017 21:00,0.451,92.94,0
4/16/2017 22:00,0.451,92.94,0
4/16/2017 23:00,0.45,92.97,0.3
4/17/2017 0:00,0.45,92.97,0
4/17/2017 1:00,0.45,92.97,0
4/17/2017 2:00,0.449,92.97,0
4/17/2017 3:00,0.449,92.97,0
4/17/2017 4:00,0.449,92.97,0
4/17/2017 5:00,0.449,92.97,0
4/17/2017 6:00,0.449,92.97,0
4/17/2017 7:00,0.449,92.97,0
4/17/2017 8:00,0.448,92.97,0
4/17/2017 9:00,0.449,92.97,0
4/17/2017 10:00,0.448,92.97,0
4/17/2017 11:00,0.448,92.97,0
4/17/2017 12:00,0.449,92.97,0
4/17/2017 13:00,0.449,92.97,0
4/17/2017 14:00,0.449,92.97,0
4/17/2017 15:00,0.45,93.04,0.7
4/17/2017 16:00,0.451,93.35,3.1
4/17/2017 17:00,0.451,93.4,0.5
4/17/2017 18:00,0.451,93.58,1.8
4/17/2017 19:00,0.451,93.68,1
4/17/2017 20:00,0.451,93.68,0
4/17/2017 21:00,0.451,93.76,0.8
4/17/2017 22:00,0.451,93.88,1.2
4/17/2017 23:00,0.45,94.34,4.6
4/18/2017 0:00,0.45,94.39,0.5
4/18/2017 1:00,0.45,94.44,0.5
4/18/2017 2:00,0.45,94.44,0
4/18/2017 3:00,0.45,94.62,1.8
4/18/2017 4:00,0.449,94.62,0
4/18/2017 5:00,0.45,94.67,0.5
4/18/2017 6:00,0.45,94.67,0
4/18/2017 7:00,0.45,94.67,0
4/18/2017 8:00,0.45,94.72,0.5
4/18/2017 9:00,0.45,94.75,0.3
4/18/2017 10:00,0.449,94.75,0
4/18/2017 11:00,0.45,94.75,0
4/18/2017 12:00,0.449,94.75,0
4/18/2017 13:00,0.45,94.75,0
4/18/2017 14:00,0.451,94.77,0.2
4/18/2017 15:00,0.452,94.77,0
4/18/2017 16:00,0.453,94.77,0
4/18/2017 17:00,0.454,94.77,0
4/18/2017 18:00,0.455,94.77,0
4/18/2017 19:00,0.456,94.77,0
4/18/2017 20:00,0.456,94.77,0
4/18/2017 21:00,0.456,94.77,0
4/18/2017 22:00,0.456,94.77,0
4/18/2017 23:00,0.456,94.77,0
4/19/2017 0:00,0.455,94.77,0
4/19/2017 1:00,0.454,94.77,0
4/19/2017 2:00,0.454,94.77,0
4/19/2017 3:00,0.453,94.77,0
4/19/2017 4:00,0.452,94.77,0
4/19/2017 5:00,0.451,94.77,0
4/19/2017 6:00,0.451,94.77,0
4/19/2017 7:00,0.45,94.77,0
4/19/2017 8:00,0.449,94.77,0
4/19/2017 9:00,0.449,94.77,0
4/19/2017 10:00,0.45,94.77,0
4/19/2017 11:00,0.449,94.77,0
4/19/2017 12:00,0.449,94.77,0
4/19/2017 13:00,0.449,94.77,0
4/19/2017 14:00,0.45,94.77,0
4/19/2017 15:00,0.45,94.77,0
4/19/2017 16:00,0.451,94.8,0.3
4/19/2017 17:00,0.451,94.92,1.2
4/19/2017 18:00,0.452,95.6,6.8
4/19/2017 19:00,0.452,95.9,3
4/19/2017 20:00,0.452,96.1,2
4/19/2017 21:00,0.451,96.3,2
4/19/2017 22:00,0.451,96.4,1
4/19/2017 23:00,0.451,96.7,3
4/20/2017 0:00,0.451,96.7,0
4/20/2017 1:00,0.451,96.7,0
4/20/2017 2:00,0.45,96.7,0
4/20/2017 3:00,0.45,96.7,0
4/20/2017 4:00,0.449,96.7,0
4/20/2017 5:00,0.449,96.7,0
4/20/2017 6:00,0.449,96.7,0
4/20/2017 7:00,0.449,96.7,0
4/20/2017 8:00,0.449,96.7,0
4/20/2017 9:00,0.449,96.7,0
4/20/2017 10:00,0.449,96.7,0
4/20/2017 11:00,0.449,96.7,0
4/20/2017 12:00,0.449,96.7,0
4/20/2017 13:00,0.45,96.7,0
4/20/2017 14:00,0.45,96.7,0
4/20/2017 15:00,0.451,96.7,0
4/20/2017 16:00,0.453,96.7,0
4/20/2017 17:00,0.454,96.7,0
4/20/2017 18:00,0.455,96.7,0
4/20/2017 19:00,0.456,96.7,0
4/20/2017 20:00,0.456,96.7,0
4/20/2017 21:00,0.457,96.7,0
4/20/2017 22:00,0.457,96.7,0
4/20/2017 23:00,0.457,96.7,0
4/21/2017 0:00,0.456,96.7,0
4/21/2017 1:00,0.456,96.7,0
4/21/2017 2:00,0.455,96.7,0
4/21/2017 3:00,0.454,96.7,0
4/21/2017 4:00,0.454,96.7,0
4/21/2017 5:00,0.453,96.7,0
4/21/2017 6:00,0.452,96.7,0
4/21/2017 7:00,0.452,96.7,0
4/21/2017 8:00,0.451,96.7,0
4/21/2017 9:00,0.451,96.7,0
4/21/2017 10:00,0.451,96.7,0
4/21/2017 11:00,0.45,96.7,0
4/21/2017 12:00,0.45,96.7,0
4/21/2017 13:00,0.451,96.7,0
4/21/2017 14:00,0.452,96.7,0
4/21/2017 15:00,0.453,96.7,0
4/21/2017 16:00,0.454,96.7,0
4/21/2017 17:00,0.455,96.7,0
4/21/2017 18:00,0.456,96.7,0
4/21/2017 19:00,0.457,96.7,0
4/21/2017 20:00,0.457,96.7,0
4/21/2017 21:00,0.459,96.7,0
4/21/2017 22:00,0.458,96.7,0
4/21/2017 23:00,0.458,96.7,0
4/22/2017 0:00,0.458,96.7,0
4/22/2017 1:00,0.457,96.7,0
4/22/2017 2:00,0.456,96.7,0
4/22/2017 3:00,0.456,96.7,0
4/22/2017 4:00,0.455,96.7,0
4/22/2017 5:00,0.454,96.7,0
4/22/2017 6:00,0.455,96.9,2
4/22/2017 7:00,0.454,96.9,0
4/22/2017 8:00,0.454,96.9,0
4/22/2017 9:00,0.454,96.9,0
4/22/2017 10:00,0.454,96.9,0
4/22/2017 11:00,0.453,96.9,0
4/22/2017 12:00,0.453,96.9,0
4/22/2017 13:00,0.453,96.9,0
4/22/2017 14:00,0.454,96.9,0
4/22/2017 15:00,0.454,96.9,0
4/22/2017 16:00,0.455,96.9,0
4/22/2017 17:00,0.455,96.9,0
4/22/2017 18:00,0.456,96.9,0
4/22/2017 19:00,0.456,96.9,0
4/22/2017 20:00,0.457,96.9,0
4/22/2017 21:00,0.457,96.9,0
4/22/2017 22:00,0.457,96.9,0
4/22/2017 23:00,0.456,96.9,0
4/23/2017 0:00,0.457,96.9,0
4/23/2017 1:00,0.456,96.9,0
4/23/2017 2:00,0.456,96.9,0
4/23/2017 3:00,0.455,96.9,0
4/23/2017 4:00,0.455,96.9,0
4/23/2017 5:00,0.454,96.9,0
4/23/2017 6:00,0.454,96.9,0
4/23/2017 7:00,0.453,96.9,0
4/23/2017 8:00,0.453,96.9,0
4/23/2017 9:00,0.453,96.9,0
4/23/2017 10:00,0.452,96.9,0
4/23/2017 11:00,0.451,96.9,0
4/23/2017 12:00,0.452,96.9,0
4/23/2017 13:00,0.452,96.9,0
4/23/2017 14:00,0.452,96.9,0
4/23/2017 15:00,0.453,96.9,0
4/23/2017 16:00,0.455,96.9,0
4/23/2017 17:00,0.455,96.9,0
4/23/2017 18:00,0.455,96.9,0
4/23/2017 19:00,0.456,96.9,0
4/23/2017 20:00,0.457,96.9,0
4/23/2017 21:00,0.457,96.9,0
4/23/2017 22:00,0.456,96.9,0
4/23/2017 23:00,0.456,96.9,0
4/24/2017 0:00,0.456,97,1
4/24/2017 1:00,0.456,97.2,2
4/24/2017 2:00,0.456,97.3,1
4/24/2017 3:00,0.455,97.5,2
4/24/2017 4:00,0.454,97.5,0
4/24/2017 5:00,0.454,97.5,0
4/24/2017 6:00,0.453,97.6,1
4/24/2017 7:00,0.453,97.6,0
4/24/2017 8:00,0.452,97.7,1
4/24/2017 9:00,0.452,97.8,1
4/24/2017 10:00,0.452,97.8,0
4/24/2017 11:00,0.451,97.9,1
4/24/2017 12:00,0.451,97.9,0
4/24/2017 13:00,0.452,97.9,0
4/24/2017 14:00,0.452,98.2,3
4/24/2017 15:00,0.453,98.2,0
4/24/2017 16:00,0.453,98.2,0
4/24/2017 17:00,0.453,98.2,0
4/24/2017 18:00,0.453,98.2,0
4/24/2017 19:00,0.454,98.2,0
4/24/2017 20:00,0.453,98.2,0
4/24/2017 21:00,0.454,98.2,0
4/24/2017 22:00,0.454,98.2,0
4/24/2017 23:00,0.454,98.2,0
4/25/2017 0:00,0.453,98.2,0
4/25/2017 1:00,0.452,98.2,0
4/25/2017 2:00,0.452,98.2,0
4/25/2017 3:00,0.452,98.2,0
4/25/2017 4:00,0.451,98.2,0
4/25/2017 5:00,0.451,98.2,0
4/25/2017 6:00,0.451,98.2,0
4/25/2017 7:00,0.451,98.2,0
4/25/2017 8:00,0.451,98.2,0
4/25/2017 9:00,0.451,98.2,0
4/25/2017 10:00,0.451,98.2,0
4/25/2017 11:00,0.45,98.2,0
4/25/2017 12:00,0.45,98.2,0
4/25/2017 13:00,0.451,98.2,0
4/25/2017 14:00,0.451,98.2,0
4/25/2017 15:00,0.452,98.3,1
4/25/2017 16:00,0.453,98.3,0
4/25/2017 17:00,0.453,98.4,1
4/25/2017 18:00,0.453,98.4,0
4/25/2017 19:00,0.453,98.5,1
4/25/2017 20:00,0.453,98.5,0
4/25/2017 21:00,0.453,98.5,0
4/25/2017 22:00,0.453,98.5,0
4/25/2017 23:00,0.453,98.5,0
4/26/2017 0:00,0.453,98.5,0
4/26/2017 1:00,0.453,98.5,0
4/26/2017 2:00,0.453,98.5,0
4/26/2017 3:00,0.453,98.6,1
4/26/2017 4:00,0.452,98.8,2
4/26/2017 5:00,0.452,98.9,1
4/26/2017 6:00,0.452,99.1,2
4/26/2017 7:00,0.452,99.2,1
4/26/2017 8:00,0.452,99.2,0
4/26/2017 9:00,0.452,99.2,0
4/26/2017 10:00,0.452,99.3,1
4/26/2017 11:00,0.452,99.3,0
4/26/2017 12:00,0.453,99.3,0
4/26/2017 13:00,0.453,99.4,1
4/26/2017 14:00,0.453,99.4,0
4/26/2017 15:00,0.453,99.4,0
4/26/2017 16:00,0.453,99.5,1
4/26/2017 17:00,0.453,99.6,1
4/26/2017 18:00,0.454,99.7,1
4/26/2017 19:00,0.454,99.7,0
4/26/2017 20:00,0.454,99.7,0
4/26/2017 21:00,0.454,99.7,0
4/26/2017 22:00,0.454,99.7,0
4/26/2017 23:00,0.454,99.7,0
4/27/2017 0:00,0.454,99.7,0
4/27/2017 1:00,0.454,99.7,0
4/27/2017 2:00,0.454,99.7,0
4/27/2017 3:00,0.453,99.7,0
4/27/2017 4:00,0.452,99.7,0
4/27/2017 5:00,0.452,99.7,0
4/27/2017 6:00,0.451,99.7,0
4/27/2017 7:00,0.451,99.7,0
4/27/2017 8:00,0.451,99.7,0
4/27/2017 9:00,0.45,99.7,0
4/27/2017 10:00,0.45,99.7,0
4/27/2017 11:00,0.45,99.7,0
4/27/2017 12:00,0.45,99.7,0
4/27/2017 13:00,0.451,99.7,0
4/27/2017 14:00,0.451,99.7,0
4/27/2017 15:00,0.452,99.7,0
4/27/2017 16:00,0.453,99.7,0
4/27/2017 17:00,0.454,99.7,0
4/27/2017 18:00,0.455,99.7,0
4/27/2017 19:00,0.456,99.7,0
4/27/2017 20:00,0.456,99.7,0
4/27/2017 21:00,0.456,99.7,0
4/27/2017 22:00,0.456,99.7,0
4/27/2017 23:00,0.456,99.7,0
4/28/2017 0:00,0.455,99.7,0
4/28/2017 1:00,0.455,99.7,0
4/28/2017 2:00,0.454,99.7,0
4/28/2017 3:00,0.453,99.7,0
4/28/2017 4:00,0.453,99.7,0
4/28/2017 5:00,0.452,99.7,0
4/28/2017 6:00,0.451,99.7,0
4/28/2017 7:00,0.451,99.7,0
4/28/2017 8:00,0.45,99.7,0
4/28/2017 9:00,0.45,99.7,0
4/28/2017 10:00,0.449,99.7,0
4/28/2017 11:00,0.449,99.7,0
4/28/2017 12:00,0.449,99.7,0
4/28/2017 13:00,0.449,99.7,0
4/28/2017 14:00,0.45,99.7,0
4/28/2017 15:00,0.451,99.7,0
4/28/2017 16:00,0.452,99.7,0
4/28/2017 17:00,0.453,99.7,0
4/28/2017 18:00,0.455,99.7,0
4/28/2017 19:00,0.456,99.7,0
4/28/2017 20:00,0.457,99.7,0
4/28/2017 21:00,0.458,99.7,0
4/28/2017 22:00,0.457,99.7,0
4/28/2017 23:00,0.457,99.7,0
4/29/2017 0:00,0.456,99.7,0
4/29/2017 1:00,0.456,99.7,0
4/29/2017 2:00,0.455,99.7,0
4/29/2017 3:00,0.454,99.7,0
4/29/2017 4:00,0.454,99.7,0
4/29/2017 5:00,0.453,99.7,0
4/29/2017 6:00,0.452,99.7,0
4/29/2017 7:00,0.452,99.7,0
4/29/2017 8:00,0.451,99.7,0
4/29/2017 9:00,0.451,99.7,0
4/29/2017 10:00,0.45,99.7,0
4/29/2017 11:00,0.45,99.7,0
4/29/2017 12:00,0.45,99.7,0
4/29/2017 13:00,0.451,99.7,0
4/29/2017 14:00,0.452,99.7,0
4/29/2017 15:00,0.453,99.7,0
4/29/2017 16:00,0.455,99.7,0
4/29/2017 17:00,0.456,99.7,0
4/29/2017 18:00,0.457,99.7,0
4/29/2017 19:00,0.458,99.7,0
4/29/2017 20:00,0.459,99.7,0
4/29/2017 21:00,0.46,99.7,0
4/29/2017 22:00,0.46,99.7,0
4/29/2017 23:00,0.459,99.7,0
4/30/2017 0:00,0.459,99.7,0
4/30/2017 1:00,0.459,99.7,0
4/30/2017 2:00,0.458,99.7,0
4/30/2017 3:00,0.457,99.7,0
4/30/2017 4:00,0.456,99.7,0
4/30/2017 5:00,0.456,99.7,0
4/30/2017 6:00,0.454,99.7,0
4/30/2017 7:00,0.454,99.7,0
4/30/2017 8:00,0.453,99.7,0
4/30/2017 9:00,0.454,99.7,0
4/30/2017 10:00,0.453,99.7,0
4/30/2017 11:00,0.452,99.7,0
4/30/2017 12:00,0.453,99.7,0
4/30/2017 13:00,0.453,99.7,0
4/30/2017 14:00,0.453,99.7,0
4/30/2017 15:00,0.455,99.7,0
4/30/2017 16:00,0.456,99.7,0
4/30/2017 17:00,0.457,99.7,0
4/30/2017 18:00,0.46,99.7,0
4/30/2017 19:00,0.46,99.7,0
4/30/2017 20:00,0.461,99.7,0
4/30/2017 21:00,0.462,99.7,0
4/30/2017 22:00,0.462,99.7,0
4/30/2017 23:00,0.461,99.7,0
5/1/2017 0:00,0.46,99.7,0
5/1/2017 1:00,0.46,99.7,0
5/1/2017 2:00,0.46,99.7,0
5/1/2017 3:00,0.459,99.7,0
5/1/2017 4:00,0.458,99.7,0
5/1/2017 5:00,0.457,99.7,0
5/1/2017 6:00,0.457,99.7,0
5/1/2017 7:00,0.456,99.7,0
5/1/2017 8:00,0.456,99.7,0
5/1/2017 9:00,0.456,99.7,0
5/1/2017 10:00,0.455,99.7,0
5/1/2017 11:00,0.454,99.7,0
5/1/2017 12:00,0.455,99.7,0
5/1/2017 13:00,0.455,99.7,0
5/1/2017 14:00,0.456,99.7,0
5/1/2017 15:00,0.457,99.7,0
5/1/2017 16:00,0.458,99.7,0
5/1/2017 17:00,0.46,99.7,0
5/1/2017 18:00,0.461,99.7,0
5/1/2017 19:00,0.462,99.7,0
5/1/2017 20:00,0.463,99.7,0
5/1/2017 21:00,0.463,99.7,0
5/1/2017 22:00,0.463,99.7,0
5/1/2017 23:00,0.463,99.7,0
5/2/2017 0:00,0.462,99.7,0
5/2/2017 1:00,0.462,99.7,0
5/2/2017 2:00,0.461,99.7,0
5/2/2017 3:00,0.46,99.7,0
5/2/2017 4:00,0.46,99.7,0
5/2/2017 5:00,0.459,99.7,0
5/2/2017 6:00,0.458,99.7,0
5/2/2017 7:00,0.458,99.7,0
5/2/2017 8:00,0.457,99.7,0
5/2/2017 9:00,0.457,99.7,0
5/2/2017 10:00,0.456,99.7,0
5/2/2017 11:00,0.455,99.7,0
5/2/2017 12:00,0.456,99.7,0
5/2/2017 13:00,0.456,99.7,0
5/2/2017 14:00,0.457,99.7,0
5/2/2017 15:00,0.459,99.7,0
5/2/2017 16:00,0.46,99.7,0
5/2/2017 17:00,0.461,99.7,0
5/2/2017 18:00,0.462,99.7,0
5/2/2017 19:00,0.464,99.7,0
5/2/2017 20:00,0.464,99.7,0
5/2/2017 21:00,0.464,99.7,0
5/2/2017 22:00,0.465,99.7,0
5/2/2017 23:00,0.464,99.7,0
5/3/2017 0:00,0.464,99.7,0
5/3/2017 1:00,0.464,99.7,0
5/3/2017 2:00,0.463,99.7,0
5/3/2017 3:00,0.462,99.7,0
5/3/2017 4:00,0.462,99.7,0
5/3/2017 5:00,0.462,99.7,0
5/3/2017 6:00,0.461,99.7,0
5/3/2017 7:00,0.46,99.7,0
5/3/2017 8:00,0.46,99.7,0
5/3/2017 9:00,0.46,99.7,0
5/3/2017 10:00,0.459,99.7,0
5/3/2017 11:00,0.459,99.7,0
5/3/2017 12:00,0.459,99.7,0
5/3/2017 13:00,0.46,99.7,0
5/3/2017 14:00,0.461,99.7,0
5/3/2017 15:00,0.462,99.7,0
5/3/2017 16:00,0.463,99.7,0
5/3/2017 17:00,0.465,99.7,0
5/3/2017 18:00,0.466,99.7,0
5/3/2017 19:00,0.468,99.7,0
5/3/2017 20:00,0.468,99.7,0
5/3/2017 21:00,0.469,99.7,0
5/3/2017 22:00,0.469,99.7,0
5/3/2017 23:00,0.469,99.7,0
5/4/2017 0:00,0.468,99.7,0
5/4/2017 1:00,0.468,99.7,0
5/4/2017 2:00,0.467,99.7,0
5/4/2017 3:00,0.466,99.7,0
5/4/2017 4:00,0.466,99.7,0
5/4/2017 5:00,0.465,99.7,0
5/4/2017 6:00,0.464,99.7,0
5/4/2017 7:00,0.464,99.7,0
5/4/2017 8:00,0.463,99.7,0
5/4/2017 9:00,0.463,99.7,0
5/4/2017 10:00,0.463,99.7,0
5/4/2017 11:00,0.462,99.7,0
5/4/2017 12:00,0.462,99.7,0
5/4/2017 13:00,0.463,99.7,0
5/4/2017 14:00,0.464,99.7,0
5/4/2017 15:00,0.465,99.7,0
5/4/2017 16:00,0.467,99.7,0
5/4/2017 17:00,0.468,99.7,0
5/4/2017 18:00,0.469,99.7,0
5/4/2017 19:00,0.469,99.7,0
5/4/2017 20:00,0.47,99.7,0
5/4/2017 21:00,0.47,99.7,0
5/4/2017 22:00,0.47,99.7,0
5/4/2017 23:00,0.469,99.7,0
5/5/2017 0:00,0.469,99.7,0
5/5/2017 1:00,0.468,99.7,0
5/5/2017 2:00,0.468,99.7,0
5/5/2017 3:00,0.466,99.7,0
5/5/2017 4:00,0.466,99.7,0
5/5/2017 5:00,0.465,99.7,0
5/5/2017 6:00,0.465,99.7,0
5/5/2017 7:00,0.464,99.7,0
5/5/2017 8:00,0.464,99.7,0
5/5/2017 9:00,0.463,99.7,0
5/5/2017 10:00,0.463,99.7,0
5/5/2017 11:00,0.462,99.7,0
5/5/2017 12:00,0.462,99.7,0
5/5/2017 13:00,0.462,99.7,0
5/5/2017 14:00,0.462,99.7,0
5/5/2017 15:00,0.462,99.7,0
5/5/2017 16:00,0.462,99.7,0
5/5/2017 17:00,0.462,99.7,0
5/5/2017 18:00,0.461,99.7,0
5/5/2017 19:00,0.461,99.7,0
5/5/2017 20:00,0.461,99.7,0
5/5/2017 21:00,0.461,99.7,0
5/5/2017 22:00,0.46,99.7,0
5/5/2017 23:00,0.459,99.7,0
5/6/2017 0:00,0.458,99.7,0
5/6/2017 1:00,0.458,99.7,0
5/6/2017 2:00,0.458,99.7,0
5/6/2017 3:00,0.456,99.7,0
5/6/2017 4:00,0.456,99.7,0
5/6/2017 5:00,0.456,99.7,0
5/6/2017 6:00,0.455,99.7,0
5/6/2017 7:00,0.454,99.7,0
5/6/2017 8:00,0.454,99.7,0
5/6/2017 9:00,0.454,99.7,0
5/6/2017 10:00,0.454,99.7,0
5/6/2017 11:00,0.453,99.7,0
5/6/2017 12:00,0.454,99.7,0
5/6/2017 13:00,0.455,99.7,0
5/6/2017 14:00,0.455,99.7,0
5/6/2017 15:00,0.456,99.7,0
5/6/2017 16:00,0.457,99.7,0
5/6/2017 17:00,0.458,99.7,0
5/6/2017 18:00,0.459,99.7,0
5/6/2017 19:00,0.459,99.7,0
5/6/2017 20:00,0.46,99.7,0
5/6/2017 21:00,0.46,99.7,0
5/6/2017 22:00,0.46,99.7,0
5/6/2017 23:00,0.46,99.7,0
5/7/2017 0:00,0.459,99.7,0
5/7/2017 1:00,0.458,99.7,0
5/7/2017 2:00,0.458,99.7,0
5/7/2017 3:00,0.457,99.7,0
5/7/2017 4:00,0.456,99.7,0
5/7/2017 5:00,0.456,99.7,0
5/7/2017 6:00,0.455,99.7,0
5/7/2017 7:00,0.454,99.7,0
5/7/2017 8:00,0.453,99.7,0
5/7/2017 9:00,0.454,99.7,0
5/7/2017 10:00,0.453,99.7,0
5/7/2017 11:00,0.451,99.7,0
5/7/2017 12:00,0.452,99.7,0
5/7/2017 13:00,0.452,99.7,0
5/7/2017 14:00,0.453,99.7,0
5/7/2017 15:00,0.454,99.7,0
5/7/2017 16:00,0.456,99.7,0
5/7/2017 17:00,0.457,99.7,0
5/7/2017 18:00,0.459,99.7,0
5/7/2017 19:00,0.46,99.7,0
5/7/2017 20:00,0.46,99.7,0
5/7/2017 21:00,0.46,99.7,0
5/7/2017 22:00,0.46,99.7,0
5/7/2017 23:00,0.46,99.7,0
5/8/2017 0:00,0.46,99.7,0
5/8/2017 1:00,0.459,99.7,0
5/8/2017 2:00,0.458,99.7,0
5/8/2017 3:00,0.458,99.7,0
5/8/2017 4:00,0.456,99.7,0
5/8/2017 5:00,0.456,99.7,0
5/8/2017 6:00,0.455,99.7,0
5/8/2017 7:00,0.455,99.7,0
5/8/2017 8:00,0.454,99.7,0
5/8/2017 9:00,0.454,99.7,0
5/8/2017 10:00,0.454,99.7,0
5/8/2017 11:00,0.453,99.7,0
5/8/2017 12:00,0.453,99.7,0
5/8/2017 13:00,0.454,99.7,0
5/8/2017 14:00,0.455,99.7,0
5/8/2017 15:00,0.456,99.7,0
5/8/2017 16:00,0.458,99.7,0
5/8/2017 17:00,0.46,99.7,0
5/8/2017 18:00,0.461,99.7,0
5/8/2017 19:00,0.462,99.7,0
5/8/2017 20:00,0.462,99.7,0
5/8/2017 21:00,0.463,99.7,0
5/8/2017 22:00,0.463,99.7,0
5/8/2017 23:00,0.463,99.7,0
5/9/2017 0:00,0.462,99.7,0
5/9/2017 1:00,0.462,99.7,0
5/9/2017 2:00,0.461,99.7,0
5/9/2017 3:00,0.46,99.7,0
5/9/2017 4:00,0.459,99.7,0
5/9/2017 5:00,0.458,99.7,0
5/9/2017 6:00,0.458,99.7,0
5/9/2017 7:00,0.457,99.7,0
5/9/2017 8:00,0.456,99.7,0
5/9/2017 9:00,0.456,99.7,0
5/9/2017 10:00,0.456,99.7,0
5/9/2017 11:00,0.455,99.7,0
5/9/2017 12:00,0.455,99.7,0
5/9/2017 13:00,0.456,99.7,0
5/9/2017 14:00,0.457,99.7,0
5/9/2017 15:00,0.458,99.7,0
5/9/2017 16:00,0.459,99.7,0
5/9/2017 17:00,0.46,99.7,0
5/9/2017 18:00,0.462,99.7,0
5/9/2017 19:00,0.463,99.7,0
5/9/2017 20:00,0.464,99.7,0
5/9/2017 21:00,0.464,99.7,0
5/9/2017 22:00,0.464,99.7,0
5/9/2017 23:00,0.464,99.7,0
5/10/2017 0:00,0.464,99.7,0
5/10/2017 1:00,0.463,99.7,0
5/10/2017 2:00,0.462,99.7,0
5/10/2017 3:00,0.461,99.7,0
5/10/2017 4:00,0.461,99.7,0
5/10/2017 5:00,0.46,99.7,0
5/10/2017 6:00,0.46,99.7,0
5/10/2017 7:00,0.458,99.7,0
5/10/2017 8:00,0.458,99.7,0
5/10/2017 9:00,0.458,99.7,0
5/10/2017 10:00,0.458,99.7,0
5/10/2017 11:00,0.457,99.7,0
5/10/2017 12:00,0.457,99.7,0
5/10/2017 13:00,0.458,99.7,0
5/10/2017 14:00,0.459,99.7,0
5/10/2017 15:00,0.46,99.7,0
5/10/2017 16:00,0.461,99.7,0
5/10/2017 17:00,0.463,99.7,0
5/10/2017 18:00,0.464,99.7,0
5/10/2017 19:00,0.465,99.7,0
5/10/2017 20:00,0.465,99.7,0
5/10/2017 21:00,0.465,99.7,0
5/10/2017 22:00,0.465,99.7,0
5/10/2017 23:00,0.464,99.7,0
5/11/2017 0:00,0.464,99.7,0
5/11/2017 1:00,0.463,99.7,0
5/11/2017 2:00,0.462,99.7,0
5/11/2017 3:00,0.462,99.7,0
5/11/2017 4:00,0.461,99.7,0
5/11/2017 5:00,0.46,99.7,0
5/11/2017 6:00,0.459,99.7,0
5/11/2017 7:00,0.458,99.7,0
5/11/2017 8:00,0.458,99.7,0
5/11/2017 9:00,0.458,99.7,0
5/11/2017 10:00,0.458,99.7,0
5/11/2017 11:00,0.458,99.7,0
5/11/2017 12:00,0.458,99.7,0
5/11/2017 13:00,0.458,99.7,0
5/11/2017 14:00,0.46,100.2,5
5/11/2017 15:00,0.459,100.2,0
5/11/2017 16:00,0.459,100.2,0
5/11/2017 17:00,0.459,100.2,0
5/11/2017 18:00,0.46,100.2,0
5/11/2017 19:00,0.46,100.2,0
5/11/2017 20:00,0.459,100.2,0
5/11/2017 21:00,0.458,100.3,1
5/11/2017 22:00,0.459,100.3,0
5/11/2017 23:00,0.458,100.3,0
5/12/2017 0:00,0.458,100.3,0
5/12/2017 1:00,0.458,100.3,0
5/12/2017 2:00,0.457,100.3,0
5/12/2017 3:00,0.456,100.3,0
5/12/2017 4:00,0.456,100.3,0
5/12/2017 5:00,0.456,100.3,0
5/12/2017 6:00,0.455,100.3,0
5/12/2017 7:00,0.454,100.3,0
5/12/2017 8:00,0.454,100.3,0
5/12/2017 9:00,0.454,100.3,0
5/12/2017 10:00,0.454,100.3,0
5/12/2017 11:00,0.454,100.3,0
5/12/2017 12:00,0.453,100.3,0
5/12/2017 13:00,0.454,100.4,1
5/12/2017 14:00,0.454,100.4,0
5/12/2017 15:00,0.455,100.4,0
5/12/2017 16:00,0.456,100.4,0
5/12/2017 17:00,0.456,100.4,0
5/12/2017 18:00,0.456,100.4,0
5/12/2017 19:00,0.458,100.6,2
5/12/2017 20:00,0.458,100.7,1
5/12/2017 21:00,0.457,100.7,0
5/12/2017 22:00,0.457,100.7,0
5/12/2017 23:00,0.456,100.7,0
5/13/2017 0:00,0.456,100.7,0
5/13/2017 1:00,0.456,100.7,0
5/13/2017 2:00,0.455,100.7,0
5/13/2017 3:00,0.454,100.7,0
5/13/2017 4:00,0.454,100.8,1
5/13/2017 5:00,0.454,100.8,0
5/13/2017 6:00,0.453,100.8,0
5/13/2017 7:00,0.453,100.8,0
5/13/2017 8:00,0.453,100.8,0
5/13/2017 9:00,0.453,100.8,0
5/13/2017 10:00,0.453,100.8,0
5/13/2017 11:00,0.452,100.8,0
5/13/2017 12:00,0.453,100.8,0
5/13/2017 13:00,0.453,100.8,0
5/13/2017 14:00,0.454,100.8,0
5/13/2017 15:00,0.455,100.8,0
5/13/2017 16:00,0.456,100.8,0
5/13/2017 17:00,0.457,100.8,0
5/13/2017 18:00,0.457,100.8,0
5/13/2017 19:00,0.458,100.8,0
5/13/2017 20:00,0.458,100.8,0
5/13/2017 21:00,0.457,100.8,0
5/13/2017 22:00,0.457,100.8,0
5/13/2017 23:00,0.457,100.8,0
5/14/2017 0:00,0.456,100.8,0
5/14/2017 1:00,0.456,100.8,0
5/14/2017 2:00,0.456,100.8,0
5/14/2017 3:00,0.455,100.8,0
5/14/2017 4:00,0.455,100.8,0
5/14/2017 5:00,0.454,100.8,0
5/14/2017 6:00,0.454,100.8,0
5/14/2017 7:00,0.454,100.8,0
5/14/2017 8:00,0.453,100.8,0
5/14/2017 9:00,0.453,100.8,0
5/14/2017 10:00,0.453,100.8,0
5/14/2017 11:00,0.452,100.8,0
5/14/2017 12:00,0.453,100.8,0
5/14/2017 13:00,0.453,100.8,0
5/14/2017 14:00,0.454,100.8,0
5/14/2017 15:00,0.455,100.8,0
5/14/2017 16:00,0.456,100.8,0
5/14/2017 17:00,0.458,100.8,0
5/14/2017 18:00,0.458,100.8,0
5/14/2017 19:00,0.459,100.8,0
5/14/2017 20:00,0.459,100.8,0
5/14/2017 21:00,0.46,100.8,0
5/14/2017 22:00,0.46,100.8,0
5/14/2017 23:00,0.46,100.8,0
5/15/2017 0:00,0.459,100.8,0
5/15/2017 1:00,0.459,100.8,0
5/15/2017 2:00,0.458,100.8,0
5/15/2017 3:00,0.458,100.8,0
5/15/2017 4:00,0.457,100.8,0
5/15/2017 5:00,0.456,100.8,0
5/15/2017 6:00,0.456,100.8,0
5/15/2017 7:00,0.455,100.8,0
5/15/2017 8:00,0.455,100.8,0
5/15/2017 9:00,0.455,100.8,0
5/15/2017 10:00,0.454,100.8,0
5/15/2017 11:00,0.454,100.8,0
5/15/2017 12:00,0.454,100.8,0
5/15/2017 13:00,0.454,100.8,0
5/15/2017 14:00,0.455,100.8,0
5/15/2017 15:00,0.456,100.8,0
5/15/2017 16:00,0.457,100.8,0
5/15/2017 17:00,0.458,100.8,0
5/15/2017 18:00,0.46,100.8,0
5/15/2017 19:00,0.46,100.8,0
5/15/2017 20:00,0.461,100.8,0
5/15/2017 21:00,0.462,100.8,0
5/15/2017 22:00,0.461,100.8,0
5/15/2017 23:00,0.461,100.8,0
5/16/2017 0:00,0.46,100.8,0
5/16/2017 1:00,0.46,100.8,0
5/16/2017 2:00,0.459,100.8,0
5/16/2017 3:00,0.458,100.8,0
5/16/2017 4:00,0.458,100.8,0
5/16/2017 5:00,0.456,100.8,0
5/16/2017 6:00,0.456,100.8,0
5/16/2017 7:00,0.456,100.8,0
5/16/2017 8:00,0.456,100.8,0
5/16/2017 9:00,0.456,100.8,0
5/16/2017 10:00,0.455,100.8,0
5/16/2017 11:00,0.455,100.8,0
5/16/2017 12:00,0.454,100.9,1
5/16/2017 13:00,0.455,101,1
5/16/2017 14:00,0.455,101,0
5/16/2017 15:00,0.456,101.3,3
5/16/2017 16:00,0.456,101.4,1
5/16/2017 17:00,0.456,101.5,1
5/16/2017 18:00,0.457,101.7,2
5/16/2017 19:00,0.458,101.8,1
5/16/2017 20:00,0.458,101.8,0
5/16/2017 21:00,0.458,101.8,0
5/16/2017 22:00,0.458,101.8,0
5/16/2017 23:00,0.458,101.8,0
5/17/2017 0:00,0.457,101.8,0
5/17/2017 1:00,0.456,101.8,0
5/17/2017 2:00,0.456,101.8,0
5/17/2017 3:00,0.456,101.8,0
5/17/2017 4:00,0.455,101.8,0
5/17/2017 5:00,0.454,101.8,0
5/17/2017 6:00,0.454,101.8,0
5/17/2017 7:00,0.453,101.8,0
5/17/2017 8:00,0.453,101.8,0
5/17/2017 9:00,0.453,101.8,0
5/17/2017 10:00,0.453,101.8,0
5/17/2017 11:00,0.452,101.8,0
5/17/2017 12:00,0.453,101.8,0
5/17/2017 13:00,0.453,101.8,0
5/17/2017 14:00,0.454,101.8,0
5/17/2017 15:00,0.455,101.8,0
5/17/2017 16:00,0.457,101.8,0
5/17/2017 17:00,0.458,101.8,0
5/17/2017 18:00,0.459,101.8,0
5/17/2017 19:00,0.461,101.8,0
5/17/2017 20:00,0.462,101.8,0
5/17/2017 21:00,0.462,101.8,0
5/17/2017 22:00,0.462,101.8,0
5/17/2017 23:00,0.462,101.8,0
5/18/2017 0:00,0.462,101.8,0
5/18/2017 1:00,0.461,101.8,0
5/18/2017 2:00,0.46,101.8,0
5/18/2017 3:00,0.46,101.8,0
5/18/2017 4:00,0.459,101.8,0
5/18/2017 5:00,0.458,101.8,0
5/18/2017 6:00,0.458,101.8,0
5/18/2017 7:00,0.457,101.8,0
5/18/2017 8:00,0.457,101.8,0
5/18/2017 9:00,0.457,101.8,0
5/18/2017 10:00,0.457,101.8,0
5/18/2017 11:00,0.456,101.8,0
5/18/2017 12:00,0.457,101.8,0
5/18/2017 13:00,0.457,101.8,0
5/18/2017 14:00,0.458,101.8,0
5/18/2017 15:00,0.46,101.8,0
5/18/2017 16:00,0.461,101.8,0
5/18/2017 17:00,0.462,101.8,0
5/18/2017 18:00,0.463,101.8,0
5/18/2017 19:00,0.465,101.8,0
5/18/2017 20:00,0.465,101.8,0
5/18/2017 21:00,0.466,101.8,0
5/18/2017 22:00,0.466,101.8,0
5/18/2017 23:00,0.466,101.8,0
5/19/2017 0:00,0.465,101.8,0
5/19/2017 1:00,0.464,101.8,0
5/19/2017 2:00,0.464,101.8,0
5/19/2017 3:00,0.463,101.8,0
5/19/2017 4:00,0.462,101.8,0
5/19/2017 5:00,0.461,101.8,0
5/19/2017 6:00,0.46,101.8,0
5/19/2017 7:00,0.46,101.8,0
5/19/2017 8:00,0.459,101.8,0
5/19/2017 9:00,0.459,101.8,0
5/19/2017 10:00,0.458,101.8,0
5/19/2017 11:00,0.457,101.8,0
5/19/2017 12:00,0.458,101.8,0
5/19/2017 13:00,0.457,101.8,0
5/19/2017 14:00,0.459,101.8,0
5/19/2017 15:00,0.46,101.8,0
5/19/2017 16:00,0.461,101.8,0
5/19/2017 17:00,0.462,101.8,0
5/19/2017 18:00,0.464,101.8,0
5/19/2017 19:00,0.465,101.8,0
5/19/2017 20:00,0.466,101.8,0
5/19/2017 21:00,0.466,101.8,0
5/19/2017 22:00,0.466,101.8,0
5/19/2017 23:00,0.466,101.8,0
5/20/2017 0:00,0.466,101.8,0
5/20/2017 1:00,0.465,101.8,0
5/20/2017 2:00,0.464,101.8,0
5/20/2017 3:00,0.464,101.8,0
5/20/2017 4:00,0.463,101.8,0
5/20/2017 5:00,0.462,101.8,0
5/20/2017 6:00,0.462,101.8,0
5/20/2017 7:00,0.461,101.8,0
5/20/2017 8:00,0.461,101.8,0
5/20/2017 9:00,0.461,101.8,0
5/20/2017 10:00,0.461,101.8,0
5/20/2017 11:00,0.46,101.8,0
5/20/2017 12:00,0.46,101.8,0
5/20/2017 13:00,0.461,101.8,0
5/20/2017 14:00,0.462,101.8,0
5/20/2017 15:00,0.463,101.8,0
5/20/2017 16:00,0.464,101.8,0
5/20/2017 17:00,0.466,101.8,0
5/20/2017 18:00,0.467,101.8,0
5/20/2017 19:00,0.468,101.8,0
5/20/2017 20:00,0.468,101.8,0
5/20/2017 21:00,0.468,101.8,0
5/20/2017 22:00,0.468,101.8,0
5/20/2017 23:00,0.468,101.8,0
5/21/2017 0:00,0.468,101.8,0
5/21/2017 1:00,0.467,101.8,0
5/21/2017 2:00,0.466,101.8,0
5/21/2017 3:00,0.465,101.8,0
5/21/2017 4:00,0.465,101.8,0
5/21/2017 5:00,0.464,101.8,0
5/21/2017 6:00,0.463,101.8,0
5/21/2017 7:00,0.462,101.8,0
5/21/2017 8:00,0.462,101.8,0
5/21/2017 9:00,0.461,101.8,0
5/21/2017 10:00,0.46,101.8,0
5/21/2017 11:00,0.46,101.8,0
5/21/2017 12:00,0.46,101.8,0
5/21/2017 13:00,0.461,101.8,0
5/21/2017 14:00,0.461,101.8,0
5/21/2017 15:00,0.463,101.8,0
5/21/2017 16:00,0.464,101.8,0
5/21/2017 17:00,0.465,101.8,0
5/21/2017 18:00,0.466,101.8,0
5/21/2017 19:00,0.468,101.8,0
5/21/2017 20:00,0.468,101.8,0
5/21/2017 21:00,0.469,101.8,0
5/21/2017 22:00,0.469,101.8,0
5/21/2017 23:00,0.468,101.8,0
5/22/2017 0:00,0.468,101.8,0
5/22/2017 1:00,0.468,101.8,0
5/22/2017 2:00,0.467,101.8,0
5/22/2017 3:00,0.466,101.8,0
5/22/2017 4:00,0.465,101.8,0
5/22/2017 5:00,0.464,101.8,0
5/22/2017 6:00,0.464,101.8,0
5/22/2017 7:00,0.463,101.8,0
5/22/2017 8:00,0.463,101.8,0
5/22/2017 9:00,0.462,101.8,0
5/22/2017 10:00,0.462,101.8,0
5/22/2017 11:00,0.461,101.8,0
5/22/2017 12:00,0.461,101.8,0
5/22/2017 13:00,0.462,101.8,0
5/22/2017 14:00,0.462,101.8,0
5/22/2017 15:00,0.463,101.8,0
5/22/2017 16:00,0.464,101.8,0
5/22/2017 17:00,0.466,101.8,0
5/22/2017 18:00,0.466,101.8,0
5/22/2017 19:00,0.468,101.8,0
5/22/2017 20:00,0.469,101.8,0
5/22/2017 21:00,0.469,101.8,0
5/22/2017 22:00,0.469,101.8,0
5/22/2017 23:00,0.469,101.8,0
5/23/2017 0:00,0.468,101.8,0
5/23/2017 1:00,0.468,101.8,0
5/23/2017 2:00,0.468,101.8,0
5/23/2017 3:00,0.466,101.8,0
5/23/2017 4:00,0.465,101.8,0
5/23/2017 5:00,0.464,101.8,0
5/23/2017 6:00,0.464,101.8,0
5/23/2017 7:00,0.463,101.8,0
5/23/2017 8:00,0.462,101.8,0
5/23/2017 9:00,0.462,101.8,0
5/23/2017 10:00,0.461,101.8,0
5/23/2017 11:00,0.46,101.8,0
5/23/2017 12:00,0.46,101.8,0
5/23/2017 13:00,0.461,101.8,0
5/23/2017 14:00,0.461,101.8,0
5/23/2017 15:00,0.463,101.8,0
5/23/2017 16:00,0.463,101.8,0
5/23/2017 17:00,0.465,101.8,0
5/23/2017 18:00,0.466,101.8,0
5/23/2017 19:00,0.467,101.8,0
5/23/2017 20:00,0.467,101.8,0
5/23/2017 21:00,0.468,101.8,0
5/23/2017 22:00,0.468,101.8,0
5/23/2017 23:00,0.467,101.8,0
5/24/2017 0:00,0.467,101.8,0
5/24/2017 1:00,0.466,101.8,0
5/24/2017 2:00,0.466,101.8,0
5/24/2017 3:00,0.465,101.8,0
5/24/2017 4:00,0.464,101.8,0
5/24/2017 5:00,0.463,101.8,0
5/24/2017 6:00,0.462,101.8,0
5/24/2017 7:00,0.462,101.8,0
5/24/2017 8:00,0.461,101.8,0
5/24/2017 9:00,0.46,101.8,0
5/24/2017 10:00,0.46,101.8,0
5/24/2017 11:00,0.459,101.8,0
5/24/2017 12:00,0.459,101.8,0
5/24/2017 13:00,0.459,101.8,0
5/24/2017 14:00,0.459,101.8,0
5/24/2017 15:00,0.46,101.8,0
5/24/2017 16:00,0.462,101.8,0
5/24/2017 17:00,0.462,101.8,0
5/24/2017 18:00,0.463,101.8,0
5/24/2017 19:00,0.464,101.8,0
5/24/2017 20:00,0.464,101.8,0
5/24/2017 21:00,0.464,101.8,0
5/24/2017 22:00,0.464,101.8,0
5/24/2017 23:00,0.464,101.8,0
5/25/2017 0:00,0.463,101.8,0
5/25/2017 1:00,0.461,101.8,0
5/25/2017 2:00,0.461,101.8,0
5/25/2017 3:00,0.46,101.8,0
5/25/2017 4:00,0.459,101.8,0
5/25/2017 5:00,0.458,101.8,0
5/25/2017 6:00,0.457,101.8,0
5/25/2017 7:00,0.456,101.8,0
5/25/2017 8:00,0.456,101.8,0
5/25/2017 9:00,0.455,101.8,0
5/25/2017 10:00,0.454,101.8,0
5/25/2017 11:00,0.454,101.8,0
5/25/2017 12:00,0.453,101.8,0
5/25/2017 13:00,0.453,101.8,0
5/25/2017 14:00,0.453,101.8,0
5/25/2017 15:00,0.454,101.8,0
5/25/2017 16:00,0.455,101.8,0
5/25/2017 17:00,0.456,101.8,0
5/25/2017 18:00,0.457,101.8,0
5/25/2017 19:00,0.458,101.8,0
5/25/2017 20:00,0.458,101.8,0
5/25/2017 21:00,0.459,101.8,0
5/25/2017 22:00,0.459,101.8,0
5/25/2017 23:00,0.458,101.8,0
5/26/2017 0:00,0.457,101.8,0
5/26/2017 1:00,0.456,101.8,0
5/26/2017 2:00,0.456,101.8,0
5/26/2017 3:00,0.454,101.8,0
5/26/2017 4:00,0.454,101.8,0
5/26/2017 5:00,0.452,101.8,0
5/26/2017 6:00,0.451,101.8,0
5/26/2017 7:00,0.45,101.8,0
5/26/2017 8:00,0.45,101.8,0
5/26/2017 9:00,0.45,101.8,0
5/26/2017 10:00,0.449,101.8,0
5/26/2017 11:00,0.449,101.8,0
5/26/2017 12:00,0.448,101.8,0
5/26/2017 13:00,0.448,101.8,0
5/26/2017 14:00,0.449,101.8,0
5/26/2017 15:00,0.449,101.8,0
5/26/2017 16:00,0.451,101.8,0
5/26/2017 17:00,0.452,101.8,0
5/26/2017 18:00,0.453,101.8,0
5/26/2017 19:00,0.453,101.8,0
5/26/2017 20:00,0.454,101.8,0
5/26/2017 21:00,0.455,101.8,0
5/26/2017 22:00,0.455,101.8,0
5/26/2017 23:00,0.454,101.8,0
5/27/2017 0:00,0.454,101.8,0
5/27/2017 1:00,0.452,101.8,0
5/27/2017 2:00,0.451,101.8,0
5/27/2017 3:00,0.451,101.8,0
5/27/2017 4:00,0.45,101.8,0
5/27/2017 5:00,0.449,101.8,0
5/27/2017 6:00,0.448,101.8,0
5/27/2017 7:00,0.447,101.8,0
5/27/2017 8:00,0.447,101.8,0
5/27/2017 9:00,0.447,101.8,0
5/27/2017 10:00,0.447,101.8,0
5/27/2017 11:00,0.445,101.8,0
5/27/2017 12:00,0.446,101.8,0
5/27/2017 13:00,0.446,101.8,0
5/27/2017 14:00,0.447,101.8,0
5/27/2017 15:00,0.447,101.8,0
5/27/2017 16:00,0.448,101.8,0
5/27/2017 17:00,0.449,101.8,0
5/27/2017 18:00,0.451,101.8,0
5/27/2017 19:00,0.452,101.8,0
5/27/2017 20:00,0.452,101.8,0
5/27/2017 21:00,0.452,101.8,0
5/27/2017 22:00,0.452,101.8,0
5/27/2017 23:00,0.452,101.8,0
5/28/2017 0:00,0.451,101.8,0
5/28/2017 1:00,0.451,101.8,0
5/28/2017 2:00,0.449,101.8,0
5/28/2017 3:00,0.449,101.8,0
5/28/2017 4:00,0.448,101.8,0
5/28/2017 5:00,0.447,101.8,0
5/28/2017 6:00,0.446,101.8,0
5/28/2017 7:00,0.445,101.8,0
5/28/2017 8:00,0.445,101.8,0
5/28/2017 9:00,0.444,101.8,0
5/28/2017 10:00,0.444,101.8,0
5/28/2017 11:00,0.444,101.8,0
5/28/2017 12:00,0.443,101.8,0
5/28/2017 13:00,0.443,101.8,0
5/28/2017 14:00,0.44,101.8,0
5/28/2017 15:00,0.44,101.8,0
5/28/2017 16:00,0.441,101.8,0
5/28/2017 17:00,0.442,101.8,0
5/28/2017 18:00,0.443,101.8,0
5/28/2017 19:00,0.443,101.8,0
5/28/2017 20:00,0.443,101.8,0
5/28/2017 21:00,0.444,101.8,0
5/28/2017 22:00,0.444,101.8,0
5/28/2017 23:00,0.443,101.8,0
5/29/2017 0:00,0.443,101.8,0
5/29/2017 1:00,0.442,101.8,0
5/29/2017 2:00,0.441,101.8,0
5/29/2017 3:00,0.44,101.8,0
5/29/2017 4:00,0.439,101.8,0
5/29/2017 5:00,0.438,101.8,0
5/29/2017 6:00,0.437,101.8,0
5/29/2017 7:00,0.436,101.8,0
5/29/2017 8:00,0.435,101.9,1
5/29/2017 9:00,0.435,101.9,0
5/29/2017 10:00,0.435,101.9,0
5/29/2017 11:00,0.435,101.9,0
5/29/2017 12:00,0.434,101.9,0
5/29/2017 13:00,0.434,101.9,0
5/29/2017 14:00,0.434,101.9,0
5/29/2017 15:00,0.435,101.9,0
5/29/2017 16:00,0.435,101.9,0
5/29/2017 17:00,0.436,101.9,0
5/29/2017 18:00,0.436,101.9,0
5/29/2017 19:00,0.437,101.9,0
5/29/2017 20:00,0.437,101.9,0
5/29/2017 21:00,0.437,101.9,0
5/29/2017 22:00,0.438,101.9,0
5/29/2017 23:00,0.437,101.9,0
5/30/2017 0:00,0.436,101.9,0
5/30/2017 1:00,0.435,101.9,0
5/30/2017 2:00,0.435,101.9,0
5/30/2017 3:00,0.433,101.9,0
5/30/2017 4:00,0.433,101.9,0
5/30/2017 5:00,0.432,101.9,0
5/30/2017 6:00,0.431,101.9,0
5/30/2017 7:00,0.431,101.9,0
5/30/2017 8:00,0.43,101.9,0
5/30/2017 9:00,0.43,101.9,0
5/30/2017 10:00,0.429,101.9,0
5/30/2017 11:00,0.429,101.9,0
5/30/2017 12:00,0.428,101.9,0
5/30/2017 13:00,0.428,101.9,0
5/30/2017 14:00,0.428,101.9,0
5/30/2017 15:00,0.428,101.9,0
5/30/2017 16:00,0.428,101.9,0
5/30/2017 17:00,0.429,101.9,0
5/30/2017 18:00,0.429,101.9,0
5/30/2017 19:00,0.429,101.9,0
5/30/2017 20:00,0.429,101.9,0
5/30/2017 21:00,0.428,101.9,0
5/30/2017 22:00,0.428,101.9,0
5/30/2017 23:00,0.427,101.9,0
5/31/2017 0:00,0.427,101.9,0
5/31/2017 1:00,0.426,101.9,0
5/31/2017 2:00,0.426,101.9,0
5/31/2017 3:00,0.425,101.9,0
5/31/2017 4:00,0.425,101.9,0
5/31/2017 5:00,0.424,101.9,0
5/31/2017 6:00,0.424,101.9,0
5/31/2017 7:00,0.423,101.9,0
5/31/2017 8:00,0.423,101.9,0
5/31/2017 9:00,0.423,101.9,0
5/31/2017 10:00,0.422,101.9,0
5/31/2017 11:00,0.421,101.9,0
5/31/2017 12:00,0.421,101.9,0
5/31/2017 13:00,0.421,101.9,0
5/31/2017 14:00,0.421,101.9,0
5/31/2017 15:00,0.422,101.9,0
5/31/2017 16:00,0.424,101.9,0
5/31/2017 17:00,0.425,101.9,0
5/31/2017 18:00,0.426,101.9,0
5/31/2017 19:00,0.426,101.9,0
5/31/2017 20:00,0.427,101.9,0
5/31/2017 21:00,0.427,101.9,0
5/31/2017 22:00,0.427,101.9,0
5/31/2017 23:00,0.427,101.9,0
6/1/2017 0:00,0.426,101.9,0
6/1/2017 1:00,0.426,101.9,0
6/1/2017 2:00,0.425,101.9,0
6/1/2017 3:00,0.425,101.9,0
6/1/2017 4:00,0.424,101.9,0
6/1/2017 5:00,0.423,101.9,0
6/1/2017 6:00,0.423,101.9,0
6/1/2017 7:00,0.422,101.9,0
6/1/2017 8:00,0.422,101.9,0
6/1/2017 9:00,0.421,101.9,0
6/1/2017 10:00,0.421,101.9,0
6/1/2017 11:00,0.42,101.9,0
6/1/2017 12:00,0.419,101.9,0
6/1/2017 13:00,0.419,101.9,0
6/1/2017 14:00,0.419,101.9,0
6/1/2017 15:00,0.42,101.9,0
6/1/2017 16:00,0.421,101.9,0
6/1/2017 17:00,0.421,101.9,0
6/1/2017 18:00,0.423,101.9,0
6/1/2017 19:00,0.423,101.9,0
6/1/2017 20:00,0.424,101.9,0
6/1/2017 21:00,0.424,101.9,0
6/1/2017 22:00,0.425,101.9,0
6/1/2017 23:00,0.424,101.9,0
6/2/2017 0:00,0.423,101.9,0
6/2/2017 1:00,0.422,101.9,0
6/2/2017 2:00,0.421,101.9,0
6/2/2017 3:00,0.42,101.9,0
6/2/2017 4:00,0.419,101.9,0
6/2/2017 5:00,0.418,101.9,0
6/2/2017 6:00,0.417,101.9,0
6/2/2017 7:00,0.417,101.9,0
6/2/2017 8:00,0.416,101.9,0
6/2/2017 9:00,0.415,101.9,0
6/2/2017 10:00,0.415,101.9,0
6/2/2017 11:00,0.414,101.9,0
6/2/2017 12:00,0.413,101.9,0
6/2/2017 13:00,0.413,101.9,0
6/2/2017 14:00,0.413,101.9,0
6/2/2017 15:00,0.413,101.9,0
6/2/2017 16:00,0.415,101.9,0
6/2/2017 17:00,0.416,101.9,0
6/2/2017 18:00,0.416,101.9,0
6/2/2017 19:00,0.417,101.9,0
6/2/2017 20:00,0.418,101.9,0
6/2/2017 21:00,0.418,101.9,0
6/2/2017 22:00,0.418,101.9,0
6/2/2017 23:00,0.418,101.9,0
6/3/2017 0:00,0.417,101.9,0
6/3/2017 1:00,0.417,101.9,0
6/3/2017 2:00,0.415,101.9,0
6/3/2017 3:00,0.415,101.9,0
6/3/2017 4:00,0.414,101.9,0
6/3/2017 5:00,0.412,101.9,0
6/3/2017 6:00,0.412,101.9,0
6/3/2017 7:00,0.41,101.9,0
6/3/2017 8:00,0.41,101.9,0
6/3/2017 9:00,0.41,101.9,0
6/3/2017 10:00,0.409,101.9,0
6/3/2017 11:00,0.408,101.9,0
6/3/2017 12:00,0.408,101.9,0
6/3/2017 13:00,0.407,101.9,0
6/3/2017 14:00,0.406,101.9,0
6/3/2017 15:00,0.407,101.9,0
6/3/2017 16:00,0.408,101.9,0
6/3/2017 17:00,0.41,101.9,0
6/3/2017 18:00,0.41,101.9,0
6/3/2017 19:00,0.412,101.9,0
6/3/2017 20:00,0.412,101.9,0
6/3/2017 21:00,0.413,101.9,0
6/3/2017 22:00,0.412,101.9,0
6/3/2017 23:00,0.412,101.9,0
6/4/2017 0:00,0.41,101.9,0
6/4/2017 1:00,0.409,101.9,0
6/4/2017 2:00,0.408,101.9,0
6/4/2017 3:00,0.407,101.9,0
6/4/2017 4:00,0.406,101.9,0
6/4/2017 5:00,0.405,101.9,0
6/4/2017 6:00,0.404,101.9,0
6/4/2017 7:00,0.403,101.9,0
6/4/2017 8:00,0.402,101.9,0
6/4/2017 9:00,0.402,101.9,0
6/4/2017 10:00,0.402,101.9,0
6/4/2017 11:00,0.4,101.9,0
6/4/2017 12:00,0.4,101.9,0
6/4/2017 13:00,0.4,101.9,0
6/4/2017 14:00,0.399,101.9,0
6/4/2017 15:00,0.4,101.9,0
6/4/2017 16:00,0.402,101.9,0
6/4/2017 17:00,0.403,101.9,0
6/4/2017 18:00,0.404,101.9,0
6/4/2017 19:00,0.405,101.9,0
6/4/2017 20:00,0.406,101.9,0
6/4/2017 21:00,0.407,101.9,0
6/4/2017 22:00,0.406,101.9,0
6/4/2017 23:00,0.406,101.9,0
6/5/2017 0:00,0.405,101.9,0
6/5/2017 1:00,0.404,101.9,0
6/5/2017 2:00,0.402,101.9,0
6/5/2017 3:00,0.401,101.9,0
6/5/2017 4:00,0.4,101.9,0
6/5/2017 5:00,0.399,101.9,0
6/5/2017 6:00,0.398,101.9,0
6/5/2017 7:00,0.397,101.9,0
6/5/2017 8:00,0.396,101.9,0
6/5/2017 9:00,0.396,101.9,0
6/5/2017 10:00,0.395,101.9,0
6/5/2017 11:00,0.394,101.9,0
6/5/2017 12:00,0.393,101.9,0
6/5/2017 13:00,0.393,101.9,0
6/5/2017 14:00,0.393,101.9,0
6/5/2017 15:00,0.393,101.9,0
6/5/2017 16:00,0.395,101.9,0
6/5/2017 17:00,0.396,101.9,0
6/5/2017 18:00,0.397,101.9,0
6/5/2017 19:00,0.398,101.9,0
6/5/2017 20:00,0.399,101.9,0
6/5/2017 21:00,0.399,101.9,0
6/5/2017 22:00,0.4,101.9,0
6/5/2017 23:00,0.399,101.9,0
6/6/2017 0:00,0.399,101.9,0
6/6/2017 1:00,0.398,101.9,0
6/6/2017 2:00,0.396,101.9,0
6/6/2017 3:00,0.395,101.9,0
6/6/2017 4:00,0.395,101.9,0
6/6/2017 5:00,0.393,101.9,0
6/6/2017 6:00,0.392,101.9,0
6/6/2017 7:00,0.391,101.9,0
6/6/2017 8:00,0.39,101.9,0
6/6/2017 9:00,0.39,101.9,0
6/6/2017 10:00,0.389,101.9,0
6/6/2017 11:00,0.388,101.9,0
6/6/2017 12:00,0.388,101.9,0
6/6/2017 13:00,0.387,101.9,0
6/6/2017 14:00,0.387,101.9,0
6/6/2017 15:00,0.388,101.9,0
6/6/2017 16:00,0.389,101.9,0
6/6/2017 17:00,0.39,101.9,0
6/6/2017 18:00,0.391,101.9,0
6/6/2017 19:00,0.392,101.9,0
6/6/2017 20:00,0.394,101.9,0
6/6/2017 21:00,0.394,101.9,0
6/6/2017 22:00,0.394,101.9,0
6/6/2017 23:00,0.394,101.9,0
6/7/2017 0:00,0.393,101.9,0
6/7/2017 1:00,0.392,101.9,0
6/7/2017 2:00,0.391,101.9,0
6/7/2017 3:00,0.389,101.9,0
6/7/2017 4:00,0.388,101.9,0
6/7/2017 5:00,0.387,101.9,0
6/7/2017 6:00,0.386,101.9,0
6/7/2017 7:00,0.385,101.9,0
6/7/2017 8:00,0.383,101.9,0
6/7/2017 9:00,0.383,101.9,0
6/7/2017 10:00,0.382,101.9,0
6/7/2017 11:00,0.381,101.9,0
6/7/2017 12:00,0.38,101.9,0
6/7/2017 13:00,0.38,101.9,0
6/7/2017 14:00,0.38,101.9,0
6/7/2017 15:00,0.38,101.9,0
6/7/2017 16:00,0.381,101.9,0
6/7/2017 17:00,0.381,101.9,0
6/7/2017 18:00,0.382,101.9,0
6/7/2017 19:00,0.382,101.9,0
6/7/2017 20:00,0.381,101.9,0
6/7/2017 21:00,0.382,102,1
6/7/2017 22:00,0.381,102,0
6/7/2017 23:00,0.38,102,0
6/8/2017 0:00,0.38,102.1,1
6/8/2017 1:00,0.379,102.6,5
6/8/2017 2:00,0.378,102.9,3
6/8/2017 3:00,0.378,103.1,2
6/8/2017 4:00,0.383,103.4,3
6/8/2017 5:00,0.396,103.4,0
6/8/2017 6:00,0.397,103.5,1
6/8/2017 7:00,0.396,103.5,0
6/8/2017 8:00,0.395,103.5,0
6/8/2017 9:00,0.395,103.5,0
6/8/2017 10:00,0.394,103.5,0
6/8/2017 11:00,0.394,103.5,0
6/8/2017 12:00,0.393,103.5,0
6/8/2017 13:00,0.393,103.5,0
6/8/2017 14:00,0.394,103.5,0
6/8/2017 15:00,0.394,103.5,0
6/8/2017 16:00,0.395,103.5,0
6/8/2017 17:00,0.396,103.5,0
6/8/2017 18:00,0.396,103.5,0
6/8/2017 19:00,0.396,103.6,1
6/8/2017 20:00,0.397,103.6,0
6/8/2017 21:00,0.396,103.6,0
6/8/2017 22:00,0.396,103.6,0
6/8/2017 23:00,0.396,103.6,0
6/9/2017 0:00,0.395,103.6,0
6/9/2017 1:00,0.394,103.6,0
6/9/2017 2:00,0.394,103.6,0
6/9/2017 3:00,0.392,103.6,0
6/9/2017 4:00,0.392,103.6,0
6/9/2017 5:00,0.391,103.6,0
6/9/2017 6:00,0.39,103.6,0
6/9/2017 7:00,0.39,103.6,0
6/9/2017 8:00,0.389,103.6,0
6/9/2017 9:00,0.389,103.6,0
6/9/2017 10:00,0.388,103.6,0
6/9/2017 11:00,0.387,103.6,0
6/9/2017 12:00,0.387,103.6,0
6/9/2017 13:00,0.388,103.6,0
6/9/2017 14:00,0.388,103.6,0
6/9/2017 15:00,0.389,103.6,0
6/9/2017 16:00,0.39,103.6,0
6/9/2017 17:00,0.391,103.6,0
6/9/2017 18:00,0.391,103.6,0
6/9/2017 19:00,0.392,103.6,0
6/9/2017 20:00,0.392,103.6,0
6/9/2017 21:00,0.392,103.6,0
6/9/2017 22:00,0.392,103.6,0
6/9/2017 23:00,0.39,103.6,0
6/10/2017 0:00,0.39,103.6,0
6/10/2017 1:00,0.389,103.6,0
6/10/2017 2:00,0.388,103.6,0
6/10/2017 3:00,0.387,103.6,0
6/10/2017 4:00,0.386,103.6,0
6/10/2017 5:00,0.385,103.6,0
6/10/2017 6:00,0.384,103.6,0
6/10/2017 7:00,0.384,103.6,0
6/10/2017 8:00,0.383,103.6,0
6/10/2017 9:00,0.382,103.6,0
6/10/2017 10:00,0.382,103.6,0
6/10/2017 11:00,0.381,103.6,0
6/10/2017 12:00,0.381,103.7,1
6/10/2017 13:00,0.381,103.8,1
6/10/2017 14:00,0.381,104,2
6/10/2017 15:00,0.381,104,0
6/10/2017 16:00,0.382,104,0
6/10/2017 17:00,0.382,104,0
6/10/2017 18:00,0.382,104,0
6/10/2017 19:00,0.382,104.1,1
6/10/2017 20:00,0.382,104.2,1
6/10/2017 21:00,0.382,104.2,0
6/10/2017 22:00,0.382,104.2,0
6/10/2017 23:00,0.382,104.2,0
6/11/2017 0:00,0.381,104.2,0
6/11/2017 1:00,0.38,104.2,0
6/11/2017 2:00,0.38,104.2,0
6/11/2017 3:00,0.38,104.2,0
6/11/2017 4:00,0.378,104.2,0
6/11/2017 5:00,0.378,104.2,0
6/11/2017 6:00,0.377,104.2,0
6/11/2017 7:00,0.376,104.2,0
6/11/2017 8:00,0.376,104.2,0
6/11/2017 9:00,0.376,104.2,0
6/11/2017 10:00,0.376,104.2,0
6/11/2017 11:00,0.375,104.2,0
6/11/2017 12:00,0.376,104.2,0
6/11/2017 13:00,0.376,104.3,1
6/11/2017 14:00,0.376,104.3,0
6/11/2017 15:00,0.377,104.3,0
6/11/2017 16:00,0.378,104.3,0
6/11/2017 17:00,0.378,104.3,0
6/11/2017 18:00,0.378,104.3,0
6/11/2017 19:00,0.379,104.3,0
6/11/2017 20:00,0.379,104.3,0
6/11/2017 21:00,0.379,104.3,0
6/11/2017 22:00,0.379,104.3,0
6/11/2017 23:00,0.379,104.3,0
6/12/2017 0:00,0.378,104.3,0
6/12/2017 1:00,0.378,104.3,0
6/12/2017 2:00,0.378,104.3,0
6/12/2017 3:00,0.377,104.3,0
6/12/2017 4:00,0.377,104.3,0
6/12/2017 5:00,0.377,104.3,0
6/12/2017 6:00,0.376,104.3,0
6/12/2017 7:00,0.376,104.3,0
6/12/2017 8:00,0.375,104.3,0
6/12/2017 9:00,0.375,104.3,0
6/12/2017 10:00,0.375,104.3,0
6/12/2017 11:00,0.375,104.3,0
6/12/2017 12:00,0.375,104.3,0
6/12/2017 13:00,0.375,104.3,0
6/12/2017 14:00,0.376,104.3,0
6/12/2017 15:00,0.376,104.3,0
6/12/2017 16:00,0.378,104.3,0
6/12/2017 17:00,0.378,104.3,0
6/12/2017 18:00,0.379,104.3,0
6/12/2017 19:00,0.38,104.3,0
6/12/2017 20:00,0.38,104.3,0
6/12/2017 21:00,0.38,104.3,0
6/12/2017 22:00,0.38,104.3,0
6/12/2017 23:00,0.38,104.3,0
6/13/2017 0:00,0.379,104.3,0
6/13/2017 1:00,0.38,104.3,0
6/13/2017 2:00,0.379,104.3,0
6/13/2017 3:00,0.378,104.3,0
6/13/2017 4:00,0.377,104.3,0
6/13/2017 5:00,0.377,104.3,0
6/13/2017 6:00,0.376,104.3,0
6/13/2017 7:00,0.376,104.3,0
6/13/2017 8:00,0.375,104.3,0
6/13/2017 9:00,0.375,104.3,0
6/13/2017 10:00,0.375,104.3,0
6/13/2017 11:00,0.375,104.3,0
6/13/2017 12:00,0.374,104.3,0
6/13/2017 13:00,0.375,104.3,0
6/13/2017 14:00,0.376,104.3,0
6/13/2017 15:00,0.377,104.3,0
6/13/2017 16:00,0.378,104.3,0
6/13/2017 17:00,0.38,104.3,0
6/13/2017 18:00,0.382,104.3,0
6/13/2017 19:00,0.384,104.3,0
6/13/2017 20:00,0.385,104.3,0
6/13/2017 21:00,0.386,104.3,0
6/13/2017 22:00,0.386,104.3,0
6/13/2017 23:00,0.386,104.3,0
6/14/2017 0:00,0.385,104.3,0
6/14/2017 1:00,0.384,104.3,0
6/14/2017 2:00,0.383,104.3,0
6/14/2017 3:00,0.382,104.3,0
6/14/2017 4:00,0.381,104.3,0
6/14/2017 5:00,0.38,104.3,0
6/14/2017 6:00,0.379,104.3,0
6/14/2017 7:00,0.379,104.3,0
6/14/2017 8:00,0.378,104.3,0
6/14/2017 9:00,0.378,104.3,0
6/14/2017 10:00,0.378,104.3,0
6/14/2017 11:00,0.377,104.3,0
6/14/2017 12:00,0.376,104.3,0
6/14/2017 13:00,0.376,104.3,0
6/14/2017 14:00,0.377,104.3,0
6/14/2017 15:00,0.378,104.3,0
6/14/2017 16:00,0.38,104.3,0
6/14/2017 17:00,0.382,104.3,0
6/14/2017 18:00,0.383,104.3,0
6/14/2017 19:00,0.385,104.3,0
6/14/2017 20:00,0.386,104.3,0
6/14/2017 21:00,0.386,104.3,0
6/14/2017 22:00,0.387,104.3,0
6/14/2017 23:00,0.386,104.3,0
6/15/2017 0:00,0.386,104.3,0
6/15/2017 1:00,0.384,104.3,0
6/15/2017 2:00,0.384,104.3,0
6/15/2017 3:00,0.382,104.3,0
6/15/2017 4:00,0.381,104.3,0
6/15/2017 5:00,0.38,104.3,0
6/15/2017 6:00,0.379,104.3,0
6/15/2017 7:00,0.378,104.3,0
6/15/2017 8:00,0.378,104.3,0
6/15/2017 9:00,0.377,104.3,0
6/15/2017 10:00,0.376,104.3,0
6/15/2017 11:00,0.375,104.3,0
6/15/2017 12:00,0.375,104.3,0
6/15/2017 13:00,0.375,104.3,0
6/15/2017 14:00,0.375,104.3,0
6/15/2017 15:00,0.376,104.3,0
6/15/2017 16:00,0.378,104.3,0
6/15/2017 17:00,0.38,104.3,0
6/15/2017 18:00,0.381,104.3,0
6/15/2017 19:00,0.383,104.3,0
6/15/2017 20:00,0.384,104.3,0
6/15/2017 21:00,0.384,104.3,0
6/15/2017 22:00,0.384,104.3,0
6/15/2017 23:00,0.384,104.3,0
6/16/2017 0:00,0.384,104.3,0
6/16/2017 1:00,0.383,104.3,0
6/16/2017 2:00,0.382,104.3,0
6/16/2017 3:00,0.381,104.3,0
6/16/2017 4:00,0.38,104.3,0
6/16/2017 5:00,0.38,104.3,0
6/16/2017 6:00,0.378,104.3,0
6/16/2017 7:00,0.377,104.3,0
6/16/2017 8:00,0.376,104.3,0
6/16/2017 9:00,0.376,104.3,0
6/16/2017 10:00,0.374,104.3,0
6/16/2017 11:00,0.374,104.3,0
6/16/2017 12:00,0.373,104.3,0
6/16/2017 13:00,0.372,104.3,0
6/16/2017 14:00,0.373,104.3,0
6/16/2017 15:00,0.374,104.3,0
6/16/2017 16:00,0.376,104.3,0
6/16/2017 17:00,0.378,104.3,0
6/16/2017 18:00,0.379,104.3,0
6/16/2017 19:00,0.38,104.3,0
6/16/2017 20:00,0.381,104.3,0
6/16/2017 21:00,0.381,104.3,0
6/16/2017 22:00,0.382,104.3,0
6/16/2017 23:00,0.381,104.3,0
6/17/2017 0:00,0.38,104.3,0
6/17/2017 1:00,0.379,104.3,0
6/17/2017 2:00,0.378,104.3,0
6/17/2017 3:00,0.378,104.3,0
6/17/2017 4:00,0.376,104.3,0
6/17/2017 5:00,0.375,104.3,0
6/17/2017 6:00,0.374,104.3,0
6/17/2017 7:00,0.373,104.3,0
6/17/2017 8:00,0.372,104.3,0
6/17/2017 9:00,0.371,104.3,0
6/17/2017 10:00,0.37,104.3,0
6/17/2017 11:00,0.369,104.3,0
6/17/2017 12:00,0.368,104.3,0
6/17/2017 13:00,0.368,104.3,0
6/17/2017 14:00,0.368,104.3,0
6/17/2017 15:00,0.369,104.3,0
6/17/2017 16:00,0.371,104.3,0
6/17/2017 17:00,0.372,104.3,0
6/17/2017 18:00,0.373,104.3,0
6/17/2017 19:00,0.375,104.3,0
6/17/2017 20:00,0.375,104.3,0
6/17/2017 21:00,0.376,104.3,0
6/17/2017 22:00,0.376,104.3,0
6/17/2017 23:00,0.375,104.3,0
6/18/2017 0:00,0.374,104.3,0
6/18/2017 1:00,0.373,104.3,0
6/18/2017 2:00,0.372,104.3,0
6/18/2017 3:00,0.371,104.3,0
6/18/2017 4:00,0.369,104.3,0
6/18/2017 5:00,0.368,104.3,0
6/18/2017 6:00,0.366,104.3,0
6/18/2017 7:00,0.365,104.3,0
6/18/2017 8:00,0.364,104.3,0
6/18/2017 9:00,0.364,104.3,0
6/18/2017 10:00,0.362,104.3,0
6/18/2017 11:00,0.361,104.3,0
6/18/2017 12:00,0.36,104.3,0
6/18/2017 13:00,0.36,104.3,0
6/18/2017 14:00,0.36,104.3,0
6/18/2017 15:00,0.361,104.3,0
6/18/2017 16:00,0.362,104.3,0
6/18/2017 17:00,0.364,104.3,0
6/18/2017 18:00,0.365,104.3,0
6/18/2017 19:00,0.366,104.3,0
6/18/2017 20:00,0.368,104.3,0
6/18/2017 21:00,0.368,104.3,0
6/18/2017 22:00,0.369,104.3,0
6/18/2017 23:00,0.368,104.3,0
6/19/2017 0:00,0.367,104.3,0
6/19/2017 1:00,0.366,104.3,0
6/19/2017 2:00,0.365,104.3,0
6/19/2017 3:00,0.363,104.3,0
6/19/2017 4:00,0.362,104.3,0
6/19/2017 5:00,0.361,104.3,0
6/19/2017 6:00,0.36,104.3,0
6/19/2017 7:00,0.358,104.3,0
6/19/2017 8:00,0.358,104.3,0
6/19/2017 9:00,0.357,104.3,0
6/19/2017 10:00,0.355,104.3,0
6/19/2017 11:00,0.355,104.3,0
6/19/2017 12:00,0.353,104.3,0
6/19/2017 13:00,0.353,104.3,0
6/19/2017 14:00,0.353,104.3,0
6/19/2017 15:00,0.353,104.3,0
6/19/2017 16:00,0.354,104.3,0
6/19/2017 17:00,0.356,104.3,0
6/19/2017 18:00,0.358,104.3,0
6/19/2017 19:00,0.359,104.3,0
6/19/2017 20:00,0.36,104.3,0
6/19/2017 21:00,0.361,104.3,0
6/19/2017 22:00,0.36,104.3,0
6/19/2017 23:00,0.359,104.3,0
6/20/2017 0:00,0.358,104.3,0
6/20/2017 1:00,0.357,104.3,0
6/20/2017 2:00,0.355,104.3,0
6/20/2017 3:00,0.354,104.3,0
6/20/2017 4:00,0.353,104.3,0
6/20/2017 5:00,0.351,104.3,0
6/20/2017 6:00,0.35,104.3,0
6/20/2017 7:00,0.349,104.3,0
6/20/2017 8:00,0.347,104.3,0
6/20/2017 9:00,0.347,104.3,0
6/20/2017 10:00,0.346,104.3,0
6/20/2017 11:00,0.344,104.3,0
6/20/2017 12:00,0.343,104.3,0
6/20/2017 13:00,0.343,104.3,0
6/20/2017 14:00,0.343,104.3,0
6/20/2017 15:00,0.344,104.3,0
6/20/2017 16:00,0.345,104.3,0
6/20/2017 17:00,0.347,104.3,0
6/20/2017 18:00,0.349,104.3,0
6/20/2017 19:00,0.351,104.3,0
6/20/2017 20:00,0.352,104.3,0
6/20/2017 21:00,0.352,104.3,0
6/20/2017 22:00,0.352,104.3,0
6/20/2017 23:00,0.351,104.3,0
6/21/2017 0:00,0.349,104.3,0
6/21/2017 1:00,0.348,104.3,0
6/21/2017 2:00,0.346,104.3,0
6/21/2017 3:00,0.345,104.3,0
6/21/2017 4:00,0.343,104.3,0
6/21/2017 5:00,0.342,104.3,0
6/21/2017 6:00,0.341,104.3,0
6/21/2017 7:00,0.34,104.3,0
6/21/2017 8:00,0.339,104.3,0
6/21/2017 9:00,0.338,104.3,0
6/21/2017 10:00,0.337,104.3,0
6/21/2017 11:00,0.335,104.3,0
6/21/2017 12:00,0.334,104.3,0
6/21/2017 13:00,0.334,104.3,0
6/21/2017 14:00,0.334,104.3,0
6/21/2017 15:00,0.335,104.3,0
6/21/2017 16:00,0.337,104.3,0
6/21/2017 17:00,0.338,104.3,0
6/21/2017 18:00,0.34,104.3,0
6/21/2017 19:00,0.342,104.3,0
6/21/2017 20:00,0.343,104.3,0
6/21/2017 21:00,0.344,104.3,0
6/21/2017 22:00,0.344,104.3,0
6/21/2017 23:00,0.343,104.3,0
6/22/2017 0:00,0.342,104.3,0
6/22/2017 1:00,0.341,104.3,0
6/22/2017 2:00,0.339,104.3,0
6/22/2017 3:00,0.336,104.3,0
6/22/2017 4:00,0.336,104.3,0
6/22/2017 5:00,0.334,104.3,0
6/22/2017 6:00,0.332,104.3,0
6/22/2017 7:00,0.33,104.3,0
6/22/2017 8:00,0.329,104.3,0
6/22/2017 9:00,0.328,104.3,0
6/22/2017 10:00,0.327,104.3,0
6/22/2017 11:00,0.325,104.3,0
6/22/2017 12:00,0.324,104.3,0
6/22/2017 13:00,0.323,104.3,0
6/22/2017 14:00,0.324,104.3,0
6/22/2017 15:00,0.325,104.3,0
6/22/2017 16:00,0.327,104.3,0
6/22/2017 17:00,0.33,104.3,0
6/22/2017 18:00,0.332,104.3,0
6/22/2017 19:00,0.333,104.3,0
6/22/2017 20:00,0.334,104.3,0
6/22/2017 21:00,0.334,104.3,0
6/22/2017 22:00,0.334,104.3,0
6/22/2017 23:00,0.334,104.3,0
6/23/2017 0:00,0.333,104.3,0
6/23/2017 1:00,0.332,104.3,0
6/23/2017 2:00,0.33,104.3,0
6/23/2017 3:00,0.33,104.3,0
6/23/2017 4:00,0.328,104.3,0
6/23/2017 5:00,0.326,104.3,0
6/23/2017 6:00,0.325,104.3,0
6/23/2017 7:00,0.323,104.3,0
6/23/2017 8:00,0.321,104.3,0
6/23/2017 9:00,0.321,104.3,0
6/23/2017 10:00,0.319,104.3,0
6/23/2017 11:00,0.317,104.3,0
6/23/2017 12:00,0.316,104.3,0
6/23/2017 13:00,0.316,104.3,0
6/23/2017 14:00,0.316,104.3,0
6/23/2017 15:00,0.318,104.3,0
6/23/2017 16:00,0.32,104.3,0
6/23/2017 17:00,0.321,104.3,0
6/23/2017 18:00,0.323,104.3,0
6/23/2017 19:00,0.323,104.3,0
6/23/2017 20:00,0.325,104.3,0
6/23/2017 21:00,0.325,104.3,0
6/23/2017 22:00,0.326,104.3,0
6/23/2017 23:00,0.324,104.3,0
6/24/2017 0:00,0.324,104.3,0
6/24/2017 1:00,0.323,104.3,0
6/24/2017 2:00,0.322,104.3,0
6/24/2017 3:00,0.32,104.3,0
6/24/2017 4:00,0.319,104.3,0
6/24/2017 5:00,0.318,104.3,0
6/24/2017 6:00,0.317,104.3,0
6/24/2017 7:00,0.315,104.3,0
6/24/2017 8:00,0.314,104.3,0
6/24/2017 9:00,0.311,104.3,0
6/24/2017 10:00,0.311,104.3,0
6/24/2017 11:00,0.31,104.3,0
6/24/2017 12:00,0.309,104.3,0
6/24/2017 13:00,0.309,104.3,0
6/24/2017 14:00,0.31,104.3,0
6/24/2017 15:00,0.311,104.3,0
6/24/2017 16:00,0.313,104.3,0
6/24/2017 17:00,0.314,104.3,0
6/24/2017 18:00,0.315,104.3,0
6/24/2017 19:00,0.316,104.3,0
6/24/2017 20:00,0.318,104.3,0
6/24/2017 21:00,0.32,104.3,0
6/24/2017 22:00,0.319,104.3,0
6/24/2017 23:00,0.318,104.3,0
6/25/2017 0:00,0.317,104.3,0
6/25/2017 1:00,0.316,104.3,0
6/25/2017 2:00,0.315,104.3,0
6/25/2017 3:00,0.313,104.3,0
6/25/2017 4:00,0.311,104.3,0
6/25/2017 5:00,0.311,104.3,0
6/25/2017 6:00,0.31,104.3,0
6/25/2017 7:00,0.308,104.3,0
6/25/2017 8:00,0.307,104.3,0
6/25/2017 9:00,0.305,104.3,0
6/25/2017 10:00,0.303,104.3,0
6/25/2017 11:00,0.303,104.3,0
6/25/2017 12:00,0.303,104.3,0
6/25/2017 13:00,0.304,104.3,0
6/25/2017 14:00,0.304,104.3,0
6/25/2017 15:00,0.305,104.3,0
6/25/2017 16:00,0.306,104.3,0
6/25/2017 17:00,0.307,104.3,0
6/25/2017 18:00,0.309,104.3,0
6/25/2017 19:00,0.311,104.3,0
6/25/2017 20:00,0.312,104.3,0
6/25/2017 21:00,0.313,104.3,0
6/25/2017 22:00,0.313,104.3,0
6/25/2017 23:00,0.312,104.3,0
6/26/2017 0:00,0.31,104.3,0
6/26/2017 1:00,0.308,104.3,0
6/26/2017 2:00,0.306,104.3,0
6/26/2017 3:00,0.305,104.3,0
6/26/2017 4:00,0.304,104.3,0
6/26/2017 5:00,0.302,104.3,0
6/26/2017 6:00,0.301,104.3,0
6/26/2017 7:00,0.3,104.3,0
6/26/2017 8:00,0.298,104.3,0
6/26/2017 9:00,0.296,104.3,0
6/26/2017 10:00,0.293,104.3,0
6/26/2017 11:00,0.292,104.3,0
6/26/2017 12:00,0.294,104.3,0
6/26/2017 13:00,0.293,104.3,0
6/26/2017 14:00,0.294,104.3,0
6/26/2017 15:00,0.294,104.3,0
6/26/2017 16:00,0.296,104.3,0
6/26/2017 17:00,0.298,104.3,0
6/26/2017 18:00,0.3,104.3,0
6/26/2017 19:00,0.301,104.3,0
6/26/2017 20:00,0.302,104.3,0
6/26/2017 21:00,0.303,104.3,0
6/26/2017 22:00,0.303,104.3,0
6/26/2017 23:00,0.302,104.3,0
6/27/2017 0:00,0.301,104.3,0
6/27/2017 1:00,0.3,104.3,0
6/27/2017 2:00,0.298,104.3,0
6/27/2017 3:00,0.298,104.3,0
6/27/2017 4:00,0.296,104.3,0
6/27/2017 5:00,0.294,104.3,0
6/27/2017 6:00,0.292,104.3,0
6/27/2017 7:00,0.291,104.3,0
6/27/2017 8:00,0.289,104.3,0
6/27/2017 9:00,0.288,104.3,0
6/27/2017 10:00,0.287,104.3,0
6/27/2017 11:00,0.287,104.3,0
6/27/2017 12:00,0.285,104.3,0
6/27/2017 13:00,0.286,104.3,0
6/27/2017 14:00,0.287,104.3,0
6/27/2017 15:00,0.288,104.3,0
6/27/2017 16:00,0.291,104.3,0
6/27/2017 17:00,0.294,104.3,0
6/27/2017 18:00,0.296,104.3,0
6/27/2017 19:00,0.297,104.3,0
6/27/2017 20:00,0.298,104.3,0
6/27/2017 21:00,0.299,104.3,0
6/27/2017 22:00,0.299,104.3,0
6/27/2017 23:00,0.298,104.3,0
6/28/2017 0:00,0.298,104.3,0
6/28/2017 1:00,0.297,104.3,0
6/28/2017 2:00,0.296,104.3,0
6/28/2017 3:00,0.294,104.3,0
6/28/2017 4:00,0.293,104.3,0
6/28/2017 5:00,0.292,104.3,0
6/28/2017 6:00,0.289,104.3,0
6/28/2017 7:00,0.288,104.3,0
6/28/2017 8:00,0.287,104.3,0
6/28/2017 9:00,0.285,104.3,0
6/28/2017 10:00,0.284,104.3,0
6/28/2017 11:00,0.284,104.3,0
6/28/2017 12:00,0.283,104.3,0
6/28/2017 13:00,0.284,104.3,0
6/28/2017 14:00,0.284,104.3,0
6/28/2017 15:00,0.286,104.3,0
6/28/2017 16:00,0.289,104.3,0
6/28/2017 17:00,0.292,104.3,0
6/28/2017 18:00,0.293,104.3,0
6/28/2017 19:00,0.294,104.3,0
6/28/2017 20:00,0.295,104.3,0
6/28/2017 21:00,0.297,104.3,0
6/28/2017 22:00,0.297,104.3,0
6/28/2017 23:00,0.296,104.3,0
6/29/2017 0:00,0.295,104.3,0
6/29/2017 1:00,0.294,104.3,0
6/29/2017 2:00,0.293,104.3,0
6/29/2017 3:00,0.291,104.3,0
6/29/2017 4:00,0.29,104.3,0
6/29/2017 5:00,0.287,104.3,0
6/29/2017 6:00,0.285,104.3,0
6/29/2017 7:00,0.283,104.3,0
6/29/2017 8:00,0.281,104.3,0
6/29/2017 9:00,0.279,104.3,0
6/29/2017 10:00,0.279,104.3,0
6/29/2017 11:00,0.277,104.3,0
6/29/2017 12:00,0.276,104.3,0
6/29/2017 13:00,0.276,104.3,0
6/29/2017 14:00,0.278,104.3,0
6/29/2017 15:00,0.28,104.3,0
6/29/2017 16:00,0.282,104.3,0
6/29/2017 17:00,0.286,104.3,0
6/29/2017 18:00,0.288,104.3,0
6/29/2017 19:00,0.29,104.3,0
6/29/2017 20:00,0.291,104.3,0
6/29/2017 21:00,0.292,104.3,0
6/29/2017 22:00,0.292,104.3,0
6/29/2017 23:00,0.292,104.3,0
6/30/2017 0:00,0.291,104.3,0
6/30/2017 1:00,0.29,104.3,0
6/30/2017 2:00,0.289,104.3,0
6/30/2017 3:00,0.287,104.3,0
6/30/2017 4:00,0.285,104.3,0
6/30/2017 5:00,0.284,104.3,0
6/30/2017 6:00,0.282,104.3,0
6/30/2017 7:00,0.281,104.3,0
6/30/2017 8:00,0.279,104.3,0
6/30/2017 9:00,0.278,104.3,0
6/30/2017 10:00,0.277,104.3,0
6/30/2017 11:00,0.276,104.3,0
6/30/2017 12:00,0.276,104.3,0
6/30/2017 13:00,0.276,104.3,0
6/30/2017 14:00,0.277,104.3,0
6/30/2017 15:00,0.278,104.3,0
6/30/2017 16:00,0.281,104.3,0
6/30/2017 17:00,0.284,104.3,0
6/30/2017 18:00,0.286,104.3,0
6/30/2017 19:00,0.287,104.3,0
6/30/2017 20:00,0.288,104.3,0
6/30/2017 21:00,0.289,104.3,0
6/30/2017 22:00,0.289,104.3,0
6/30/2017 23:00,0.289,104.3,0
7/1/2017 0:00,0.288,104.3,0
7/1/2017 1:00,0.287,104.3,0
7/1/2017 2:00,0.285,104.3,0
7/1/2017 3:00,0.284,104.3,0
7/1/2017 4:00,0.282,104.3,0
7/1/2017 5:00,0.281,104.3,0
7/1/2017 6:00,0.279,104.3,0
7/1/2017 7:00,0.277,104.3,0
7/1/2017 8:00,0.277,104.3,0
7/1/2017 9:00,0.275,104.3,0
7/1/2017 10:00,0.275,104.3,0
7/1/2017 11:00,0.274,104.3,0
7/1/2017 12:00,0.273,104.3,0
7/1/2017 13:00,0.274,104.3,0
7/1/2017 14:00,0.275,104.3,0
7/1/2017 15:00,0.277,104.3,0
7/1/2017 16:00,0.279,104.3,0
7/1/2017 17:00,0.282,104.3,0
7/1/2017 18:00,0.283,104.3,0
7/1/2017 19:00,0.285,104.3,0
7/1/2017 20:00,0.286,104.3,0
7/1/2017 21:00,0.286,104.3,0
7/1/2017 22:00,0.287,104.3,0
7/1/2017 23:00,0.287,104.3,0
7/2/2017 0:00,0.286,104.3,0
7/2/2017 1:00,0.285,104.3,0
7/2/2017 2:00,0.283,104.3,0
7/2/2017 3:00,0.282,104.3,0
7/2/2017 4:00,0.28,104.3,0
7/2/2017 5:00,0.278,104.3,0
7/2/2017 6:00,0.277,104.3,0
7/2/2017 7:00,0.275,104.3,0
7/2/2017 8:00,0.274,104.3,0
7/2/2017 9:00,0.274,104.3,0
7/2/2017 10:00,0.272,104.3,0
7/2/2017 11:00,0.271,104.3,0
7/2/2017 12:00,0.271,104.3,0
7/2/2017 13:00,0.27,104.3,0
7/2/2017 14:00,0.272,104.3,0
7/2/2017 15:00,0.274,104.3,0
7/2/2017 16:00,0.277,104.3,0
7/2/2017 17:00,0.28,104.3,0
7/2/2017 18:00,0.282,104.3,0
7/2/2017 19:00,0.283,104.3,0
7/2/2017 20:00,0.285,104.3,0
7/2/2017 21:00,0.285,104.3,0
7/2/2017 22:00,0.286,104.3,0
7/2/2017 23:00,0.286,104.3,0
7/3/2017 0:00,0.285,104.3,0
7/3/2017 1:00,0.284,104.3,0
7/3/2017 2:00,0.283,104.3,0
7/3/2017 3:00,0.282,104.3,0
7/3/2017 4:00,0.281,104.3,0
7/3/2017 5:00,0.279,104.3,0
7/3/2017 6:00,0.277,104.3,0
7/3/2017 7:00,0.276,104.3,0
7/3/2017 8:00,0.274,104.3,0
7/3/2017 9:00,0.272,104.3,0
7/3/2017 10:00,0.272,104.3,0
7/3/2017 11:00,0.271,104.3,0
7/3/2017 12:00,0.27,104.3,0
7/3/2017 13:00,0.271,104.3,0
7/3/2017 14:00,0.271,104.3,0
7/3/2017 15:00,0.274,104.3,0
7/3/2017 16:00,0.276,104.3,0
7/3/2017 17:00,0.279,104.3,0
7/3/2017 18:00,0.281,104.3,0
7/3/2017 19:00,0.282,104.3,0
7/3/2017 20:00,0.283,104.3,0
7/3/2017 21:00,0.284,104.3,0
7/3/2017 22:00,0.285,104.3,0
7/3/2017 23:00,0.284,104.3,0
7/4/2017 0:00,0.284,104.3,0
7/4/2017 1:00,0.282,104.3,0
7/4/2017 2:00,0.281,104.3,0
7/4/2017 3:00,0.28,104.3,0
7/4/2017 4:00,0.28,104.3,0
7/4/2017 5:00,0.278,104.3,0
7/4/2017 6:00,0.277,104.3,0
7/4/2017 7:00,0.275,104.3,0
7/4/2017 8:00,0.274,104.3,0
7/4/2017 9:00,0.271,104.3,0
7/4/2017 10:00,0.271,104.3,0
7/4/2017 11:00,0.27,104.3,0
7/4/2017 12:00,0.27,104.3,0
7/4/2017 13:00,0.27,104.3,0
7/4/2017 14:00,0.271,104.3,0
7/4/2017 15:00,0.273,104.3,0
7/4/2017 16:00,0.275,104.3,0
7/4/2017 17:00,0.277,104.3,0
7/4/2017 18:00,0.278,104.3,0
7/4/2017 19:00,0.28,104.3,0
7/4/2017 20:00,0.282,104.3,0
7/4/2017 21:00,0.283,104.3,0
7/4/2017 22:00,0.284,104.3,0
7/4/2017 23:00,0.283,104.3,0
7/5/2017 0:00,0.282,104.3,0
7/5/2017 1:00,0.28,104.3,0
7/5/2017 2:00,0.279,104.3,0
7/5/2017 3:00,0.278,104.3,0
7/5/2017 4:00,0.276,104.3,0
7/5/2017 5:00,0.275,104.3,0
7/5/2017 6:00,0.273,104.3,0
7/5/2017 7:00,0.272,104.3,0
7/5/2017 8:00,0.271,104.3,0
7/5/2017 9:00,0.267,104.3,0
7/5/2017 10:00,0.266,104.3,0
7/5/2017 11:00,0.266,104.3,0
7/5/2017 12:00,0.265,104.3,0
7/5/2017 13:00,0.266,104.3,0
7/5/2017 14:00,0.267,104.3,0
7/5/2017 15:00,0.268,104.3,0
7/5/2017 16:00,0.27,104.3,0
7/5/2017 17:00,0.272,104.3,0
7/5/2017 18:00,0.274,104.3,0
7/5/2017 19:00,0.275,104.3,0
7/5/2017 20:00,0.278,104.3,0
7/5/2017 21:00,0.278,104.3,0
7/5/2017 22:00,0.279,104.3,0
7/5/2017 23:00,0.278,104.3,0
7/6/2017 0:00,0.277,104.3,0
7/6/2017 1:00,0.275,104.3,0
7/6/2017 2:00,0.274,104.3,0
7/6/2017 3:00,0.273,104.3,0
7/6/2017 4:00,0.271,104.3,0
7/6/2017 5:00,0.27,104.3,0
7/6/2017 6:00,0.269,104.3,0
7/6/2017 7:00,0.268,104.3,0
7/6/2017 8:00,0.265,104.3,0
7/6/2017 9:00,0.262,104.3,0
7/6/2017 10:00,0.262,104.3,0
7/6/2017 11:00,0.262,104.3,0
7/6/2017 12:00,0.261,104.3,0
7/6/2017 13:00,0.261,104.3,0
7/6/2017 14:00,0.262,104.3,0
7/6/2017 15:00,0.264,104.3,0
7/6/2017 16:00,0.266,104.3,0
7/6/2017 17:00,0.268,104.3,0
7/6/2017 18:00,0.27,104.3,0
7/6/2017 19:00,0.272,104.3,0
7/6/2017 20:00,0.273,104.3,0
7/6/2017 21:00,0.274,104.3,0
7/6/2017 22:00,0.275,104.3,0
7/6/2017 23:00,0.274,104.3,0
7/7/2017 0:00,0.273,104.3,0
7/7/2017 1:00,0.272,104.3,0
7/7/2017 2:00,0.27,104.3,0
7/7/2017 3:00,0.269,104.3,0
7/7/2017 4:00,0.268,104.3,0
7/7/2017 5:00,0.267,104.3,0
7/7/2017 6:00,0.265,104.3,0
7/7/2017 7:00,0.264,104.3,0
7/7/2017 8:00,0.262,104.3,0
7/7/2017 9:00,0.259,104.3,0
7/7/2017 10:00,0.258,104.3,0
7/7/2017 11:00,0.258,104.3,0
7/7/2017 12:00,0.257,104.3,0
7/7/2017 13:00,0.258,104.3,0
7/7/2017 14:00,0.259,104.3,0
7/7/2017 15:00,0.26,104.3,0
7/7/2017 16:00,0.262,104.3,0
7/7/2017 17:00,0.264,104.3,0
7/7/2017 18:00,0.266,104.3,0
7/7/2017 19:00,0.268,104.3,0
7/7/2017 20:00,0.27,104.3,0
7/7/2017 21:00,0.271,104.3,0
7/7/2017 22:00,0.271,104.3,0
7/7/2017 23:00,0.271,104.3,0
7/8/2017 0:00,0.269,104.3,0
7/8/2017 1:00,0.269,104.3,0
7/8/2017 2:00,0.267,104.3,0
7/8/2017 3:00,0.266,104.3,0
7/8/2017 4:00,0.265,104.3,0
7/8/2017 5:00,0.263,104.3,0
7/8/2017 6:00,0.262,104.3,0
7/8/2017 7:00,0.261,104.3,0
7/8/2017 8:00,0.259,104.3,0
7/8/2017 9:00,0.256,104.3,0
7/8/2017 10:00,0.255,104.3,0
7/8/2017 11:00,0.254,104.3,0
7/8/2017 12:00,0.254,104.3,0
7/8/2017 13:00,0.254,104.3,0
7/8/2017 14:00,0.254,104.3,0
7/8/2017 15:00,0.256,104.3,0
7/8/2017 16:00,0.259,104.3,0
7/8/2017 17:00,0.261,104.3,0
7/8/2017 18:00,0.262,104.3,0
7/8/2017 19:00,0.264,104.3,0
7/8/2017 20:00,0.266,104.3,0
7/8/2017 21:00,0.267,104.3,0
7/8/2017 22:00,0.268,104.3,0
7/8/2017 23:00,0.267,104.3,0
7/9/2017 0:00,0.266,104.3,0
7/9/2017 1:00,0.265,104.3,0
7/9/2017 2:00,0.264,104.3,0
7/9/2017 3:00,0.263,104.3,0
7/9/2017 4:00,0.261,104.3,0
7/9/2017 5:00,0.26,104.3,0
7/9/2017 6:00,0.258,104.3,0
7/9/2017 7:00,0.257,104.3,0
7/9/2017 8:00,0.255,104.3,0
7/9/2017 9:00,0.252,104.3,0
7/9/2017 10:00,0.251,104.3,0
7/9/2017 11:00,0.251,104.3,0
7/9/2017 12:00,0.25,104.3,0
7/9/2017 13:00,0.25,104.3,0
7/9/2017 14:00,0.252,104.3,0
7/9/2017 15:00,0.254,104.3,0
7/9/2017 16:00,0.255,104.3,0
7/9/2017 17:00,0.257,104.3,0
7/9/2017 18:00,0.258,104.3,0
7/9/2017 19:00,0.26,104.3,0
7/9/2017 20:00,0.263,104.3,0
7/9/2017 21:00,0.264,104.3,0
7/9/2017 22:00,0.264,104.3,0
7/9/2017 23:00,0.263,104.3,0
7/10/2017 0:00,0.262,104.3,0
7/10/2017 1:00,0.261,104.3,0
7/10/2017 2:00,0.26,104.3,0
7/10/2017 3:00,0.259,104.3,0
7/10/2017 4:00,0.257,104.3,0
7/10/2017 5:00,0.256,104.3,0
7/10/2017 6:00,0.255,104.3,0
7/10/2017 7:00,0.253,104.3,0
7/10/2017 8:00,0.252,104.3,0
7/10/2017 9:00,0.249,104.3,0
7/10/2017 10:00,0.248,104.3,0
7/10/2017 11:00,0.248,104.3,0
7/10/2017 12:00,0.247,104.3,0
7/10/2017 13:00,0.247,104.3,0
7/10/2017 14:00,0.248,104.3,0
7/10/2017 15:00,0.25,104.3,0
7/10/2017 16:00,0.253,104.3,0
7/10/2017 17:00,0.254,104.3,0
7/10/2017 18:00,0.256,104.3,0
7/10/2017 19:00,0.258,104.3,0
7/10/2017 20:00,0.259,104.3,0
7/10/2017 21:00,0.259,104.3,0
7/10/2017 22:00,0.26,104.3,0
7/10/2017 23:00,0.259,104.3,0
7/11/2017 0:00,0.258,104.3,0
7/11/2017 1:00,0.258,104.3,0
7/11/2017 2:00,0.256,104.3,0
7/11/2017 3:00,0.256,104.3,0
7/11/2017 4:00,0.254,104.3,0
7/11/2017 5:00,0.253,104.3,0
7/11/2017 6:00,0.251,104.3,0
7/11/2017 7:00,0.249,104.3,0
7/11/2017 8:00,0.248,104.3,0
7/11/2017 9:00,0.245,104.3,0
7/11/2017 10:00,0.245,104.3,0
7/11/2017 11:00,0.243,104.3,0
7/11/2017 12:00,0.243,104.3,0
7/11/2017 13:00,0.243,104.3,0
7/11/2017 14:00,0.244,104.3,0
7/11/2017 15:00,0.246,104.3,0
7/11/2017 16:00,0.248,104.3,0
7/11/2017 17:00,0.251,104.3,0
7/11/2017 18:00,0.252,104.3,0
7/11/2017 19:00,0.254,104.3,0
7/11/2017 20:00,0.256,104.3,0
7/11/2017 21:00,0.257,104.3,0
7/11/2017 22:00,0.257,104.3,0
7/11/2017 23:00,0.257,104.3,0
7/12/2017 0:00,0.256,104.3,0
7/12/2017 1:00,0.255,104.3,0
7/12/2017 2:00,0.255,104.3,0
7/12/2017 3:00,0.253,104.3,0
7/12/2017 4:00,0.252,104.3,0
7/12/2017 5:00,0.251,104.3,0
7/12/2017 6:00,0.25,104.3,0
7/12/2017 7:00,0.248,104.3,0
7/12/2017 8:00,0.246,104.3,0
7/12/2017 9:00,0.244,104.3,0
7/12/2017 10:00,0.244,104.3,0
7/12/2017 11:00,0.243,104.3,0
7/12/2017 12:00,0.243,104.3,0
7/12/2017 13:00,0.244,104.3,0
7/12/2017 14:00,0.244,104.3,0
7/12/2017 15:00,0.245,104.3,0
7/12/2017 16:00,0.248,104.3,0
7/12/2017 17:00,0.25,104.3,0
7/12/2017 18:00,0.252,104.3,0
7/12/2017 19:00,0.253,104.3,0
7/12/2017 20:00,0.255,104.3,0
7/12/2017 21:00,0.255,104.3,0
7/12/2017 22:00,0.256,104.3,0
7/12/2017 23:00,0.256,104.3,0
7/13/2017 0:00,0.255,104.3,0
7/13/2017 1:00,0.253,104.3,0
7/13/2017 2:00,0.253,104.3,0
7/13/2017 3:00,0.252,104.3,0
7/13/2017 4:00,0.251,104.3,0
7/13/2017 5:00,0.249,104.3,0
7/13/2017 6:00,0.248,104.3,0
7/13/2017 7:00,0.246,104.3,0
7/13/2017 8:00,0.245,104.3,0
7/13/2017 9:00,0.242,104.3,0
7/13/2017 10:00,0.242,104.3,0
7/13/2017 11:00,0.242,104.3,0
7/13/2017 12:00,0.242,104.3,0
7/13/2017 13:00,0.242,104.3,0
7/13/2017 14:00,0.243,104.3,0
7/13/2017 15:00,0.244,104.3,0
7/13/2017 16:00,0.246,104.3,0
7/13/2017 17:00,0.248,104.3,0
7/13/2017 18:00,0.249,104.3,0
7/13/2017 19:00,0.251,104.3,0
7/13/2017 20:00,0.253,104.3,0
7/13/2017 21:00,0.253,104.3,0
7/13/2017 22:00,0.254,104.3,0
7/13/2017 23:00,0.253,104.3,0
7/14/2017 0:00,0.253,104.3,0
7/14/2017 1:00,0.252,104.3,0
7/14/2017 2:00,0.251,104.3,0
7/14/2017 3:00,0.25,104.3,0
7/14/2017 4:00,0.248,104.3,0
7/14/2017 5:00,0.247,104.3,0
7/14/2017 6:00,0.246,104.3,0
7/14/2017 7:00,0.244,104.3,0
7/14/2017 8:00,0.243,104.3,0
7/14/2017 9:00,0.24,104.3,0
7/14/2017 10:00,0.24,104.3,0
7/14/2017 11:00,0.24,104.3,0
7/14/2017 12:00,0.239,104.3,0
7/14/2017 13:00,0.239,104.3,0
7/14/2017 14:00,0.24,104.3,0
7/14/2017 15:00,0.241,104.3,0
7/14/2017 16:00,0.244,104.3,0
7/14/2017 17:00,0.246,104.3,0
7/14/2017 18:00,0.247,104.3,0
7/14/2017 19:00,0.248,104.3,0
7/14/2017 20:00,0.25,104.3,0
7/14/2017 21:00,0.251,104.3,0
7/14/2017 22:00,0.252,104.3,0
7/14/2017 23:00,0.252,104.3,0
7/15/2017 0:00,0.251,104.3,0
7/15/2017 1:00,0.25,104.3,0
7/15/2017 2:00,0.249,104.3,0
7/15/2017 3:00,0.247,104.3,0
7/15/2017 4:00,0.246,104.3,0
7/15/2017 5:00,0.245,104.3,0
7/15/2017 6:00,0.244,104.3,0
7/15/2017 7:00,0.243,104.3,0
7/15/2017 8:00,0.241,104.3,0
7/15/2017 9:00,0.238,104.3,0
7/15/2017 10:00,0.237,104.3,0
7/15/2017 11:00,0.238,104.3,0
7/15/2017 12:00,0.237,104.3,0
7/15/2017 13:00,0.237,104.3,0
7/15/2017 14:00,0.238,104.3,0
7/15/2017 15:00,0.24,104.3,0
7/15/2017 16:00,0.242,104.3,0
7/15/2017 17:00,0.243,104.3,0
7/15/2017 18:00,0.245,104.3,0
7/15/2017 19:00,0.247,104.3,0
7/15/2017 20:00,0.248,104.3,0
7/15/2017 21:00,0.249,104.3,0
7/15/2017 22:00,0.249,104.3,0
7/15/2017 23:00,0.249,104.3,0
7/16/2017 0:00,0.248,104.3,0
7/16/2017 1:00,0.247,104.3,0
7/16/2017 2:00,0.246,104.3,0
7/16/2017 3:00,0.244,104.3,0
7/16/2017 4:00,0.244,104.3,0
7/16/2017 5:00,0.242,104.3,0
7/16/2017 6:00,0.241,104.3,0
7/16/2017 7:00,0.239,104.3,0
7/16/2017 8:00,0.238,104.3,0
7/16/2017 9:00,0.235,104.3,0
7/16/2017 10:00,0.234,104.3,0
7/16/2017 11:00,0.234,104.3,0
7/16/2017 12:00,0.233,104.3,0
7/16/2017 13:00,0.233,104.3,0
7/16/2017 14:00,0.234,104.3,0
7/16/2017 15:00,0.236,104.3,0
7/16/2017 16:00,0.238,104.3,0
7/16/2017 17:00,0.24,104.3,0
7/16/2017 18:00,0.242,104.3,0
7/16/2017 19:00,0.243,104.3,0
7/16/2017 20:00,0.245,104.3,0
7/16/2017 21:00,0.245,104.3,0
7/16/2017 22:00,0.246,104.3,0
7/16/2017 23:00,0.246,104.3,0
7/17/2017 0:00,0.245,104.3,0
7/17/2017 1:00,0.244,104.3,0
7/17/2017 2:00,0.243,104.3,0
7/17/2017 3:00,0.242,104.3,0
7/17/2017 4:00,0.241,104.3,0
7/17/2017 5:00,0.239,104.3,0
7/17/2017 6:00,0.239,104.3,0
7/17/2017 7:00,0.237,104.3,0
7/17/2017 8:00,0.235,104.3,0
7/17/2017 9:00,0.232,104.3,0
7/17/2017 10:00,0.232,104.3,0
7/17/2017 11:00,0.231,104.3,0
7/17/2017 12:00,0.231,104.3,0
7/17/2017 13:00,0.231,104.3,0
7/17/2017 14:00,0.231,104.3,0
7/17/2017 15:00,0.233,104.3,0
7/17/2017 16:00,0.235,104.3,0
7/17/2017 17:00,0.238,104.3,0
7/17/2017 18:00,0.239,104.3,0
7/17/2017 19:00,0.241,104.3,0
7/17/2017 20:00,0.241,104.3,0
7/17/2017 21:00,0.243,104.3,0
7/17/2017 22:00,0.243,104.3,0
7/17/2017 23:00,0.243,104.3,0
7/18/2017 0:00,0.242,104.3,0
7/18/2017 1:00,0.241,104.3,0
7/18/2017 2:00,0.241,104.3,0
7/18/2017 3:00,0.239,104.3,0
7/18/2017 4:00,0.238,104.3,0
7/18/2017 5:00,0.237,104.3,0
7/18/2017 6:00,0.235,104.3,0
7/18/2017 7:00,0.234,104.3,0
7/18/2017 8:00,0.233,104.3,0
7/18/2017 9:00,0.231,104.3,0
7/18/2017 10:00,0.23,104.3,0
7/18/2017 11:00,0.229,104.3,0
7/18/2017 12:00,0.229,104.3,0
7/18/2017 13:00,0.229,104.3,0
7/18/2017 14:00,0.23,104.3,0
7/18/2017 15:00,0.231,104.3,0
7/18/2017 16:00,0.233,104.3,0
7/18/2017 17:00,0.235,104.3,0
7/18/2017 18:00,0.237,104.3,0
7/18/2017 19:00,0.238,104.3,0
7/18/2017 20:00,0.24,104.3,0
7/18/2017 21:00,0.24,104.3,0
7/18/2017 22:00,0.241,104.3,0
7/18/2017 23:00,0.241,104.3,0
7/19/2017 0:00,0.24,104.3,0
7/19/2017 1:00,0.239,104.3,0
7/19/2017 2:00,0.238,104.3,0
7/19/2017 3:00,0.237,104.3,0
7/19/2017 4:00,0.236,104.3,0
7/19/2017 5:00,0.235,104.3,0
7/19/2017 6:00,0.234,104.3,0
7/19/2017 7:00,0.232,104.3,0
7/19/2017 8:00,0.231,104.3,0
7/19/2017 9:00,0.229,104.3,0
7/19/2017 10:00,0.229,104.3,0
7/19/2017 11:00,0.229,104.3,0
7/19/2017 12:00,0.228,104.3,0
7/19/2017 13:00,0.229,104.3,0
7/19/2017 14:00,0.229,104.3,0
7/19/2017 15:00,0.231,104.3,0
7/19/2017 16:00,0.233,104.3,0
7/19/2017 17:00,0.235,104.3,0
7/19/2017 18:00,0.237,104.3,0
7/19/2017 19:00,0.238,104.3,0
7/19/2017 20:00,0.239,104.3,0
7/19/2017 21:00,0.24,104.3,0
7/19/2017 22:00,0.241,104.3,0
7/19/2017 23:00,0.24,104.3,0
7/20/2017 0:00,0.24,104.3,0
7/20/2017 1:00,0.239,104.3,0
7/20/2017 2:00,0.238,104.3,0
7/20/2017 3:00,0.237,104.3,0
7/20/2017 4:00,0.235,104.3,0
7/20/2017 5:00,0.234,104.3,0
7/20/2017 6:00,0.232,104.3,0
7/20/2017 7:00,0.231,104.3,0
7/20/2017 8:00,0.23,104.3,0
7/20/2017 9:00,0.228,104.3,0
7/20/2017 10:00,0.228,104.3,0
7/20/2017 11:00,0.228,104.3,0
7/20/2017 12:00,0.227,104.3,0
7/20/2017 13:00,0.228,104.3,0
7/20/2017 14:00,0.229,104.3,0
7/20/2017 15:00,0.23,104.3,0
7/20/2017 16:00,0.232,104.3,0
7/20/2017 17:00,0.234,104.3,0
7/20/2017 18:00,0.236,104.3,0
7/20/2017 19:00,0.237,104.3,0
7/20/2017 20:00,0.238,104.3,0
7/20/2017 21:00,0.239,104.3,0
7/20/2017 22:00,0.24,104.3,0
7/20/2017 23:00,0.239,104.3,0
7/21/2017 0:00,0.239,104.3,0
7/21/2017 1:00,0.238,104.3,0
7/21/2017 2:00,0.237,104.3,0
7/21/2017 3:00,0.236,104.3,0
7/21/2017 4:00,0.235,104.3,0
7/21/2017 5:00,0.233,104.3,0
7/21/2017 6:00,0.232,104.3,0
7/21/2017 7:00,0.231,104.3,0
7/21/2017 8:00,0.229,104.3,0
7/21/2017 9:00,0.228,104.3,0
7/21/2017 10:00,0.227,104.3,0
7/21/2017 11:00,0.227,104.3,0
7/21/2017 12:00,0.227,104.3,0
7/21/2017 13:00,0.227,104.3,0
7/21/2017 14:00,0.228,104.3,0
7/21/2017 15:00,0.229,104.3,0
7/21/2017 16:00,0.232,104.3,0
7/21/2017 17:00,0.234,104.3,0
7/21/2017 18:00,0.236,104.3,0
7/21/2017 19:00,0.237,104.3,0
7/21/2017 20:00,0.238,104.3,0
7/21/2017 21:00,0.239,104.3,0
7/21/2017 22:00,0.24,104.3,0
7/21/2017 23:00,0.239,104.3,0
7/22/2017 0:00,0.238,104.3,0
7/22/2017 1:00,0.237,104.3,0
7/22/2017 2:00,0.237,104.3,0
7/22/2017 3:00,0.235,104.3,0
7/22/2017 4:00,0.234,104.3,0
7/22/2017 5:00,0.233,104.3,0
7/22/2017 6:00,0.231,104.3,0
7/22/2017 7:00,0.23,104.3,0
7/22/2017 8:00,0.228,104.3,0
7/22/2017 9:00,0.226,104.3,0
7/22/2017 10:00,0.226,104.3,0
7/22/2017 11:00,0.226,104.3,0
7/22/2017 12:00,0.225,104.3,0
7/22/2017 13:00,0.225,104.3,0
7/22/2017 14:00,0.226,104.3,0
7/22/2017 15:00,0.228,104.3,0
7/22/2017 16:00,0.231,104.3,0
7/22/2017 17:00,0.233,104.3,0
7/22/2017 18:00,0.235,104.3,0
7/22/2017 19:00,0.236,104.3,0
7/22/2017 20:00,0.238,104.3,0
7/22/2017 21:00,0.239,104.3,0
7/22/2017 22:00,0.239,104.3,0
7/22/2017 23:00,0.24,104.3,0
7/23/2017 0:00,0.239,104.3,0
7/23/2017 1:00,0.239,104.3,0
7/23/2017 2:00,0.238,104.3,0
7/23/2017 3:00,0.237,104.3,0
7/23/2017 4:00,0.236,104.3,0
7/23/2017 5:00,0.235,104.3,0
7/23/2017 6:00,0.234,104.3,0
7/23/2017 7:00,0.233,104.3,0
7/23/2017 8:00,0.232,104.3,0
7/23/2017 9:00,0.229,104.3,0
7/23/2017 10:00,0.228,104.3,0
7/23/2017 11:00,0.229,104.3,0
7/23/2017 12:00,0.228,104.3,0
7/23/2017 13:00,0.229,104.3,0
7/23/2017 14:00,0.23,104.3,0
7/23/2017 15:00,0.231,104.3,0
7/23/2017 16:00,0.233,104.3,0
7/23/2017 17:00,0.235,104.3,0
7/23/2017 18:00,0.236,104.3,0
7/23/2017 19:00,0.239,104.3,0
7/23/2017 20:00,0.24,104.3,0
7/23/2017 21:00,0.241,104.3,0
7/23/2017 22:00,0.242,104.3,0
7/23/2017 23:00,0.242,104.3,0
7/24/2017 0:00,0.241,104.3,0
7/24/2017 1:00,0.24,104.3,0
7/24/2017 2:00,0.239,104.3,0
7/24/2017 3:00,0.238,104.3,0
7/24/2017 4:00,0.236,104.3,0
7/24/2017 5:00,0.236,104.3,0
7/24/2017 6:00,0.235,104.3,0
7/24/2017 7:00,0.234,104.3,0
7/24/2017 8:00,0.233,104.3,0
7/24/2017 9:00,0.23,104.3,0
7/24/2017 10:00,0.229,104.3,0
7/24/2017 11:00,0.228,104.3,0
7/24/2017 12:00,0.229,104.3,0
7/24/2017 13:00,0.23,104.3,0
7/24/2017 14:00,0.23,104.3,0
7/24/2017 15:00,0.232,104.3,0
7/24/2017 16:00,0.234,104.3,0
7/24/2017 17:00,0.235,104.3,0
7/24/2017 18:00,0.237,104.3,0
7/24/2017 19:00,0.239,104.3,0
7/24/2017 20:00,0.241,104.3,0
7/24/2017 21:00,0.242,104.3,0
7/24/2017 22:00,0.242,104.3,0
7/24/2017 23:00,0.242,104.3,0
7/25/2017 0:00,0.24,104.3,0
7/25/2017 1:00,0.24,104.3,0
7/25/2017 2:00,0.239,104.3,0
7/25/2017 3:00,0.237,104.3,0
7/25/2017 4:00,0.236,104.3,0
7/25/2017 5:00,0.235,104.3,0
7/25/2017 6:00,0.234,104.3,0
7/25/2017 7:00,0.232,104.3,0
7/25/2017 8:00,0.231,104.3,0
7/25/2017 9:00,0.229,104.3,0
7/25/2017 10:00,0.228,104.3,0
7/25/2017 11:00,0.228,104.3,0
7/25/2017 12:00,0.228,104.3,0
7/25/2017 13:00,0.228,104.3,0
7/25/2017 14:00,0.229,104.3,0
7/25/2017 15:00,0.23,104.3,0
7/25/2017 16:00,0.232,104.3,0
7/25/2017 17:00,0.234,104.3,0
7/25/2017 18:00,0.235,104.3,0
7/25/2017 19:00,0.237,104.3,0
7/25/2017 20:00,0.239,104.3,0
7/25/2017 21:00,0.239,104.3,0
7/25/2017 22:00,0.24,104.3,0
7/25/2017 23:00,0.24,104.3,0
7/26/2017 0:00,0.239,104.3,0
7/26/2017 1:00,0.238,104.3,0
7/26/2017 2:00,0.237,104.3,0
7/26/2017 3:00,0.235,104.3,0
7/26/2017 4:00,0.233,104.3,0
7/26/2017 5:00,0.232,104.3,0
7/26/2017 6:00,0.231,104.3,0
7/26/2017 7:00,0.23,104.3,0
7/26/2017 8:00,0.229,104.3,0
7/26/2017 9:00,0.227,104.3,0
7/26/2017 10:00,0.226,104.3,0
7/26/2017 11:00,0.227,104.3,0
7/26/2017 12:00,0.227,104.3,0
7/26/2017 13:00,0.227,104.3,0
7/26/2017 14:00,0.228,104.3,0
7/26/2017 15:00,0.229,104.3,0
7/26/2017 16:00,0.231,104.3,0
7/26/2017 17:00,0.232,104.3,0
7/26/2017 18:00,0.234,104.3,0
7/26/2017 19:00,0.236,104.3,0
7/26/2017 20:00,0.238,104.3,0
7/26/2017 21:00,0.238,104.3,0
7/26/2017 22:00,0.239,104.3,0
7/26/2017 23:00,0.239,104.3,0
7/27/2017 0:00,0.238,104.3,0
7/27/2017 1:00,0.238,104.3,0
7/27/2017 2:00,0.236,104.3,0
7/27/2017 3:00,0.234,104.3,0
7/27/2017 4:00,0.233,104.3,0
7/27/2017 5:00,0.232,104.3,0
7/27/2017 6:00,0.23,104.3,0
7/27/2017 7:00,0.229,104.3,0
7/27/2017 8:00,0.228,104.3,0
7/27/2017 9:00,0.226,104.3,0
7/27/2017 10:00,0.225,104.3,0
7/27/2017 11:00,0.225,104.3,0
7/27/2017 12:00,0.225,104.3,0
7/27/2017 13:00,0.225,104.3,0
7/27/2017 14:00,0.226,104.3,0
7/27/2017 15:00,0.227,104.3,0
7/27/2017 16:00,0.228,104.3,0
7/27/2017 17:00,0.23,104.3,0
7/27/2017 18:00,0.231,104.3,0
7/27/2017 19:00,0.234,104.3,0
7/27/2017 20:00,0.236,104.3,0
7/27/2017 21:00,0.236,104.3,0
7/27/2017 22:00,0.237,104.3,0
7/27/2017 23:00,0.237,104.3,0
7/28/2017 0:00,0.236,104.3,0
7/28/2017 1:00,0.234,104.3,0
7/28/2017 2:00,0.233,104.3,0
7/28/2017 3:00,0.231,104.3,0
7/28/2017 4:00,0.23,104.3,0
7/28/2017 5:00,0.229,104.3,0
7/28/2017 6:00,0.228,104.3,0
7/28/2017 7:00,0.227,104.3,0
7/28/2017 8:00,0.226,104.3,0
7/28/2017 9:00,0.223,104.3,0
7/28/2017 10:00,0.221,104.3,0
7/28/2017 11:00,0.223,104.3,0
7/28/2017 12:00,0.223,104.3,0
7/28/2017 13:00,0.223,104.3,0
7/28/2017 14:00,0.223,104.3,0
7/28/2017 15:00,0.225,104.3,0
7/28/2017 16:00,0.227,104.3,0
7/28/2017 17:00,0.228,104.3,0
7/28/2017 18:00,0.23,104.3,0
7/28/2017 19:00,0.231,104.3,0
7/28/2017 20:00,0.233,104.3,0
7/28/2017 21:00,0.234,104.3,0
7/28/2017 22:00,0.234,104.3,0
7/28/2017 23:00,0.234,104.3,0
7/29/2017 0:00,0.233,104.3,0
7/29/2017 1:00,0.232,104.3,0
7/29/2017 2:00,0.23,104.3,0
7/29/2017 3:00,0.229,104.3,0
7/29/2017 4:00,0.228,104.3,0
7/29/2017 5:00,0.227,104.3,0
7/29/2017 6:00,0.225,104.3,0
7/29/2017 7:00,0.225,104.3,0
7/29/2017 8:00,0.223,104.3,0
7/29/2017 9:00,0.221,104.3,0
7/29/2017 10:00,0.219,104.3,0
7/29/2017 11:00,0.22,104.3,0
7/29/2017 12:00,0.219,104.3,0
7/29/2017 13:00,0.22,104.3,0
7/29/2017 14:00,0.22,104.3,0
7/29/2017 15:00,0.223,104.3,0
7/29/2017 16:00,0.225,104.3,0
7/29/2017 17:00,0.226,104.3,0
7/29/2017 18:00,0.227,104.3,0
7/29/2017 19:00,0.229,104.3,0
7/29/2017 20:00,0.23,104.3,0
7/29/2017 21:00,0.232,104.3,0
7/29/2017 22:00,0.232,104.3,0
7/29/2017 23:00,0.232,104.3,0
7/30/2017 0:00,0.232,104.3,0
7/30/2017 1:00,0.231,104.3,0
7/30/2017 2:00,0.23,104.3,0
7/30/2017 3:00,0.229,104.3,0
7/30/2017 4:00,0.227,104.3,0
7/30/2017 5:00,0.226,104.3,0
7/30/2017 6:00,0.226,104.3,0
7/30/2017 7:00,0.225,104.3,0
7/30/2017 8:00,0.223,104.3,0
7/30/2017 9:00,0.222,104.3,0
7/30/2017 10:00,0.221,104.3,0
7/30/2017 11:00,0.221,104.3,0
7/30/2017 12:00,0.221,104.3,0
7/30/2017 13:00,0.222,104.3,0
7/30/2017 14:00,0.223,104.3,0
7/30/2017 15:00,0.224,104.3,0
7/30/2017 16:00,0.225,104.3,0
7/30/2017 17:00,0.227,104.3,0
7/30/2017 18:00,0.228,104.3,0
7/30/2017 19:00,0.23,104.3,0
7/30/2017 20:00,0.233,104.3,0
7/30/2017 21:00,0.234,104.3,0
7/30/2017 22:00,0.234,104.3,0
7/30/2017 23:00,0.234,104.3,0
7/31/2017 0:00,0.233,104.3,0
7/31/2017 1:00,0.232,104.3,0
7/31/2017 2:00,0.231,104.3,0
7/31/2017 3:00,0.23,104.3,0
7/31/2017 4:00,0.229,104.3,0
7/31/2017 5:00,0.228,104.3,0
7/31/2017 6:00,0.226,104.3,0
7/31/2017 7:00,0.225,104.3,0
7/31/2017 8:00,0.224,104.3,0
7/31/2017 9:00,0.222,104.3,0
7/31/2017 10:00,0.222,104.3,0
7/31/2017 11:00,0.221,104.3,0
7/31/2017 12:00,0.221,104.3,0
7/31/2017 13:00,0.222,104.3,0
7/31/2017 14:00,0.223,104.3,0
7/31/2017 15:00,0.224,104.3,0
7/31/2017 16:00,0.226,104.3,0
7/31/2017 17:00,0.227,104.3,0
7/31/2017 18:00,0.229,104.3,0
7/31/2017 19:00,0.231,104.3,0
7/31/2017 20:00,0.233,104.3,0
7/31/2017 21:00,0.234,104.3,0
7/31/2017 22:00,0.234,104.3,0
7/31/2017 23:00,0.234,104.3,0
8/1/2017 0:00,0.234,104.3,0
8/1/2017 1:00,0.233,104.3,0
8/1/2017 2:00,0.232,104.3,0
8/1/2017 3:00,0.23,104.3,0
8/1/2017 4:00,0.229,104.3,0
8/1/2017 5:00,0.228,104.3,0
8/1/2017 6:00,0.227,104.3,0
8/1/2017 7:00,0.225,104.3,0
8/1/2017 8:00,0.224,104.3,0
8/1/2017 9:00,0.223,104.3,0
8/1/2017 10:00,0.222,104.3,0
8/1/2017 11:00,0.221,104.3,0
8/1/2017 12:00,0.222,104.3,0
8/1/2017 13:00,0.222,104.3,0
8/1/2017 14:00,0.223,104.3,0
8/1/2017 15:00,0.224,104.3,0
8/1/2017 16:00,0.226,104.3,0
8/1/2017 17:00,0.228,104.3,0
8/1/2017 18:00,0.23,104.3,0
8/1/2017 19:00,0.232,104.3,0
8/1/2017 20:00,0.234,104.3,0
8/1/2017 21:00,0.235,104.3,0
8/1/2017 22:00,0.236,104.3,0
8/1/2017 23:00,0.235,104.3,0
8/2/2017 0:00,0.235,104.3,0
8/2/2017 1:00,0.234,104.3,0
8/2/2017 2:00,0.233,104.3,0
8/2/2017 3:00,0.232,104.3,0
8/2/2017 4:00,0.231,104.3,0
8/2/2017 5:00,0.229,104.3,0
8/2/2017 6:00,0.228,104.3,0
8/2/2017 7:00,0.227,104.3,0
8/2/2017 8:00,0.226,104.3,0
8/2/2017 9:00,0.225,104.3,0
8/2/2017 10:00,0.224,104.3,0
8/2/2017 11:00,0.223,104.3,0
8/2/2017 12:00,0.223,104.3,0
8/2/2017 13:00,0.223,104.3,0
8/2/2017 14:00,0.223,104.3,0
8/2/2017 15:00,0.225,104.3,0
8/2/2017 16:00,0.227,104.3,0
8/2/2017 17:00,0.229,104.3,0
8/2/2017 18:00,0.231,104.3,0
8/2/2017 19:00,0.232,104.3,0
8/2/2017 20:00,0.234,104.3,0
8/2/2017 21:00,0.235,104.3,0
8/2/2017 22:00,0.236,104.3,0
8/2/2017 23:00,0.235,104.3,0
8/3/2017 0:00,0.234,104.3,0
8/3/2017 1:00,0.234,104.3,0
8/3/2017 2:00,0.233,104.3,0
8/3/2017 3:00,0.231,104.3,0
8/3/2017 4:00,0.23,104.3,0
8/3/2017 5:00,0.229,104.3,0
8/3/2017 6:00,0.227,104.3,0
8/3/2017 7:00,0.226,104.3,0
8/3/2017 8:00,0.224,104.3,0
8/3/2017 9:00,0.223,104.3,0
8/3/2017 10:00,0.223,104.3,0
8/3/2017 11:00,0.221,104.3,0
8/3/2017 12:00,0.221,104.3,0
8/3/2017 13:00,0.22,104.3,0
8/3/2017 14:00,0.222,104.3,0
8/3/2017 15:00,0.223,104.3,0
8/3/2017 16:00,0.225,104.3,0
8/3/2017 17:00,0.226,104.3,0
8/3/2017 18:00,0.229,104.3,0
8/3/2017 19:00,0.23,104.3,0
8/3/2017 20:00,0.231,104.3,0
8/3/2017 21:00,0.232,104.3,0
8/3/2017 22:00,0.232,104.3,0
8/3/2017 23:00,0.231,104.3,0
8/4/2017 0:00,0.231,104.3,0
8/4/2017 1:00,0.229,104.3,0
8/4/2017 2:00,0.228,104.3,0
8/4/2017 3:00,0.227,104.3,0
8/4/2017 4:00,0.225,104.3,0
8/4/2017 5:00,0.224,104.3,0
8/4/2017 6:00,0.223,104.3,0
8/4/2017 7:00,0.221,104.3,0
8/4/2017 8:00,0.22,104.3,0
8/4/2017 9:00,0.22,104.3,0
8/4/2017 10:00,0.219,104.3,0
8/4/2017 11:00,0.218,104.3,0
8/4/2017 12:00,0.217,104.3,0
8/4/2017 13:00,0.217,104.3,0
8/4/2017 14:00,0.219,104.3,0
8/4/2017 15:00,0.22,104.3,0
8/4/2017 16:00,0.221,104.3,0
8/4/2017 17:00,0.222,104.3,0
8/4/2017 18:00,0.223,104.3,0
8/4/2017 19:00,0.224,104.3,0
8/4/2017 20:00,0.225,104.3,0
8/4/2017 21:00,0.224,104.3,0
8/4/2017 22:00,0.225,104.3,0
8/4/2017 23:00,0.225,104.3,0
8/5/2017 0:00,0.224,104.3,0
8/5/2017 1:00,0.223,104.3,0
8/5/2017 2:00,0.221,104.3,0
8/5/2017 3:00,0.221,104.3,0
8/5/2017 4:00,0.22,104.3,0
8/5/2017 5:00,0.219,104.3,0
8/5/2017 6:00,0.217,104.3,0
8/5/2017 7:00,0.216,104.3,0
8/5/2017 8:00,0.216,104.3,0
8/5/2017 9:00,0.215,104.3,0
8/5/2017 10:00,0.214,104.3,0
8/5/2017 11:00,0.213,104.3,0
8/5/2017 12:00,0.214,104.3,0
8/5/2017 13:00,0.214,104.3,0
8/5/2017 14:00,0.214,104.3,0
8/5/2017 15:00,0.215,104.3,0
8/5/2017 16:00,0.217,104.3,0
8/5/2017 17:00,0.22,104.3,0
8/5/2017 18:00,0.221,104.3,0
8/5/2017 19:00,0.223,104.3,0
8/5/2017 20:00,0.224,104.3,0
8/5/2017 21:00,0.225,104.3,0
8/5/2017 22:00,0.225,104.3,0
8/5/2017 23:00,0.224,104.3,0
8/6/2017 0:00,0.223,104.3,0
8/6/2017 1:00,0.222,104.3,0
8/6/2017 2:00,0.221,104.3,0
8/6/2017 3:00,0.22,104.3,0
8/6/2017 4:00,0.218,104.3,0
8/6/2017 5:00,0.216,104.3,0
8/6/2017 6:00,0.215,104.3,0
8/6/2017 7:00,0.215,104.3,0
8/6/2017 8:00,0.214,104.3,0
8/6/2017 9:00,0.212,104.3,0
8/6/2017 10:00,0.211,104.3,0
8/6/2017 11:00,0.21,104.3,0
8/6/2017 12:00,0.21,104.3,0
8/6/2017 13:00,0.21,104.3,0
8/6/2017 14:00,0.211,104.3,0
8/6/2017 15:00,0.212,104.3,0
8/6/2017 16:00,0.213,104.3,0
8/6/2017 17:00,0.215,104.3,0
8/6/2017 18:00,0.217,104.3,0
8/6/2017 19:00,0.219,104.3,0
8/6/2017 20:00,0.22,104.3,0
8/6/2017 21:00,0.221,104.3,0
8/6/2017 22:00,0.221,104.3,0
8/6/2017 23:00,0.221,104.3,0
8/7/2017 0:00,0.221,104.3,0
8/7/2017 1:00,0.22,104.3,0
8/7/2017 2:00,0.219,104.3,0
8/7/2017 3:00,0.217,104.3,0
8/7/2017 4:00,0.216,104.3,0
8/7/2017 5:00,0.215,104.3,0
8/7/2017 6:00,0.214,104.3,0
8/7/2017 7:00,0.213,104.3,0
8/7/2017 8:00,0.211,104.3,0
8/7/2017 9:00,0.21,104.3,0
8/7/2017 10:00,0.209,104.3,0
8/7/2017 11:00,0.209,104.3,0
8/7/2017 12:00,0.209,104.3,0
8/7/2017 13:00,0.209,104.3,0
8/7/2017 14:00,0.209,104.3,0
8/7/2017 15:00,0.21,104.3,0
8/7/2017 16:00,0.212,104.3,0
8/7/2017 17:00,0.213,104.3,0
8/7/2017 18:00,0.215,104.3,0
8/7/2017 19:00,0.217,104.3,0
8/7/2017 20:00,0.218,104.3,0
8/7/2017 21:00,0.22,104.3,0
8/7/2017 22:00,0.22,104.3,0
8/7/2017 23:00,0.22,104.3,0
8/8/2017 0:00,0.219,104.3,0
8/8/2017 1:00,0.218,104.3,0
8/8/2017 2:00,0.217,104.3,0
8/8/2017 3:00,0.216,104.3,0
8/8/2017 4:00,0.215,104.3,0
8/8/2017 5:00,0.214,104.3,0
8/8/2017 6:00,0.213,104.3,0
8/8/2017 7:00,0.211,104.3,0
8/8/2017 8:00,0.211,104.3,0
8/8/2017 9:00,0.21,104.3,0
8/8/2017 10:00,0.209,104.3,0
8/8/2017 11:00,0.209,104.3,0
8/8/2017 12:00,0.209,104.3,0
8/8/2017 13:00,0.209,104.3,0
8/8/2017 14:00,0.209,104.3,0
8/8/2017 15:00,0.211,104.3,0
8/8/2017 16:00,0.212,104.3,0
8/8/2017 17:00,0.213,104.3,0
8/8/2017 18:00,0.216,104.3,0
8/8/2017 19:00,0.217,104.3,0
8/8/2017 20:00,0.218,104.3,0
8/8/2017 21:00,0.219,104.3,0
8/8/2017 22:00,0.219,104.3,0
8/8/2017 23:00,0.219,104.3,0
8/9/2017 0:00,0.219,104.3,0
8/9/2017 1:00,0.218,104.3,0
8/9/2017 2:00,0.217,104.3,0
8/9/2017 3:00,0.215,104.3,0
8/9/2017 4:00,0.214,104.3,0
8/9/2017 5:00,0.212,104.3,0
8/9/2017 6:00,0.211,104.3,0
8/9/2017 7:00,0.211,104.3,0
8/9/2017 8:00,0.208,104.3,0
8/9/2017 9:00,0.209,104.3,0
8/9/2017 10:00,0.208,104.3,0
8/9/2017 11:00,0.206,104.3,0
8/9/2017 12:00,0.206,104.3,0
8/9/2017 13:00,0.206,104.3,0
8/9/2017 14:00,0.207,104.3,0
8/9/2017 15:00,0.208,104.3,0
8/9/2017 16:00,0.209,104.3,0
8/9/2017 17:00,0.211,104.3,0
8/9/2017 18:00,0.212,104.3,0
8/9/2017 19:00,0.214,104.3,0
8/9/2017 20:00,0.215,104.3,0
8/9/2017 21:00,0.216,104.3,0
8/9/2017 22:00,0.217,104.3,0
8/9/2017 23:00,0.216,104.3,0
8/10/2017 0:00,0.216,104.3,0
8/10/2017 1:00,0.215,104.3,0
8/10/2017 2:00,0.213,104.3,0
8/10/2017 3:00,0.212,104.3,0
8/10/2017 4:00,0.211,104.3,0
8/10/2017 5:00,0.209,104.3,0
8/10/2017 6:00,0.208,104.3,0
8/10/2017 7:00,0.207,104.3,0
8/10/2017 8:00,0.206,104.3,0
8/10/2017 9:00,0.205,104.3,0
8/10/2017 10:00,0.204,104.3,0
8/10/2017 11:00,0.203,104.3,0
8/10/2017 12:00,0.204,104.3,0
8/10/2017 13:00,0.204,104.3,0
8/10/2017 14:00,0.205,104.3,0
8/10/2017 15:00,0.205,104.3,0
8/10/2017 16:00,0.207,104.3,0
8/10/2017 17:00,0.208,104.3,0
8/10/2017 18:00,0.209,104.3,0
8/10/2017 19:00,0.211,104.3,0
8/10/2017 20:00,0.213,104.3,0
8/10/2017 21:00,0.213,104.3,0
8/10/2017 22:00,0.214,104.3,0
8/10/2017 23:00,0.214,104.3,0
8/11/2017 0:00,0.213,104.3,0
8/11/2017 1:00,0.212,104.3,0
8/11/2017 2:00,0.211,104.3,0
8/11/2017 3:00,0.21,104.3,0
8/11/2017 4:00,0.209,104.3,0
8/11/2017 5:00,0.207,104.3,0
8/11/2017 6:00,0.207,104.3,0
8/11/2017 7:00,0.206,104.3,0
8/11/2017 8:00,0.204,104.3,0
8/11/2017 9:00,0.204,104.3,0
8/11/2017 10:00,0.203,104.3,0
8/11/2017 11:00,0.202,104.3,0
8/11/2017 12:00,0.202,104.3,0
8/11/2017 13:00,0.202,104.3,0
8/11/2017 14:00,0.203,104.3,0
8/11/2017 15:00,0.203,104.3,0
8/11/2017 16:00,0.205,104.3,0
8/11/2017 17:00,0.207,104.3,0
8/11/2017 18:00,0.208,104.3,0
8/11/2017 19:00,0.21,104.3,0
8/11/2017 20:00,0.211,104.3,0
8/11/2017 21:00,0.212,104.3,0
8/11/2017 22:00,0.212,104.3,0
8/11/2017 23:00,0.212,104.3,0
8/12/2017 0:00,0.211,104.3,0
8/12/2017 1:00,0.21,104.3,0
8/12/2017 2:00,0.209,104.3,0
8/12/2017 3:00,0.207,104.3,0
8/12/2017 4:00,0.206,104.3,0
8/12/2017 5:00,0.205,104.3,0
8/12/2017 6:00,0.204,104.3,0
8/12/2017 7:00,0.203,104.3,0
8/12/2017 8:00,0.202,104.3,0
8/12/2017 9:00,0.201,104.3,0
8/12/2017 10:00,0.2,104.3,0
8/12/2017 11:00,0.2,104.3,0
8/12/2017 12:00,0.2,104.3,0
8/12/2017 13:00,0.2,104.3,0
8/12/2017 14:00,0.201,104.3,0
8/12/2017 15:00,0.202,104.3,0
8/12/2017 16:00,0.203,104.3,0
8/12/2017 17:00,0.204,104.3,0
8/12/2017 18:00,0.205,104.3,0
8/12/2017 19:00,0.207,104.3,0
8/12/2017 20:00,0.208,104.3,0
8/12/2017 21:00,0.208,104.3,0
8/12/2017 22:00,0.209,104.3,0
8/12/2017 23:00,0.208,104.3,0
8/13/2017 0:00,0.208,104.3,0
8/13/2017 1:00,0.206,104.3,0
8/13/2017 2:00,0.205,104.3,0
8/13/2017 3:00,0.204,104.3,0
8/13/2017 4:00,0.203,104.3,0
8/13/2017 5:00,0.202,104.3,0
8/13/2017 6:00,0.201,104.3,0
8/13/2017 7:00,0.2,104.3,0
8/13/2017 8:00,0.2,104.3,0
8/13/2017 9:00,0.198,104.3,0
8/13/2017 10:00,0.197,104.3,0
8/13/2017 11:00,0.198,104.3,0
8/13/2017 12:00,0.197,104.3,0
8/13/2017 13:00,0.198,104.3,0
8/13/2017 14:00,0.198,104.3,0
8/13/2017 15:00,0.199,104.3,0
8/13/2017 16:00,0.201,104.3,0
8/13/2017 17:00,0.202,104.3,0
8/13/2017 18:00,0.202,104.3,0
8/13/2017 19:00,0.204,104.3,0
8/13/2017 20:00,0.204,104.3,0
8/13/2017 21:00,0.205,104.3,0
8/13/2017 22:00,0.205,104.3,0
8/13/2017 23:00,0.205,104.3,0
8/14/2017 0:00,0.204,104.3,0
8/14/2017 1:00,0.204,104.3,0
8/14/2017 2:00,0.203,104.3,0
8/14/2017 3:00,0.202,104.3,0
8/14/2017 4:00,0.201,104.3,0
8/14/2017 5:00,0.201,104.3,0
8/14/2017 6:00,0.201,104.3,0
8/14/2017 7:00,0.2,104.3,0
8/14/2017 8:00,0.199,104.3,0
8/14/2017 9:00,0.198,104.3,0
8/14/2017 10:00,0.196,104.3,0
8/14/2017 11:00,0.196,104.3,0
8/14/2017 12:00,0.197,104.3,0
8/14/2017 13:00,0.197,104.3,0
8/14/2017 14:00,0.197,104.3,0
8/14/2017 15:00,0.198,104.3,0
8/14/2017 16:00,0.199,104.3,0
8/14/2017 17:00,0.201,104.3,0
8/14/2017 18:00,0.201,104.3,0
8/14/2017 19:00,0.202,104.3,0
8/14/2017 20:00,0.203,104.3,0
8/14/2017 21:00,0.203,104.3,0
8/14/2017 22:00,0.203,104.3,0
8/14/2017 23:00,0.203,104.3,0
8/15/2017 0:00,0.203,104.3,0
8/15/2017 1:00,0.201,104.3,0
8/15/2017 2:00,0.2,104.3,0
8/15/2017 3:00,0.2,104.3,0
8/15/2017 4:00,0.199,104.3,0
8/15/2017 5:00,0.198,104.3,0
8/15/2017 6:00,0.197,104.3,0
8/15/2017 7:00,0.196,104.3,0
8/15/2017 8:00,0.195,104.3,0
8/15/2017 9:00,0.192,104.3,0
8/15/2017 10:00,0.192,104.3,0
8/15/2017 11:00,0.193,104.3,0
8/15/2017 12:00,0.192,104.3,0
8/15/2017 13:00,0.192,104.3,0
8/15/2017 14:00,0.193,104.3,0
8/15/2017 15:00,0.194,104.3,0
8/15/2017 16:00,0.196,104.3,0
8/15/2017 17:00,0.197,104.3,0
8/15/2017 18:00,0.198,104.3,0
8/15/2017 19:00,0.199,104.3,0
8/15/2017 20:00,0.2,104.3,0
8/15/2017 21:00,0.201,104.3,0
8/15/2017 22:00,0.201,104.3,0
8/15/2017 23:00,0.201,104.3,0
8/16/2017 0:00,0.2,104.3,0
8/16/2017 1:00,0.2,104.3,0
8/16/2017 2:00,0.198,104.3,0
8/16/2017 3:00,0.198,104.3,0
8/16/2017 4:00,0.198,104.3,0
8/16/2017 5:00,0.197,104.3,0
8/16/2017 6:00,0.196,104.3,0
8/16/2017 7:00,0.195,104.3,0
8/16/2017 8:00,0.194,104.3,0
8/16/2017 9:00,0.191,104.3,0
8/16/2017 10:00,0.192,104.3,0
8/16/2017 11:00,0.192,104.3,0
8/16/2017 12:00,0.192,104.3,0
8/16/2017 13:00,0.192,104.3,0
8/16/2017 14:00,0.193,104.3,0
8/16/2017 15:00,0.194,104.3,0
8/16/2017 16:00,0.195,104.3,0
8/16/2017 17:00,0.197,104.3,0
8/16/2017 18:00,0.198,104.3,0
8/16/2017 19:00,0.198,104.3,0
8/16/2017 20:00,0.2,104.3,0
8/16/2017 21:00,0.2,104.3,0
8/16/2017 22:00,0.2,104.3,0
8/16/2017 23:00,0.2,104.3,0
8/17/2017 0:00,0.199,104.3,0
8/17/2017 1:00,0.199,104.3,0
8/17/2017 2:00,0.199,104.3,0
8/17/2017 3:00,0.198,104.3,0
8/17/2017 4:00,0.198,104.3,0
8/17/2017 5:00,0.197,104.3,0
8/17/2017 6:00,0.196,104.3,0
8/17/2017 7:00,0.195,104.3,0
8/17/2017 8:00,0.195,104.3,0
8/17/2017 9:00,0.192,104.3,0
8/17/2017 10:00,0.192,104.3,0
8/17/2017 11:00,0.193,104.3,0
8/17/2017 12:00,0.193,104.3,0
8/17/2017 13:00,0.194,104.3,0
8/17/2017 14:00,0.194,104.3,0
8/17/2017 15:00,0.194,104.3,0
8/17/2017 16:00,0.196,104.3,0
8/17/2017 17:00,0.197,104.3,0
8/17/2017 18:00,0.197,104.3,0
8/17/2017 19:00,0.199,104.3,0
8/17/2017 20:00,0.2,104.3,0
8/17/2017 21:00,0.201,104.3,0
8/17/2017 22:00,0.201,104.3,0
8/17/2017 23:00,0.201,104.3,0
8/18/2017 0:00,0.2,104.3,0
8/18/2017 1:00,0.199,104.3,0
8/18/2017 2:00,0.199,104.3,0
8/18/2017 3:00,0.198,104.3,0
8/18/2017 4:00,0.198,104.3,0
8/18/2017 5:00,0.197,104.3,0
8/18/2017 6:00,0.196,104.3,0
8/18/2017 7:00,0.195,104.3,0
8/18/2017 8:00,0.195,104.3,0
8/18/2017 9:00,0.193,104.3,0
8/18/2017 10:00,0.192,104.3,0
8/18/2017 11:00,0.192,104.3,0
8/18/2017 12:00,0.193,104.3,0
8/18/2017 13:00,0.193,104.3,0
8/18/2017 14:00,0.193,104.3,0
8/18/2017 15:00,0.194,104.3,0
8/18/2017 16:00,0.196,104.3,0
8/18/2017 17:00,0.197,104.3,0
8/18/2017 18:00,0.197,104.3,0
8/18/2017 19:00,0.198,104.3,0
8/18/2017 20:00,0.199,104.3,0
8/18/2017 21:00,0.201,104.3,0
8/18/2017 22:00,0.2,104.3,0
8/18/2017 23:00,0.2,104.3,0
8/19/2017 0:00,0.2,104.3,0
8/19/2017 1:00,0.199,104.3,0
8/19/2017 2:00,0.198,104.3,0
8/19/2017 3:00,0.196,104.3,0
8/19/2017 4:00,0.195,104.3,0
8/19/2017 5:00,0.195,104.3,0
8/19/2017 6:00,0.194,104.3,0
8/19/2017 7:00,0.194,104.3,0
8/19/2017 8:00,0.193,104.3,0
8/19/2017 9:00,0.19,104.3,0
8/19/2017 10:00,0.189,104.3,0
8/19/2017 11:00,0.189,104.3,0
8/19/2017 12:00,0.19,104.3,0
8/19/2017 13:00,0.19,104.3,0
8/19/2017 14:00,0.191,104.3,0
8/19/2017 15:00,0.192,104.3,0
8/19/2017 16:00,0.193,104.3,0
8/19/2017 17:00,0.194,104.3,0
8/19/2017 18:00,0.194,104.3,0
8/19/2017 19:00,0.195,104.3,0
8/19/2017 20:00,0.195,104.3,0
8/19/2017 21:00,0.196,104.3,0
8/19/2017 22:00,0.196,104.3,0
8/19/2017 23:00,0.196,104.3,0
8/20/2017 0:00,0.195,104.3,0
8/20/2017 1:00,0.195,104.3,0
8/20/2017 2:00,0.194,104.3,0
8/20/2017 3:00,0.194,104.3,0
8/20/2017 4:00,0.193,104.3,0
8/20/2017 5:00,0.192,104.3,0
8/20/2017 6:00,0.192,104.3,0
8/20/2017 7:00,0.191,104.3,0
8/20/2017 8:00,0.19,104.3,0
8/20/2017 9:00,0.187,104.3,0
8/20/2017 10:00,0.188,104.3,0
8/20/2017 11:00,0.188,104.3,0
8/20/2017 12:00,0.188,104.3,0
8/20/2017 13:00,0.188,104.3,0
8/20/2017 14:00,0.189,104.3,0
8/20/2017 15:00,0.19,104.3,0
8/20/2017 16:00,0.191,104.3,0
8/20/2017 17:00,0.192,104.3,0
8/20/2017 18:00,0.193,104.3,0
8/20/2017 19:00,0.194,104.3,0
8/20/2017 20:00,0.195,104.3,0
8/20/2017 21:00,0.195,104.3,0
8/20/2017 22:00,0.196,104.3,0
8/20/2017 23:00,0.195,104.3,0
8/21/2017 0:00,0.195,104.3,0
8/21/2017 1:00,0.194,104.3,0
8/21/2017 2:00,0.194,104.3,0
8/21/2017 3:00,0.193,104.3,0
8/21/2017 4:00,0.193,104.3,0
8/21/2017 5:00,0.193,104.3,0
8/21/2017 6:00,0.192,104.3,0
8/21/2017 7:00,0.191,104.3,0
8/21/2017 8:00,0.19,104.3,0
8/21/2017 9:00,0.188,104.3,0
8/21/2017 10:00,0.188,104.3,0
8/21/2017 11:00,0.187,104.3,0
8/21/2017 12:00,0.187,104.3,0
8/21/2017 13:00,0.188,104.3,0
8/21/2017 14:00,0.189,104.3,0
8/21/2017 15:00,0.189,104.3,0
8/21/2017 16:00,0.19,104.3,0
8/21/2017 17:00,0.191,104.3,0
8/21/2017 18:00,0.192,104.3,0
8/21/2017 19:00,0.193,104.3,0
8/21/2017 20:00,0.193,104.3,0
8/21/2017 21:00,0.194,104.3,0
8/21/2017 22:00,0.194,104.3,0
8/21/2017 23:00,0.194,104.3,0
8/22/2017 0:00,0.194,104.3,0
8/22/2017 1:00,0.193,104.3,0
8/22/2017 2:00,0.193,104.3,0
8/22/2017 3:00,0.192,104.3,0
8/22/2017 4:00,0.192,104.3,0
8/22/2017 5:00,0.191,104.3,0
8/22/2017 6:00,0.191,104.3,0
8/22/2017 7:00,0.19,104.3,0
8/22/2017 8:00,0.189,104.3,0
8/22/2017 9:00,0.187,104.3,0
8/22/2017 10:00,0.187,104.3,0
8/22/2017 11:00,0.187,104.3,0
8/22/2017 12:00,0.187,104.3,0
8/22/2017 13:00,0.188,104.3,0
8/22/2017 14:00,0.188,104.3,0
8/22/2017 15:00,0.188,104.3,0
8/22/2017 16:00,0.189,104.3,0
8/22/2017 17:00,0.19,104.3,0
8/22/2017 18:00,0.191,104.3,0
8/22/2017 19:00,0.191,104.3,0
8/22/2017 20:00,0.192,104.3,0
8/22/2017 21:00,0.193,104.3,0
8/22/2017 22:00,0.193,104.3,0
8/22/2017 23:00,0.192,104.3,0
8/23/2017 0:00,0.192,104.3,0
8/23/2017 1:00,0.192,104.3,0
8/23/2017 2:00,0.191,104.3,0
8/23/2017 3:00,0.191,104.3,0
8/23/2017 4:00,0.19,104.3,0
8/23/2017 5:00,0.19,104.3,0
8/23/2017 6:00,0.189,104.3,0
8/23/2017 7:00,0.188,104.3,0
8/23/2017 8:00,0.187,104.3,0
8/23/2017 9:00,0.185,104.3,0
8/23/2017 10:00,0.185,104.3,0
8/23/2017 11:00,0.185,104.3,0
8/23/2017 12:00,0.185,104.3,0
8/23/2017 13:00,0.185,104.3,0
8/23/2017 14:00,0.185,104.3,0
8/23/2017 15:00,0.187,104.3,0
8/23/2017 16:00,0.189,104.3,0
8/23/2017 17:00,0.19,104.3,0
8/23/2017 18:00,0.192,104.3,0
8/23/2017 19:00,0.192,104.3,0
8/23/2017 20:00,0.193,104.3,0
8/23/2017 21:00,0.194,104.3,0
8/23/2017 22:00,0.194,104.3,0
8/23/2017 23:00,0.193,104.3,0
8/24/2017 0:00,0.193,104.3,0
8/24/2017 1:00,0.192,104.3,0
8/24/2017 2:00,0.192,104.3,0
8/24/2017 3:00,0.191,104.3,0
8/24/2017 4:00,0.191,104.3,0
8/24/2017 5:00,0.19,104.3,0
8/24/2017 6:00,0.189,104.3,0
8/24/2017 7:00,0.188,104.3,0
8/24/2017 8:00,0.188,104.3,0
8/24/2017 9:00,0.187,104.3,0
8/24/2017 10:00,0.185,104.3,0
8/24/2017 11:00,0.186,104.3,0
8/24/2017 12:00,0.186,104.3,0
8/24/2017 13:00,0.186,104.3,0
8/24/2017 14:00,0.186,104.3,0
8/24/2017 15:00,0.187,104.3,0
8/24/2017 16:00,0.188,104.3,0
8/24/2017 17:00,0.19,104.3,0
8/24/2017 18:00,0.191,104.3,0
8/24/2017 19:00,0.191,104.3,0
8/24/2017 20:00,0.192,104.3,0
8/24/2017 21:00,0.193,104.3,0
8/24/2017 22:00,0.192,104.3,0
8/24/2017 23:00,0.192,104.3,0
8/25/2017 0:00,0.191,104.3,0
8/25/2017 1:00,0.191,104.3,0
8/25/2017 2:00,0.19,104.3,0
8/25/2017 3:00,0.189,104.3,0
8/25/2017 4:00,0.189,104.3,0
8/25/2017 5:00,0.188,104.3,0
8/25/2017 6:00,0.187,104.3,0
8/25/2017 7:00,0.185,104.3,0
8/25/2017 8:00,0.185,104.3,0
8/25/2017 9:00,0.183,104.3,0
8/25/2017 10:00,0.183,104.3,0
8/25/2017 11:00,0.182,104.3,0
8/25/2017 12:00,0.182,104.3,0
8/25/2017 13:00,0.181,104.3,0
8/25/2017 14:00,0.182,104.3,0
8/25/2017 15:00,0.184,104.3,0
8/25/2017 16:00,0.185,104.3,0
8/25/2017 17:00,0.187,104.3,0
8/25/2017 18:00,0.189,104.3,0
8/25/2017 19:00,0.19,104.3,0
8/25/2017 20:00,0.191,104.3,0
8/25/2017 21:00,0.191,104.3,0
8/25/2017 22:00,0.191,104.3,0
8/25/2017 23:00,0.191,104.3,0
8/26/2017 0:00,0.192,104.3,0
8/26/2017 1:00,0.191,104.3,0
8/26/2017 2:00,0.191,104.3,0
8/26/2017 3:00,0.19,104.3,0
8/26/2017 4:00,0.19,104.3,0
8/26/2017 5:00,0.189,104.3,0
8/26/2017 6:00,0.188,104.3,0
8/26/2017 7:00,0.187,104.3,0
8/26/2017 8:00,0.186,104.3,0
8/26/2017 9:00,0.184,104.3,0
8/26/2017 10:00,0.184,104.3,0
8/26/2017 11:00,0.184,104.3,0
8/26/2017 12:00,0.184,104.3,0
8/26/2017 13:00,0.184,104.3,0
8/26/2017 14:00,0.184,104.3,0
8/26/2017 15:00,0.186,104.3,0
8/26/2017 16:00,0.187,104.3,0
8/26/2017 17:00,0.19,104.3,0
8/26/2017 18:00,0.19,104.3,0
8/26/2017 19:00,0.191,104.3,0
8/26/2017 20:00,0.192,104.3,0
8/26/2017 21:00,0.193,104.3,0
8/26/2017 22:00,0.194,104.3,0
8/26/2017 23:00,0.193,104.3,0
8/27/2017 0:00,0.193,104.3,0
8/27/2017 1:00,0.192,104.3,0
8/27/2017 2:00,0.192,104.3,0
8/27/2017 3:00,0.191,104.3,0
8/27/2017 4:00,0.19,104.3,0
8/27/2017 5:00,0.189,104.3,0
8/27/2017 6:00,0.189,104.3,0
8/27/2017 7:00,0.189,104.3,0
8/27/2017 8:00,0.188,104.3,0
8/27/2017 9:00,0.185,104.3,0
8/27/2017 10:00,0.185,104.3,0
8/27/2017 11:00,0.186,104.3,0
8/27/2017 12:00,0.185,104.3,0
8/27/2017 13:00,0.186,104.3,0
8/27/2017 14:00,0.187,104.3,0
8/27/2017 15:00,0.188,104.3,0
8/27/2017 16:00,0.189,104.3,0
8/27/2017 17:00,0.19,104.3,0
8/27/2017 18:00,0.191,104.3,0
8/27/2017 19:00,0.192,104.3,0
8/27/2017 20:00,0.193,104.3,0
8/27/2017 21:00,0.195,104.3,0
8/27/2017 22:00,0.195,104.3,0
8/27/2017 23:00,0.195,104.3,0
8/28/2017 0:00,0.194,104.3,0
8/28/2017 1:00,0.194,104.3,0
8/28/2017 2:00,0.193,104.3,0
8/28/2017 3:00,0.192,104.3,0
8/28/2017 4:00,0.191,104.3,0
8/28/2017 5:00,0.19,104.3,0
8/28/2017 6:00,0.19,104.3,0
8/28/2017 7:00,0.189,104.3,0
8/28/2017 8:00,0.188,104.3,0
8/28/2017 9:00,0.187,104.3,0
8/28/2017 10:00,0.186,104.3,0
8/28/2017 11:00,0.186,104.3,0
8/28/2017 12:00,0.186,104.3,0
8/28/2017 13:00,0.187,104.3,0
8/28/2017 14:00,0.188,104.3,0
8/28/2017 15:00,0.189,104.3,0
8/28/2017 16:00,0.189,104.3,0
8/28/2017 17:00,0.191,104.3,0
8/28/2017 18:00,0.192,104.3,0
8/28/2017 19:00,0.193,104.3,0
8/28/2017 20:00,0.195,104.3,0
8/28/2017 21:00,0.196,104.3,0
8/28/2017 22:00,0.196,104.3,0
8/28/2017 23:00,0.196,104.3,0
8/29/2017 0:00,0.196,104.3,0
8/29/2017 1:00,0.194,104.3,0
8/29/2017 2:00,0.194,104.3,0
8/29/2017 3:00,0.192,104.3,0
8/29/2017 4:00,0.192,104.3,0
8/29/2017 5:00,0.19,104.3,0
8/29/2017 6:00,0.19,104.3,0
8/29/2017 7:00,0.189,104.3,0
8/29/2017 8:00,0.188,104.3,0
8/29/2017 9:00,0.186,104.3,0
8/29/2017 10:00,0.186,104.3,0
8/29/2017 11:00,0.185,104.3,0
8/29/2017 12:00,0.186,104.3,0
8/29/2017 13:00,0.186,104.3,0
8/29/2017 14:00,0.187,104.3,0
8/29/2017 15:00,0.188,104.3,0
8/29/2017 16:00,0.189,104.3,0
8/29/2017 17:00,0.189,104.3,0
8/29/2017 18:00,0.191,104.3,0
8/29/2017 19:00,0.192,104.3,0
8/29/2017 20:00,0.193,104.3,0
8/29/2017 21:00,0.195,104.3,0
8/29/2017 22:00,0.195,104.3,0
8/29/2017 23:00,0.194,104.3,0
8/30/2017 0:00,0.194,104.3,0
8/30/2017 1:00,0.192,104.3,0
8/30/2017 2:00,0.191,104.3,0
8/30/2017 3:00,0.189,104.3,0
8/30/2017 4:00,0.189,104.3,0
8/30/2017 5:00,0.188,104.3,0
8/30/2017 6:00,0.187,104.3,0
8/30/2017 7:00,0.186,104.3,0
8/30/2017 8:00,0.185,104.3,0
8/30/2017 9:00,0.183,104.3,0
8/30/2017 10:00,0.182,104.3,0
8/30/2017 11:00,0.183,104.3,0
8/30/2017 12:00,0.183,104.3,0
8/30/2017 13:00,0.183,104.3,0
8/30/2017 14:00,0.184,104.3,0
8/30/2017 15:00,0.185,104.3,0
8/30/2017 16:00,0.185,104.3,0
8/30/2017 17:00,0.186,104.3,0
8/30/2017 18:00,0.187,104.3,0
8/30/2017 19:00,0.188,104.3,0
8/30/2017 20:00,0.189,104.3,0
8/30/2017 21:00,0.189,104.3,0
8/30/2017 22:00,0.19,104.3,0
8/30/2017 23:00,0.189,104.3,0
8/31/2017 0:00,0.188,104.3,0
8/31/2017 1:00,0.188,104.3,0
8/31/2017 2:00,0.187,104.3,0
8/31/2017 3:00,0.187,104.3,0
8/31/2017 4:00,0.186,104.3,0
8/31/2017 5:00,0.185,104.3,0
8/31/2017 6:00,0.184,104.3,0
8/31/2017 7:00,0.183,104.3,0
8/31/2017 8:00,0.182,104.3,0
8/31/2017 9:00,0.18,104.3,0
8/31/2017 10:00,0.18,104.3,0
8/31/2017 11:00,0.181,104.3,0
8/31/2017 12:00,0.18,104.3,0
8/31/2017 13:00,0.18,104.3,0
8/31/2017 14:00,0.18,104.3,0
8/31/2017 15:00,0.181,104.3,0
8/31/2017 16:00,0.182,104.3,0
8/31/2017 17:00,0.184,104.3,0
8/31/2017 18:00,0.185,104.3,0
8/31/2017 19:00,0.186,104.3,0
8/31/2017 20:00,0.186,104.3,0
8/31/2017 21:00,0.187,104.3,0
8/31/2017 22:00,0.187,104.3,0
8/31/2017 23:00,0.187,104.3,0
9/1/2017 0:00,0.186,104.3,0
9/1/2017 1:00,0.186,104.3,0
9/1/2017 2:00,0.186,104.3,0
9/1/2017 3:00,0.186,104.3,0
9/1/2017 4:00,0.185,104.3,0
9/1/2017 5:00,0.184,104.3,0
9/1/2017 6:00,0.183,104.3,0
9/1/2017 7:00,0.182,104.3,0
9/1/2017 8:00,0.182,104.3,0
9/1/2017 9:00,0.18,104.3,0
9/1/2017 10:00,0.181,104.3,0
9/1/2017 11:00,0.181,104.3,0
9/1/2017 12:00,0.18,104.3,0
9/1/2017 13:00,0.18,104.3,0
9/1/2017 14:00,0.18,104.3,0
9/1/2017 15:00,0.181,104.3,0
9/1/2017 16:00,0.183,104.3,0
9/1/2017 17:00,0.185,104.3,0
9/1/2017 18:00,0.187,104.3,0
9/1/2017 19:00,0.187,104.3,0
9/1/2017 20:00,0.188,104.3,0
9/1/2017 21:00,0.188,104.3,0
9/1/2017 22:00,0.189,104.3,0
9/1/2017 23:00,0.189,104.3,0
9/2/2017 0:00,0.188,104.3,0
9/2/2017 1:00,0.188,104.3,0
9/2/2017 2:00,0.188,104.3,0
9/2/2017 3:00,0.187,104.3,0
9/2/2017 4:00,0.187,104.3,0
9/2/2017 5:00,0.186,104.3,0
9/2/2017 6:00,0.186,104.3,0
9/2/2017 7:00,0.185,104.3,0
9/2/2017 8:00,0.184,104.3,0
9/2/2017 9:00,0.183,104.3,0
9/2/2017 10:00,0.182,104.3,0
9/2/2017 11:00,0.182,104.3,0
9/2/2017 12:00,0.183,104.3,0
9/2/2017 13:00,0.183,104.3,0
9/2/2017 14:00,0.184,104.3,0
9/2/2017 15:00,0.185,104.3,0
9/2/2017 16:00,0.185,104.3,0
9/2/2017 17:00,0.187,104.3,0
9/2/2017 18:00,0.188,104.3,0
9/2/2017 19:00,0.189,104.3,0
9/2/2017 20:00,0.189,104.3,0
9/2/2017 21:00,0.19,104.3,0
9/2/2017 22:00,0.19,104.3,0
9/2/2017 23:00,0.19,104.3,0
9/3/2017 0:00,0.189,104.3,0
9/3/2017 1:00,0.189,104.3,0
9/3/2017 2:00,0.188,104.3,0
9/3/2017 3:00,0.188,104.3,0
9/3/2017 4:00,0.187,104.3,0
9/3/2017 5:00,0.186,104.3,0
9/3/2017 6:00,0.186,104.3,0
9/3/2017 7:00,0.185,104.3,0
9/3/2017 8:00,0.185,104.3,0
9/3/2017 9:00,0.184,104.3,0
9/3/2017 10:00,0.183,104.3,0
9/3/2017 11:00,0.182,104.3,0
9/3/2017 12:00,0.183,104.3,0
9/3/2017 13:00,0.184,104.3,0
9/3/2017 14:00,0.184,104.3,0
9/3/2017 15:00,0.186,104.3,0
9/3/2017 16:00,0.186,104.3,0
9/3/2017 17:00,0.186,104.3,0
9/3/2017 18:00,0.187,104.3,0
9/3/2017 19:00,0.187,104.3,0
9/3/2017 20:00,0.188,104.3,0
9/3/2017 21:00,0.189,104.3,0
9/3/2017 22:00,0.189,104.3,0
9/3/2017 23:00,0.188,104.3,0
9/4/2017 0:00,0.188,104.3,0
9/4/2017 1:00,0.187,104.3,0
9/4/2017 2:00,0.187,104.3,0
9/4/2017 3:00,0.186,104.3,0
9/4/2017 4:00,0.186,104.3,0
9/4/2017 5:00,0.185,104.3,0
9/4/2017 6:00,0.185,104.3,0
9/4/2017 7:00,0.185,104.3,0
9/4/2017 8:00,0.184,104.3,0
9/4/2017 9:00,0.183,104.3,0
9/4/2017 10:00,0.182,104.3,0
9/4/2017 11:00,0.182,104.3,0
9/4/2017 12:00,0.181,104.3,0
9/4/2017 13:00,0.183,104.3,0
9/4/2017 14:00,0.183,104.3,0
9/4/2017 15:00,0.184,104.3,0
9/4/2017 16:00,0.185,104.3,0
9/4/2017 17:00,0.185,104.3,0
9/4/2017 18:00,0.185,104.3,0
9/4/2017 19:00,0.186,104.3,0
9/4/2017 20:00,0.187,104.3,0
9/4/2017 21:00,0.188,104.3,0
9/4/2017 22:00,0.188,104.3,0
9/4/2017 23:00,0.187,104.3,0
9/5/2017 0:00,0.187,104.3,0
9/5/2017 1:00,0.187,104.3,0
9/5/2017 2:00,0.186,104.3,0
9/5/2017 3:00,0.186,104.3,0
9/5/2017 4:00,0.185,104.3,0
9/5/2017 5:00,0.185,104.3,0
9/5/2017 6:00,0.185,104.3,0
9/5/2017 7:00,0.184,104.3,0
9/5/2017 8:00,0.184,104.3,0
9/5/2017 9:00,0.183,104.3,0
9/5/2017 10:00,0.181,104.3,0
9/5/2017 11:00,0.182,104.3,0
9/5/2017 12:00,0.182,104.3,0
9/5/2017 13:00,0.182,104.3,0
9/5/2017 14:00,0.183,104.3,0
9/5/2017 15:00,0.184,104.3,0
9/5/2017 16:00,0.184,104.3,0
9/5/2017 17:00,0.185,104.3,0
9/5/2017 18:00,0.186,104.3,0
9/5/2017 19:00,0.187,104.3,0
9/5/2017 20:00,0.188,104.3,0
9/5/2017 21:00,0.189,104.3,0
9/5/2017 22:00,0.189,104.3,0
9/5/2017 23:00,0.188,104.3,0
9/6/2017 0:00,0.188,104.3,0
9/6/2017 1:00,0.187,104.3,0
9/6/2017 2:00,0.187,104.3,0
9/6/2017 3:00,0.186,104.3,0
9/6/2017 4:00,0.185,104.3,0
9/6/2017 5:00,0.185,104.3,0
9/6/2017 6:00,0.184,104.3,0
9/6/2017 7:00,0.184,104.3,0
9/6/2017 8:00,0.183,104.3,0
9/6/2017 9:00,0.182,104.3,0
9/6/2017 10:00,0.181,104.3,0
9/6/2017 11:00,0.181,104.3,0
9/6/2017 12:00,0.181,104.3,0
9/6/2017 13:00,0.182,104.3,0
9/6/2017 14:00,0.182,104.3,0
9/6/2017 15:00,0.183,104.3,0
9/6/2017 16:00,0.184,104.3,0
9/6/2017 17:00,0.184,104.3,0
9/6/2017 18:00,0.185,104.3,0
9/6/2017 19:00,0.185,104.3,0
9/6/2017 20:00,0.186,104.3,0
9/6/2017 21:00,0.188,104.3,0
9/6/2017 22:00,0.187,104.3,0
9/6/2017 23:00,0.187,104.3,0
9/7/2017 0:00,0.186,104.3,0
9/7/2017 1:00,0.186,104.3,0
9/7/2017 2:00,0.185,104.3,0
9/7/2017 3:00,0.184,104.3,0
9/7/2017 4:00,0.184,104.3,0
9/7/2017 5:00,0.183,104.5,2
9/7/2017 6:00,0.183,104.5,0
9/7/2017 7:00,0.182,104.5,0
9/7/2017 8:00,0.182,104.5,0
9/7/2017 9:00,0.181,104.5,0
9/7/2017 10:00,0.18,104.5,0
9/7/2017 11:00,0.18,104.5,0
9/7/2017 12:00,0.179,104.5,0
9/7/2017 13:00,0.179,104.5,0
9/7/2017 14:00,0.179,104.5,0
9/7/2017 15:00,0.178,104.5,0
9/7/2017 16:00,0.178,104.5,0
9/7/2017 17:00,0.178,104.5,0
9/7/2017 18:00,0.178,104.5,0
9/7/2017 19:00,0.177,104.5,0
9/7/2017 20:00,0.177,104.5,0
9/7/2017 21:00,0.177,104.5,0
9/7/2017 22:00,0.177,104.5,0
9/7/2017 23:00,0.176,104.5,0
9/8/2017 0:00,0.175,104.5,0
9/8/2017 1:00,0.175,104.5,0
9/8/2017 2:00,0.175,104.5,0
9/8/2017 3:00,0.175,104.5,0
9/8/2017 4:00,0.174,104.5,0
9/8/2017 5:00,0.174,104.5,0
9/8/2017 6:00,0.173,104.5,0
9/8/2017 7:00,0.173,104.5,0
9/8/2017 8:00,0.173,104.5,0
9/8/2017 9:00,0.173,104.5,0
9/8/2017 10:00,0.173,104.5,0
9/8/2017 11:00,0.172,104.5,0
9/8/2017 12:00,0.172,104.5,0
9/8/2017 13:00,0.173,104.5,0
9/8/2017 14:00,0.173,104.5,0
9/8/2017 15:00,0.174,104.5,0
9/8/2017 16:00,0.176,104.5,0
9/8/2017 17:00,0.176,104.5,0
9/8/2017 18:00,0.178,104.5,0
9/8/2017 19:00,0.18,104.5,0
9/8/2017 20:00,0.181,104.5,0
9/8/2017 21:00,0.182,104.5,0
9/8/2017 22:00,0.181,104.5,0
9/8/2017 23:00,0.181,104.5,0
9/9/2017 0:00,0.181,104.5,0
9/9/2017 1:00,0.18,104.5,0
9/9/2017 2:00,0.179,104.5,0
9/9/2017 3:00,0.179,104.5,0
9/9/2017 4:00,0.179,104.5,0
9/9/2017 5:00,0.178,104.5,0
9/9/2017 6:00,0.177,104.5,0
9/9/2017 7:00,0.176,104.5,0
9/9/2017 8:00,0.176,104.5,0
9/9/2017 9:00,0.175,104.5,0
9/9/2017 10:00,0.176,104.5,0
9/9/2017 11:00,0.176,104.5,0
9/9/2017 12:00,0.175,104.5,0
9/9/2017 13:00,0.176,104.5,0
9/9/2017 14:00,0.176,104.5,0
9/9/2017 15:00,0.176,104.5,0
9/9/2017 16:00,0.178,104.5,0
9/9/2017 17:00,0.18,104.5,0
9/9/2017 18:00,0.181,104.5,0
9/9/2017 19:00,0.182,104.5,0
9/9/2017 20:00,0.183,104.5,0
9/9/2017 21:00,0.183,104.5,0
9/9/2017 22:00,0.183,104.5,0
9/9/2017 23:00,0.182,104.5,0
9/10/2017 0:00,0.182,104.5,0
9/10/2017 1:00,0.182,104.5,0
9/10/2017 2:00,0.181,104.5,0
9/10/2017 3:00,0.18,104.5,0
9/10/2017 4:00,0.179,104.5,0
9/10/2017 5:00,0.179,104.5,0
9/10/2017 6:00,0.178,104.5,0
9/10/2017 7:00,0.177,104.5,0
9/10/2017 8:00,0.176,104.5,0
9/10/2017 9:00,0.176,104.5,0
9/10/2017 10:00,0.176,104.5,0
9/10/2017 11:00,0.175,104.5,0
9/10/2017 12:00,0.175,104.5,0
9/10/2017 13:00,0.175,104.5,0
9/10/2017 14:00,0.175,104.5,0
9/10/2017 15:00,0.176,104.5,0
9/10/2017 16:00,0.177,104.5,0
9/10/2017 17:00,0.179,104.5,0
9/10/2017 18:00,0.181,104.5,0
9/10/2017 19:00,0.182,104.5,0
9/10/2017 20:00,0.183,104.5,0
9/10/2017 21:00,0.183,104.5,0
9/10/2017 22:00,0.183,104.5,0
9/10/2017 23:00,0.183,104.5,0
9/11/2017 0:00,0.183,104.5,0
9/11/2017 1:00,0.183,104.5,0
9/11/2017 2:00,0.182,104.5,0
9/11/2017 3:00,0.182,104.5,0
9/11/2017 4:00,0.181,104.5,0
9/11/2017 5:00,0.18,104.5,0
9/11/2017 6:00,0.179,104.5,0
9/11/2017 7:00,0.178,104.5,0
9/11/2017 8:00,0.177,104.5,0
9/11/2017 9:00,0.177,104.5,0
9/11/2017 10:00,0.177,104.5,0
9/11/2017 11:00,0.177,104.5,0
9/11/2017 12:00,0.176,104.5,0
9/11/2017 13:00,0.176,104.5,0
9/11/2017 14:00,0.177,104.5,0
9/11/2017 15:00,0.178,104.5,0
9/11/2017 16:00,0.179,104.5,0
9/11/2017 17:00,0.18,104.5,0
9/11/2017 18:00,0.181,104.5,0
9/11/2017 19:00,0.182,104.5,0
9/11/2017 20:00,0.183,104.5,0
9/11/2017 21:00,0.183,104.5,0
9/11/2017 22:00,0.183,104.5,0
9/11/2017 23:00,0.183,104.5,0
9/12/2017 0:00,0.183,104.5,0
9/12/2017 1:00,0.182,104.5,0
9/12/2017 2:00,0.182,104.5,0
9/12/2017 3:00,0.182,104.5,0
9/12/2017 4:00,0.181,104.5,0
9/12/2017 5:00,0.18,104.5,0
9/12/2017 6:00,0.18,104.5,0
9/12/2017 7:00,0.179,104.5,0
9/12/2017 8:00,0.179,104.5,0
9/12/2017 9:00,0.179,104.5,0
9/12/2017 10:00,0.178,104.5,0
9/12/2017 11:00,0.178,104.5,0
9/12/2017 12:00,0.178,104.5,0
9/12/2017 13:00,0.178,104.5,0
9/12/2017 14:00,0.179,104.5,0
9/12/2017 15:00,0.181,104.5,0
9/12/2017 16:00,0.182,104.5,0
9/12/2017 17:00,0.182,104.5,0
9/12/2017 18:00,0.182,104.5,0
9/12/2017 19:00,0.183,104.5,0
9/12/2017 20:00,0.183,104.5,0
9/12/2017 21:00,0.183,104.5,0
9/12/2017 22:00,0.183,104.5,0
9/12/2017 23:00,0.183,104.5,0
9/13/2017 0:00,0.182,104.5,0
9/13/2017 1:00,0.183,104.5,0
9/13/2017 2:00,0.182,104.5,0
9/13/2017 3:00,0.182,104.5,0
9/13/2017 4:00,0.181,104.5,0
9/13/2017 5:00,0.18,104.5,0
9/13/2017 6:00,0.179,104.5,0
9/13/2017 7:00,0.178,104.5,0
9/13/2017 8:00,0.177,104.5,0
9/13/2017 9:00,0.177,104.5,0
9/13/2017 10:00,0.177,104.5,0
9/13/2017 11:00,0.176,104.5,0
9/13/2017 12:00,0.176,104.5,0
9/13/2017 13:00,0.176,104.5,0
9/13/2017 14:00,0.177,104.5,0
9/13/2017 15:00,0.178,104.5,0
9/13/2017 16:00,0.179,104.5,0
9/13/2017 17:00,0.18,104.5,0
9/13/2017 18:00,0.181,104.5,0
9/13/2017 19:00,0.182,104.5,0
9/13/2017 20:00,0.183,104.5,0
9/13/2017 21:00,0.183,104.5,0
9/13/2017 22:00,0.182,104.5,0
9/13/2017 23:00,0.182,104.5,0
9/14/2017 0:00,0.182,104.5,0
9/14/2017 1:00,0.181,104.5,0
9/14/2017 2:00,0.181,104.5,0
9/14/2017 3:00,0.179,104.5,0
9/14/2017 4:00,0.179,104.5,0
9/14/2017 5:00,0.177,104.5,0
9/14/2017 6:00,0.176,104.5,0
9/14/2017 7:00,0.175,104.5,0
9/14/2017 8:00,0.174,104.5,0
9/14/2017 9:00,0.174,104.5,0
9/14/2017 10:00,0.174,104.5,0
9/14/2017 11:00,0.172,104.5,0
9/14/2017 12:00,0.172,104.5,0
9/14/2017 13:00,0.172,104.5,0
9/14/2017 14:00,0.172,104.5,0
9/14/2017 15:00,0.173,104.5,0
9/14/2017 16:00,0.174,104.5,0
9/14/2017 17:00,0.176,104.5,0
9/14/2017 18:00,0.176,104.5,0
9/14/2017 19:00,0.177,104.5,0
9/14/2017 20:00,0.178,104.5,0
9/14/2017 21:00,0.178,104.5,0
9/14/2017 22:00,0.178,104.5,0
9/14/2017 23:00,0.177,104.5,0
9/15/2017 0:00,0.177,104.5,0
9/15/2017 1:00,0.176,104.5,0
9/15/2017 2:00,0.175,104.5,0
9/15/2017 3:00,0.174,104.5,0
9/15/2017 4:00,0.173,104.5,0
9/15/2017 5:00,0.172,104.5,0
9/15/2017 6:00,0.171,104.5,0
9/15/2017 7:00,0.17,104.5,0
9/15/2017 8:00,0.169,104.5,0
9/15/2017 9:00,0.168,104.5,0
9/15/2017 10:00,0.169,104.5,0
9/15/2017 11:00,0.168,104.5,0
9/15/2017 12:00,0.167,104.5,0
9/15/2017 13:00,0.167,104.5,0
9/15/2017 14:00,0.168,104.5,0
9/15/2017 15:00,0.168,104.5,0
9/15/2017 16:00,0.169,104.5,0
9/15/2017 17:00,0.171,104.5,0
9/15/2017 18:00,0.172,104.5,0
9/15/2017 19:00,0.173,104.5,0
9/15/2017 20:00,0.174,104.5,0
9/15/2017 21:00,0.174,104.5,0
9/15/2017 22:00,0.175,104.5,0
9/15/2017 23:00,0.174,104.5,0
9/16/2017 0:00,0.173,104.5,0
9/16/2017 1:00,0.173,104.5,0
9/16/2017 2:00,0.173,104.5,0
9/16/2017 3:00,0.172,104.5,0
9/16/2017 4:00,0.171,104.5,0
9/16/2017 5:00,0.17,104.5,0
9/16/2017 6:00,0.17,104.5,0
9/16/2017 7:00,0.169,104.5,0
9/16/2017 8:00,0.168,104.5,0
9/16/2017 9:00,0.168,104.5,0
9/16/2017 10:00,0.168,104.5,0
9/16/2017 11:00,0.167,104.5,0
9/16/2017 12:00,0.167,104.5,0
9/16/2017 13:00,0.167,104.5,0
9/16/2017 14:00,0.168,104.5,0
9/16/2017 15:00,0.168,104.5,0
9/16/2017 16:00,0.169,104.5,0
9/16/2017 17:00,0.17,104.5,0
9/16/2017 18:00,0.172,104.5,0
9/16/2017 19:00,0.173,104.5,0
9/16/2017 20:00,0.174,104.5,0
9/16/2017 21:00,0.174,104.5,0
9/16/2017 22:00,0.174,104.5,0
9/16/2017 23:00,0.174,104.5,0
9/17/2017 0:00,0.173,104.5,0
9/17/2017 1:00,0.172,104.5,0
9/17/2017 2:00,0.172,104.5,0
9/17/2017 3:00,0.171,104.5,0
9/17/2017 4:00,0.171,104.5,0
9/17/2017 5:00,0.169,104.5,0
9/17/2017 6:00,0.168,104.5,0
9/17/2017 7:00,0.168,104.5,0
9/17/2017 8:00,0.168,104.5,0
9/17/2017 9:00,0.167,104.5,0
9/17/2017 10:00,0.167,104.5,0
9/17/2017 11:00,0.166,104.5,0
9/17/2017 12:00,0.166,104.5,0
9/17/2017 13:00,0.166,104.5,0
9/17/2017 14:00,0.166,104.5,0
9/17/2017 15:00,0.167,104.5,0
9/17/2017 16:00,0.168,104.5,0
9/17/2017 17:00,0.169,104.5,0
9/17/2017 18:00,0.171,104.5,0
9/17/2017 19:00,0.172,104.5,0
9/17/2017 20:00,0.173,104.5,0
9/17/2017 21:00,0.173,104.5,0
9/17/2017 22:00,0.173,104.5,0
9/17/2017 23:00,0.173,104.5,0
9/18/2017 0:00,0.173,104.5,0
9/18/2017 1:00,0.172,104.5,0
9/18/2017 2:00,0.172,104.5,0
9/18/2017 3:00,0.171,104.5,0
9/18/2017 4:00,0.171,104.5,0
9/18/2017 5:00,0.17,104.5,0
9/18/2017 6:00,0.17,104.5,0
9/18/2017 7:00,0.169,104.5,0
9/18/2017 8:00,0.17,104.6,1
9/18/2017 9:00,0.169,104.7,1
9/18/2017 10:00,0.169,104.7,0
9/18/2017 11:00,0.169,104.7,0
9/18/2017 12:00,0.168,104.7,0
9/18/2017 13:00,0.168,104.7,0
9/18/2017 14:00,0.168,104.7,0
9/18/2017 15:00,0.169,104.7,0
9/18/2017 16:00,0.169,104.7,0
9/18/2017 17:00,0.169,104.7,0
9/18/2017 18:00,0.169,104.7,0
9/18/2017 19:00,0.169,104.7,0
9/18/2017 20:00,0.169,104.7,0
9/18/2017 21:00,0.169,104.7,0
9/18/2017 22:00,0.169,104.7,0
9/18/2017 23:00,0.169,104.7,0
9/19/2017 0:00,0.168,104.7,0
9/19/2017 1:00,0.167,104.7,0
9/19/2017 2:00,0.167,104.7,0
9/19/2017 3:00,0.166,104.7,0
9/19/2017 4:00,0.165,104.7,0
9/19/2017 5:00,0.165,104.7,0
9/19/2017 6:00,0.165,104.8,1
9/19/2017 7:00,0.164,104.8,0
9/19/2017 8:00,0.164,104.8,0
9/19/2017 9:00,0.163,104.8,0
9/19/2017 10:00,0.163,104.8,0
9/19/2017 11:00,0.163,104.8,0
9/19/2017 12:00,0.163,104.8,0
9/19/2017 13:00,0.163,104.8,0
9/19/2017 14:00,0.163,104.8,0
9/19/2017 15:00,0.163,104.8,0
9/19/2017 16:00,0.164,104.8,0
9/19/2017 17:00,0.165,104.8,0
9/19/2017 18:00,0.165,104.8,0
9/19/2017 19:00,0.165,104.8,0
9/19/2017 20:00,0.165,104.8,0
9/19/2017 21:00,0.165,104.8,0
9/19/2017 22:00,0.165,104.9,1
9/19/2017 23:00,0.165,104.9,0
9/20/2017 0:00,0.164,105,1
9/20/2017 1:00,0.164,105.1,1
9/20/2017 2:00,0.164,105.2,1
9/20/2017 3:00,0.163,105.3,1
9/20/2017 4:00,0.163,105.5,2
9/20/2017 5:00,0.162,105.5,0
9/20/2017 6:00,0.162,105.9,4
9/20/2017 7:00,0.161,106.2,3
9/20/2017 8:00,0.161,106.3,1
9/20/2017 9:00,0.161,106.4,1
9/20/2017 10:00,0.161,106.4,0
9/20/2017 11:00,0.161,106.4,0
9/20/2017 12:00,0.161,106.4,0
9/20/2017 13:00,0.161,106.5,1
9/20/2017 14:00,0.161,106.5,0
9/20/2017 15:00,0.162,106.5,0
9/20/2017 16:00,0.162,106.5,0
9/20/2017 17:00,0.162,106.5,0
9/20/2017 18:00,0.162,106.5,0
9/20/2017 19:00,0.163,106.5,0
9/20/2017 20:00,0.162,106.5,0
9/20/2017 21:00,0.162,106.5,0
9/20/2017 22:00,0.163,106.5,0
9/20/2017 23:00,0.162,106.5,0
9/21/2017 0:00,0.162,106.5,0
9/21/2017 1:00,0.161,106.5,0
9/21/2017 2:00,0.16,106.5,0
9/21/2017 3:00,0.16,106.5,0
9/21/2017 4:00,0.159,106.5,0
9/21/2017 5:00,0.158,106.5,0
9/21/2017 6:00,0.158,106.5,0
9/21/2017 7:00,0.157,106.5,0
9/21/2017 8:00,0.157,106.5,0
9/21/2017 9:00,0.156,106.5,0
9/21/2017 10:00,0.156,106.5,0
9/21/2017 11:00,0.155,106.5,0
9/21/2017 12:00,0.155,106.5,0
9/21/2017 13:00,0.155,106.5,0
9/21/2017 14:00,0.155,106.5,0
9/21/2017 15:00,0.156,106.5,0
9/21/2017 16:00,0.157,106.5,0
9/21/2017 17:00,0.157,106.5,0
9/21/2017 18:00,0.158,106.5,0
9/21/2017 19:00,0.158,106.5,0
9/21/2017 20:00,0.158,106.5,0
9/21/2017 21:00,0.158,106.5,0
9/21/2017 22:00,0.158,106.5,0
9/21/2017 23:00,0.158,106.5,0
9/22/2017 0:00,0.158,106.5,0
9/22/2017 1:00,0.158,106.5,0
9/22/2017 2:00,0.157,106.5,0
9/22/2017 3:00,0.156,106.5,0
9/22/2017 4:00,0.156,106.5,0
9/22/2017 5:00,0.155,106.5,0
9/22/2017 6:00,0.154,106.5,0
9/22/2017 7:00,0.154,106.5,0
9/22/2017 8:00,0.154,106.5,0
9/22/2017 9:00,0.153,106.5,0
9/22/2017 10:00,0.153,106.5,0
9/22/2017 11:00,0.152,106.5,0
9/22/2017 12:00,0.153,106.5,0
9/22/2017 13:00,0.153,106.5,0
9/22/2017 14:00,0.153,106.5,0
9/22/2017 15:00,0.154,106.5,0
9/22/2017 16:00,0.155,106.5,0
9/22/2017 17:00,0.156,106.5,0
9/22/2017 18:00,0.157,106.5,0
9/22/2017 19:00,0.158,106.5,0
9/22/2017 20:00,0.159,106.5,0
9/22/2017 21:00,0.159,106.5,0
9/22/2017 22:00,0.159,106.5,0
9/22/2017 23:00,0.159,106.5,0
9/23/2017 0:00,0.159,106.5,0
9/23/2017 1:00,0.159,106.5,0
9/23/2017 2:00,0.158,106.5,0
9/23/2017 3:00,0.158,106.5,0
9/23/2017 4:00,0.157,106.5,0
9/23/2017 5:00,0.156,106.5,0
9/23/2017 6:00,0.156,106.5,0
9/23/2017 7:00,0.156,106.5,0
9/23/2017 8:00,0.155,106.5,0
9/23/2017 9:00,0.154,106.5,0
9/23/2017 10:00,0.155,106.5,0
9/23/2017 11:00,0.154,106.5,0
9/23/2017 12:00,0.154,106.5,0
9/23/2017 13:00,0.154,106.5,0
9/23/2017 14:00,0.154,106.5,0
9/23/2017 15:00,0.155,106.5,0
9/23/2017 16:00,0.157,106.5,0
9/23/2017 17:00,0.158,106.5,0
9/23/2017 18:00,0.159,106.5,0
9/23/2017 19:00,0.16,106.5,0
9/23/2017 20:00,0.161,106.5,0
9/23/2017 21:00,0.162,106.5,0
9/23/2017 22:00,0.162,106.5,0
9/23/2017 23:00,0.162,106.5,0
9/24/2017 0:00,0.161,106.5,0
9/24/2017 1:00,0.161,106.5,0
9/24/2017 2:00,0.16,106.5,0
9/24/2017 3:00,0.16,106.5,0
9/24/2017 4:00,0.159,106.5,0
9/24/2017 5:00,0.158,106.5,0
9/24/2017 6:00,0.158,106.5,0
9/24/2017 7:00,0.158,106.5,0
9/24/2017 8:00,0.157,106.5,0
9/24/2017 9:00,0.156,106.5,0
9/24/2017 10:00,0.157,106.5,0
9/24/2017 11:00,0.155,106.5,0
9/24/2017 12:00,0.156,106.5,0
9/24/2017 13:00,0.155,106.5,0
9/24/2017 14:00,0.156,106.5,0
9/24/2017 15:00,0.157,106.5,0
9/24/2017 16:00,0.158,106.5,0
9/24/2017 17:00,0.16,106.5,0
9/24/2017 18:00,0.161,106.5,0
9/24/2017 19:00,0.162,106.5,0
9/24/2017 20:00,0.163,106.5,0
9/24/2017 21:00,0.163,106.5,0
9/24/2017 22:00,0.163,106.5,0
9/24/2017 23:00,0.164,106.5,0
9/25/2017 0:00,0.163,106.5,0
9/25/2017 1:00,0.162,106.5,0
9/25/2017 2:00,0.162,106.5,0
9/25/2017 3:00,0.162,106.5,0
9/25/2017 4:00,0.161,106.5,0
9/25/2017 5:00,0.16,106.5,0
9/25/2017 6:00,0.16,106.5,0
9/25/2017 7:00,0.16,106.5,0
9/25/2017 8:00,0.159,106.5,0
9/25/2017 9:00,0.159,106.5,0
9/25/2017 10:00,0.158,106.5,0
9/25/2017 11:00,0.158,106.5,0
9/25/2017 12:00,0.158,106.5,0
9/25/2017 13:00,0.158,106.5,0
9/25/2017 14:00,0.158,106.5,0
9/25/2017 15:00,0.159,106.5,0
9/25/2017 16:00,0.161,106.5,0
9/25/2017 17:00,0.162,106.5,0
9/25/2017 18:00,0.163,106.5,0
9/25/2017 19:00,0.165,106.5,0
9/25/2017 20:00,0.166,106.5,0
9/25/2017 21:00,0.166,106.5,0
9/25/2017 22:00,0.166,106.5,0
9/25/2017 23:00,0.166,106.5,0
9/26/2017 0:00,0.166,106.5,0
9/26/2017 1:00,0.165,106.5,0
9/26/2017 2:00,0.164,106.5,0
9/26/2017 3:00,0.164,106.5,0
9/26/2017 4:00,0.163,106.5,0
9/26/2017 5:00,0.163,106.5,0
9/26/2017 6:00,0.162,106.5,0
9/26/2017 7:00,0.162,106.5,0
9/26/2017 8:00,0.161,106.5,0
9/26/2017 9:00,0.161,106.5,0
9/26/2017 10:00,0.161,106.5,0
9/26/2017 11:00,0.161,106.5,0
9/26/2017 12:00,0.16,106.5,0
9/26/2017 13:00,0.16,106.5,0
9/26/2017 14:00,0.16,106.5,0
9/26/2017 15:00,0.162,106.5,0
9/26/2017 16:00,0.163,106.5,0
9/26/2017 17:00,0.164,106.5,0
9/26/2017 18:00,0.166,106.5,0
9/26/2017 19:00,0.167,106.5,0
9/26/2017 20:00,0.168,106.5,0
9/26/2017 21:00,0.168,106.5,0
9/26/2017 22:00,0.168,106.5,0
9/26/2017 23:00,0.168,106.5,0
9/27/2017 0:00,0.168,106.5,0
9/27/2017 1:00,0.168,106.5,0
9/27/2017 2:00,0.167,106.5,0
9/27/2017 3:00,0.167,106.5,0
9/27/2017 4:00,0.166,106.5,0
9/27/2017 5:00,0.165,106.5,0
9/27/2017 6:00,0.165,106.5,0
9/27/2017 7:00,0.165,106.5,0
9/27/2017 8:00,0.164,106.5,0
9/27/2017 9:00,0.164,106.5,0
9/27/2017 10:00,0.163,106.5,0
9/27/2017 11:00,0.163,106.5,0
9/27/2017 12:00,0.163,106.5,0
9/27/2017 13:00,0.162,106.5,0
9/27/2017 14:00,0.163,106.5,0
9/27/2017 15:00,0.164,106.5,0
9/27/2017 16:00,0.165,106.5,0
9/27/2017 17:00,0.167,106.5,0
9/27/2017 18:00,0.169,106.5,0
9/27/2017 19:00,0.169,106.5,0
9/27/2017 20:00,0.17,106.5,0
9/27/2017 21:00,0.17,106.5,0
9/27/2017 22:00,0.171,106.5,0
9/27/2017 23:00,0.171,106.5,0
9/28/2017 0:00,0.17,106.5,0
9/28/2017 1:00,0.169,106.5,0
9/28/2017 2:00,0.169,106.5,0
9/28/2017 3:00,0.169,106.5,0
9/28/2017 4:00,0.168,106.5,0
9/28/2017 5:00,0.167,106.5,0
9/28/2017 6:00,0.166,106.5,0
9/28/2017 7:00,0.167,106.5,0
9/28/2017 8:00,0.165,106.5,0
9/28/2017 9:00,0.165,106.5,0
9/28/2017 10:00,0.164,106.5,0
9/28/2017 11:00,0.165,106.5,0
9/28/2017 12:00,0.164,106.5,0
9/28/2017 13:00,0.164,106.5,0
9/28/2017 14:00,0.164,106.5,0
9/28/2017 15:00,0.166,106.5,0
9/28/2017 16:00,0.167,106.5,0
9/28/2017 17:00,0.168,106.5,0
9/28/2017 18:00,0.169,106.5,0
9/28/2017 19:00,0.171,106.5,0
9/28/2017 20:00,0.172,106.5,0
9/28/2017 21:00,0.172,106.5,0
9/28/2017 22:00,0.172,106.5,0
9/28/2017 23:00,0.172,106.5,0
9/29/2017 0:00,0.171,106.5,0
9/29/2017 1:00,0.171,106.5,0
9/29/2017 2:00,0.17,106.5,0
9/29/2017 3:00,0.17,106.5,0
9/29/2017 4:00,0.169,106.5,0
9/29/2017 5:00,0.169,106.5,0
9/29/2017 6:00,0.168,106.5,0
9/29/2017 7:00,0.167,106.5,0
9/29/2017 8:00,0.167,106.5,0
9/29/2017 9:00,0.167,106.5,0
9/29/2017 10:00,0.167,106.5,0
9/29/2017 11:00,0.165,106.5,0
9/29/2017 12:00,0.165,106.5,0
9/29/2017 13:00,0.165,106.5,0
9/29/2017 14:00,0.166,106.5,0
9/29/2017 15:00,0.167,106.5,0
9/29/2017 16:00,0.168,106.5,0
9/29/2017 17:00,0.168,106.5,0
9/29/2017 18:00,0.17,106.5,0
9/29/2017 19:00,0.17,106.5,0
9/29/2017 20:00,0.171,106.5,0
9/29/2017 21:00,0.17,106.5,0
9/29/2017 22:00,0.171,106.5,0
9/29/2017 23:00,0.17,106.5,0
9/30/2017 0:00,0.17,106.5,0
9/30/2017 1:00,0.17,106.5,0
9/30/2017 2:00,0.17,106.5,0
9/30/2017 3:00,0.169,106.5,0
9/30/2017 4:00,0.169,106.5,0
9/30/2017 5:00,0.169,106.5,0
9/30/2017 6:00,0.168,106.5,0
9/30/2017 7:00,0.168,106.5,0
9/30/2017 8:00,0.168,106.5,0
9/30/2017 9:00,0.167,106.5,0
9/30/2017 10:00,0.167,106.5,0
9/30/2017 11:00,0.167,106.5,0
9/30/2017 12:00,0.167,106.5,0
9/30/2017 13:00,0.166,106.5,0
9/30/2017 14:00,0.166,106.5,0
9/30/2017 15:00,0.167,106.5,0
9/30/2017 16:00,0.168,106.5,0
9/30/2017 17:00,0.169,106.5,0
9/30/2017 18:00,0.17,106.5,0
9/30/2017 19:00,0.171,106.5,0
9/30/2017 20:00,0.171,106.5,0
9/30/2017 21:00,0.172,106.5,0
9/30/2017 22:00,0.171,106.5,0
9/30/2017 23:00,0.171,106.5,0
10/1/2017 0:00,0.17,106.5,0
10/1/2017 1:00,0.17,106.5,0
10/1/2017 2:00,0.169,106.5,0
10/1/2017 3:00,0.168,106.5,0
10/1/2017 4:00,0.168,106.5,0
10/1/2017 5:00,0.166,106.5,0
10/1/2017 6:00,0.166,106.5,0
10/1/2017 7:00,0.165,106.5,0
10/1/2017 8:00,0.164,106.5,0
10/1/2017 9:00,0.164,106.5,0
10/1/2017 10:00,0.164,106.5,0
10/1/2017 11:00,0.163,106.5,0
10/1/2017 12:00,0.162,106.5,0
10/1/2017 13:00,0.162,106.5,0
10/1/2017 14:00,0.163,106.5,0
10/1/2017 15:00,0.164,106.5,0
10/1/2017 16:00,0.165,106.5,0
10/1/2017 17:00,0.166,106.5,0
10/1/2017 18:00,0.167,106.5,0
10/1/2017 19:00,0.168,106.5,0
10/1/2017 20:00,0.168,106.5,0
10/1/2017 21:00,0.168,106.5,0
10/1/2017 22:00,0.169,106.5,0
10/1/2017 23:00,0.168,106.5,0
10/2/2017 0:00,0.168,106.5,0
10/2/2017 1:00,0.167,106.5,0
10/2/2017 2:00,0.166,106.5,0
10/2/2017 3:00,0.165,106.5,0
10/2/2017 4:00,0.164,106.5,0
10/2/2017 5:00,0.164,106.5,0
10/2/2017 6:00,0.163,106.5,0
10/2/2017 7:00,0.163,106.5,0
10/2/2017 8:00,0.162,106.5,0
10/2/2017 9:00,0.161,106.5,0
10/2/2017 10:00,0.161,106.5,0
10/2/2017 11:00,0.161,106.5,0
10/2/2017 12:00,0.16,106.5,0
10/2/2017 13:00,0.16,106.5,0
10/2/2017 14:00,0.16,106.5,0
10/2/2017 15:00,0.161,106.5,0
10/2/2017 16:00,0.162,106.5,0
10/2/2017 17:00,0.163,106.5,0
10/2/2017 18:00,0.164,106.5,0
10/2/2017 19:00,0.165,106.5,0
10/2/2017 20:00,0.165,106.5,0
10/2/2017 21:00,0.166,106.5,0
10/2/2017 22:00,0.166,106.5,0
10/2/2017 23:00,0.166,106.5,0
10/3/2017 0:00,0.165,106.5,0
10/3/2017 1:00,0.164,106.5,0
10/3/2017 2:00,0.163,106.5,0
10/3/2017 3:00,0.163,106.5,0
10/3/2017 4:00,0.162,106.5,0
10/3/2017 5:00,0.162,106.5,0
10/3/2017 6:00,0.161,106.5,0
10/3/2017 7:00,0.161,106.5,0
10/3/2017 8:00,0.16,106.5,0
10/3/2017 9:00,0.16,106.5,0
10/3/2017 10:00,0.16,106.5,0
10/3/2017 11:00,0.159,106.5,0
10/3/2017 12:00,0.159,106.5,0
10/3/2017 13:00,0.159,106.5,0
10/3/2017 14:00,0.159,106.5,0
10/3/2017 15:00,0.161,106.5,0
10/3/2017 16:00,0.162,106.5,0
10/3/2017 17:00,0.164,106.5,0
10/3/2017 18:00,0.164,106.5,0
10/3/2017 19:00,0.166,106.5,0
10/3/2017 20:00,0.166,106.5,0
10/3/2017 21:00,0.167,106.5,0
10/3/2017 22:00,0.167,106.5,0
10/3/2017 23:00,0.167,106.5,0
10/4/2017 0:00,0.166,106.5,0
10/4/2017 1:00,0.165,106.5,0
10/4/2017 2:00,0.165,106.5,0
10/4/2017 3:00,0.164,106.5,0
10/4/2017 4:00,0.164,106.5,0
10/4/2017 5:00,0.163,106.5,0
10/4/2017 6:00,0.162,106.5,0
10/4/2017 7:00,0.162,106.5,0
10/4/2017 8:00,0.161,106.5,0
10/4/2017 9:00,0.16,106.5,0
10/4/2017 10:00,0.16,106.5,0
10/4/2017 11:00,0.16,106.5,0
10/4/2017 12:00,0.159,106.5,0
10/4/2017 13:00,0.159,106.5,0
10/4/2017 14:00,0.159,106.5,0
10/4/2017 15:00,0.16,106.5,0
10/4/2017 16:00,0.162,106.5,0
10/4/2017 17:00,0.163,106.5,0
10/4/2017 18:00,0.165,106.5,0
10/4/2017 19:00,0.166,106.5,0
10/4/2017 20:00,0.166,106.5,0
10/4/2017 21:00,0.166,106.5,0
10/4/2017 22:00,0.166,106.5,0
10/4/2017 23:00,0.167,106.5,0
10/5/2017 0:00,0.166,106.5,0
10/5/2017 1:00,0.166,106.5,0
10/5/2017 2:00,0.164,106.5,0
10/5/2017 3:00,0.164,106.5,0
10/5/2017 4:00,0.163,106.5,0
10/5/2017 5:00,0.163,106.5,0
10/5/2017 6:00,0.163,106.5,0
10/5/2017 7:00,0.162,106.5,0
10/5/2017 8:00,0.162,106.5,0
10/5/2017 9:00,0.161,106.5,0
10/5/2017 10:00,0.16,106.5,0
10/5/2017 11:00,0.16,106.5,0
10/5/2017 12:00,0.16,106.5,0
10/5/2017 13:00,0.16,106.5,0
10/5/2017 14:00,0.159,106.5,0
10/5/2017 15:00,0.161,106.5,0
10/5/2017 16:00,0.162,106.5,0
10/5/2017 17:00,0.163,106.5,0
10/5/2017 18:00,0.164,106.5,0
10/5/2017 19:00,0.166,106.5,0
10/5/2017 20:00,0.167,106.5,0
10/5/2017 21:00,0.167,106.5,0
10/5/2017 22:00,0.167,106.5,0
10/5/2017 23:00,0.167,106.5,0
10/6/2017 0:00,0.167,106.5,0
10/6/2017 1:00,0.166,106.5,0
10/6/2017 2:00,0.165,106.5,0
10/6/2017 3:00,0.164,106.5,0
10/6/2017 4:00,0.164,106.5,0
10/6/2017 5:00,0.163,106.5,0
10/6/2017 6:00,0.163,106.5,0
10/6/2017 7:00,0.162,106.5,0
10/6/2017 8:00,0.162,106.5,0
10/6/2017 9:00,0.161,106.5,0
10/6/2017 10:00,0.162,106.5,0
10/6/2017 11:00,0.16,106.5,0
10/6/2017 12:00,0.161,106.5,0
10/6/2017 13:00,0.16,106.5,0
10/6/2017 14:00,0.161,106.5,0
10/6/2017 15:00,0.161,106.5,0
10/6/2017 16:00,0.162,106.5,0
10/6/2017 17:00,0.164,106.5,0
10/6/2017 18:00,0.165,106.5,0
10/6/2017 19:00,0.167,106.5,0
10/6/2017 20:00,0.167,106.5,0
10/6/2017 21:00,0.167,106.5,0
10/6/2017 22:00,0.167,106.5,0
10/6/2017 23:00,0.167,106.5,0
10/7/2017 0:00,0.167,106.5,0
10/7/2017 1:00,0.166,106.5,0
10/7/2017 2:00,0.166,106.5,0
10/7/2017 3:00,0.166,106.5,0
10/7/2017 4:00,0.165,106.5,0
10/7/2017 5:00,0.165,106.5,0
10/7/2017 6:00,0.164,106.5,0
10/7/2017 7:00,0.164,106.5,0
10/7/2017 8:00,0.163,106.5,0
10/7/2017 9:00,0.162,106.5,0
10/7/2017 10:00,0.162,106.5,0
10/7/2017 11:00,0.162,106.5,0
10/7/2017 12:00,0.161,106.5,0
10/7/2017 13:00,0.161,106.5,0
10/7/2017 14:00,0.162,106.5,0
10/7/2017 15:00,0.162,106.5,0
10/7/2017 16:00,0.164,106.5,0
10/7/2017 17:00,0.165,106.5,0
10/7/2017 18:00,0.166,106.5,0
10/7/2017 19:00,0.167,106.5,0
10/7/2017 20:00,0.168,106.5,0
10/7/2017 21:00,0.168,106.5,0
10/7/2017 22:00,0.167,106.5,0
10/7/2017 23:00,0.167,106.5,0
10/8/2017 0:00,0.167,106.5,0
10/8/2017 1:00,0.166,106.5,0
10/8/2017 2:00,0.166,106.5,0
10/8/2017 3:00,0.165,106.5,0
10/8/2017 4:00,0.164,106.5,0
10/8/2017 5:00,0.163,106.5,0
10/8/2017 6:00,0.162,106.5,0
10/8/2017 7:00,0.162,106.5,0
10/8/2017 8:00,0.161,106.5,0
10/8/2017 9:00,0.161,106.5,0
10/8/2017 10:00,0.161,106.5,0
10/8/2017 11:00,0.16,106.5,0
10/8/2017 12:00,0.16,106.5,0
10/8/2017 13:00,0.16,106.5,0
10/8/2017 14:00,0.16,106.5,0
10/8/2017 15:00,0.161,106.5,0
10/8/2017 16:00,0.162,106.5,0
10/8/2017 17:00,0.163,106.5,0
10/8/2017 18:00,0.164,106.5,0
10/8/2017 19:00,0.165,106.5,0
10/8/2017 20:00,0.166,106.5,0
10/8/2017 21:00,0.166,106.5,0
10/8/2017 22:00,0.166,106.5,0
10/8/2017 23:00,0.165,106.5,0
10/9/2017 0:00,0.165,106.5,0
10/9/2017 1:00,0.165,106.5,0
10/9/2017 2:00,0.165,106.5,0
10/9/2017 3:00,0.164,106.5,0
10/9/2017 4:00,0.164,106.5,0
10/9/2017 5:00,0.163,106.5,0
10/9/2017 6:00,0.163,106.5,0
10/9/2017 7:00,0.163,106.5,0
10/9/2017 8:00,0.162,106.5,0
10/9/2017 9:00,0.162,106.5,0
10/9/2017 10:00,0.162,106.5,0
10/9/2017 11:00,0.161,106.5,0
10/9/2017 12:00,0.161,106.5,0
10/9/2017 13:00,0.161,106.5,0
10/9/2017 14:00,0.161,106.5,0
10/9/2017 15:00,0.162,106.5,0
10/9/2017 16:00,0.164,106.5,0
10/9/2017 17:00,0.164,106.5,0
10/9/2017 18:00,0.166,106.5,0
10/9/2017 19:00,0.166,106.5,0
10/9/2017 20:00,0.168,106.5,0
10/9/2017 21:00,0.167,106.5,0
10/9/2017 22:00,0.168,106.5,0
10/9/2017 23:00,0.167,106.5,0
10/10/2017 0:00,0.167,106.5,0
10/10/2017 1:00,0.166,106.5,0
10/10/2017 2:00,0.166,106.5,0
10/10/2017 3:00,0.165,106.5,0
10/10/2017 4:00,0.164,106.5,0
10/10/2017 5:00,0.164,106.5,0
10/10/2017 6:00,0.163,106.5,0
10/10/2017 7:00,0.163,106.5,0
10/10/2017 8:00,0.162,106.5,0
10/10/2017 9:00,0.162,106.5,0
10/10/2017 10:00,0.162,106.5,0
10/10/2017 11:00,0.162,106.5,0
10/10/2017 12:00,0.161,106.5,0
10/10/2017 13:00,0.161,106.5,0
10/10/2017 14:00,0.161,106.5,0
10/10/2017 15:00,0.161,106.5,0
10/10/2017 16:00,0.162,106.5,0
10/10/2017 17:00,0.164,106.5,0
10/10/2017 18:00,0.164,106.5,0
10/10/2017 19:00,0.165,106.5,0
10/10/2017 20:00,0.165,106.5,0
10/10/2017 21:00,0.165,106.5,0
10/10/2017 22:00,0.165,106.5,0
10/10/2017 23:00,0.165,106.5,0
10/11/2017 0:00,0.165,106.5,0
10/11/2017 1:00,0.164,106.5,0
10/11/2017 2:00,0.163,106.5,0
10/11/2017 3:00,0.163,106.5,0
10/11/2017 4:00,0.162,106.5,0
10/11/2017 5:00,0.161,106.5,0
10/11/2017 6:00,0.161,106.5,0
10/11/2017 7:00,0.16,106.5,0
10/11/2017 8:00,0.16,106.5,0
10/11/2017 9:00,0.159,106.5,0
10/11/2017 10:00,0.159,106.5,0
10/11/2017 11:00,0.159,106.5,0
10/11/2017 12:00,0.158,106.5,0
10/11/2017 13:00,0.158,106.5,0
10/11/2017 14:00,0.158,106.5,0
10/11/2017 15:00,0.159,106.5,0
10/11/2017 16:00,0.16,106.5,0
10/11/2017 17:00,0.161,106.5,0
10/11/2017 18:00,0.161,106.5,0
10/11/2017 19:00,0.162,106.5,0
10/11/2017 20:00,0.163,106.5,0
10/11/2017 21:00,0.163,106.5,0
10/11/2017 22:00,0.163,106.5,0
10/11/2017 23:00,0.162,106.5,0
10/12/2017 0:00,0.162,106.5,0
10/12/2017 1:00,0.161,106.5,0
10/12/2017 2:00,0.161,106.5,0
10/12/2017 3:00,0.16,106.5,0
10/12/2017 4:00,0.159,106.5,0
10/12/2017 5:00,0.159,106.5,0
10/12/2017 6:00,0.158,106.5,0
10/12/2017 7:00,0.157,106.5,0
10/12/2017 8:00,0.157,106.5,0
10/12/2017 9:00,0.157,106.5,0
10/12/2017 10:00,0.156,106.5,0
10/12/2017 11:00,0.156,106.5,0
10/12/2017 12:00,0.155,106.5,0
10/12/2017 13:00,0.155,106.5,0
10/12/2017 14:00,0.155,106.5,0
10/12/2017 15:00,0.156,106.5,0
10/12/2017 16:00,0.157,106.5,0
10/12/2017 17:00,0.159,106.5,0
10/12/2017 18:00,0.159,106.5,0
10/12/2017 19:00,0.16,106.5,0
10/12/2017 20:00,0.16,106.5,0
10/12/2017 21:00,0.161,106.5,0
10/12/2017 22:00,0.161,106.5,0
10/12/2017 23:00,0.161,106.5,0
10/13/2017 0:00,0.161,106.5,0
10/13/2017 1:00,0.16,106.5,0
10/13/2017 2:00,0.16,106.5,0
10/13/2017 3:00,0.159,106.5,0
10/13/2017 4:00,0.158,106.5,0
10/13/2017 5:00,0.158,106.5,0
10/13/2017 6:00,0.157,106.5,0
10/13/2017 7:00,0.157,106.5,0
10/13/2017 8:00,0.157,106.5,0
10/13/2017 9:00,0.156,106.5,0
10/13/2017 10:00,0.156,106.5,0
10/13/2017 11:00,0.156,106.5,0
10/13/2017 12:00,0.156,106.5,0
10/13/2017 13:00,0.156,106.5,0
10/13/2017 14:00,0.155,106.5,0
10/13/2017 15:00,0.157,106.5,0
10/13/2017 16:00,0.157,106.5,0
10/13/2017 17:00,0.158,106.5,0
10/13/2017 18:00,0.159,106.5,0
10/13/2017 19:00,0.16,106.5,0
10/13/2017 20:00,0.161,106.5,0
10/13/2017 21:00,0.16,106.5,0
10/13/2017 22:00,0.161,106.5,0
10/13/2017 23:00,0.161,106.5,0
10/14/2017 0:00,0.161,106.5,0
10/14/2017 1:00,0.16,106.5,0
10/14/2017 2:00,0.16,106.5,0
10/14/2017 3:00,0.159,106.5,0
10/14/2017 4:00,0.158,106.5,0
10/14/2017 5:00,0.158,106.5,0
10/14/2017 6:00,0.157,106.5,0
10/14/2017 7:00,0.157,106.5,0
10/14/2017 8:00,0.156,106.5,0
10/14/2017 9:00,0.156,106.5,0
10/14/2017 10:00,0.156,106.5,0
10/14/2017 11:00,0.156,106.5,0
10/14/2017 12:00,0.156,106.5,0
10/14/2017 13:00,0.155,106.5,0
10/14/2017 14:00,0.156,106.5,0
10/14/2017 15:00,0.157,106.5,0
10/14/2017 16:00,0.158,106.5,0
10/14/2017 17:00,0.159,106.5,0
10/14/2017 18:00,0.16,106.5,0
10/14/2017 19:00,0.161,106.5,0
10/14/2017 20:00,0.162,106.5,0
10/14/2017 21:00,0.163,106.5,0
10/14/2017 22:00,0.162,106.5,0
10/14/2017 23:00,0.162,106.5,0
10/15/2017 0:00,0.162,106.5,0
10/15/2017 1:00,0.162,106.5,0
10/15/2017 2:00,0.161,106.5,0
10/15/2017 3:00,0.16,106.5,0
10/15/2017 4:00,0.16,106.5,0
10/15/2017 5:00,0.159,106.5,0
10/15/2017 6:00,0.159,106.5,0
10/15/2017 7:00,0.159,106.5,0
10/15/2017 8:00,0.158,106.5,0
10/15/2017 9:00,0.158,106.5,0
10/15/2017 10:00,0.158,106.5,0
10/15/2017 11:00,0.158,106.5,0
10/15/2017 12:00,0.157,106.5,0
10/15/2017 13:00,0.157,106.5,0
10/15/2017 14:00,0.157,106.5,0
10/15/2017 15:00,0.158,106.5,0
10/15/2017 16:00,0.159,106.5,0
10/15/2017 17:00,0.16,106.5,0
10/15/2017 18:00,0.162,106.5,0
10/15/2017 19:00,0.163,106.5,0
10/15/2017 20:00,0.163,106.5,0
10/15/2017 21:00,0.164,106.5,0
10/15/2017 22:00,0.164,106.5,0
10/15/2017 23:00,0.163,106.5,0
10/16/2017 0:00,0.164,106.5,0
10/16/2017 1:00,0.163,106.5,0
10/16/2017 2:00,0.162,106.5,0
10/16/2017 3:00,0.162,106.5,0
10/16/2017 4:00,0.162,106.5,0
10/16/2017 5:00,0.161,106.5,0
10/16/2017 6:00,0.161,106.5,0
10/16/2017 7:00,0.16,106.5,0
10/16/2017 8:00,0.16,106.5,0
10/16/2017 9:00,0.159,106.5,0
10/16/2017 10:00,0.159,106.5,0
10/16/2017 11:00,0.159,106.5,0
10/16/2017 12:00,0.159,106.5,0
10/16/2017 13:00,0.158,106.5,0
10/16/2017 14:00,0.159,106.5,0
10/16/2017 15:00,0.159,106.5,0
10/16/2017 16:00,0.16,106.5,0
10/16/2017 17:00,0.161,106.5,0
10/16/2017 18:00,0.162,106.5,0
10/16/2017 19:00,0.163,106.5,0
10/16/2017 20:00,0.164,106.5,0
10/16/2017 21:00,0.165,106.5,0
10/16/2017 22:00,0.164,106.5,0
10/16/2017 23:00,0.165,106.5,0
10/17/2017 0:00,0.164,106.5,0
10/17/2017 1:00,0.163,106.5,0
10/17/2017 2:00,0.164,106.5,0
10/17/2017 3:00,0.163,106.5,0
10/17/2017 4:00,0.163,106.5,0
10/17/2017 5:00,0.162,106.5,0
10/17/2017 6:00,0.162,106.5,0
10/17/2017 7:00,0.161,106.5,0
10/17/2017 8:00,0.161,106.5,0
10/17/2017 9:00,0.161,106.5,0
10/17/2017 10:00,0.16,106.5,0
10/17/2017 11:00,0.16,106.5,0
10/17/2017 12:00,0.16,106.5,0
10/17/2017 13:00,0.159,106.5,0
10/17/2017 14:00,0.16,106.5,0
10/17/2017 15:00,0.161,106.5,0
10/17/2017 16:00,0.161,106.5,0
10/17/2017 17:00,0.162,106.5,0
10/17/2017 18:00,0.164,106.5,0
10/17/2017 19:00,0.164,106.5,0
10/17/2017 20:00,0.165,106.5,0
10/17/2017 21:00,0.165,106.5,0
10/17/2017 22:00,0.165,106.5,0
10/17/2017 23:00,0.165,106.5,0
10/18/2017 0:00,0.164,106.5,0
10/18/2017 1:00,0.164,106.5,0
10/18/2017 2:00,0.164,106.5,0
10/18/2017 3:00,0.163,106.5,0
10/18/2017 4:00,0.163,106.5,0
10/18/2017 5:00,0.162,106.5,0
10/18/2017 6:00,0.162,106.5,0
10/18/2017 7:00,0.162,106.5,0
10/18/2017 8:00,0.161,106.5,0
10/18/2017 9:00,0.16,106.5,0
10/18/2017 10:00,0.16,106.5,0
10/18/2017 11:00,0.16,106.5,0
10/18/2017 12:00,0.159,106.5,0
10/18/2017 13:00,0.159,106.5,0
10/18/2017 14:00,0.159,106.5,0
10/18/2017 15:00,0.16,106.5,0
10/18/2017 16:00,0.16,106.5,0
10/18/2017 17:00,0.162,106.5,0
10/18/2017 18:00,0.164,106.5,0
10/18/2017 19:00,0.164,106.5,0
10/18/2017 20:00,0.165,106.5,0
10/18/2017 21:00,0.165,106.5,0
10/18/2017 22:00,0.164,106.5,0
10/18/2017 23:00,0.164,106.5,0
10/19/2017 0:00,0.164,106.5,0
10/19/2017 1:00,0.163,106.5,0
10/19/2017 2:00,0.163,106.5,0
10/19/2017 3:00,0.163,106.5,0
10/19/2017 4:00,0.162,106.5,0
10/19/2017 5:00,0.161,106.5,0
10/19/2017 6:00,0.161,106.5,0
10/19/2017 7:00,0.161,106.5,0
10/19/2017 8:00,0.16,106.5,0
10/19/2017 9:00,0.16,106.5,0
10/19/2017 10:00,0.16,106.5,0
10/19/2017 11:00,0.16,106.5,0
10/19/2017 12:00,0.16,106.5,0
10/19/2017 13:00,0.159,106.5,0
10/19/2017 14:00,0.16,106.5,0
10/19/2017 15:00,0.16,106.5,0
10/19/2017 16:00,0.161,106.5,0
10/19/2017 17:00,0.161,106.5,0
10/19/2017 18:00,0.161,106.5,0
10/19/2017 19:00,0.162,106.6,1
10/19/2017 20:00,0.162,107.4,8
10/19/2017 21:00,0.162,108.1,7
10/19/2017 22:00,0.164,108.6,5
10/19/2017 23:00,0.182,108.9,3
10/20/2017 0:00,0.222,108.9,0
10/20/2017 1:00,0.243,108.9,0
10/20/2017 2:00,0.254,109.1,2
10/20/2017 3:00,0.263,109.1,0
10/20/2017 4:00,0.271,109.1,0
10/20/2017 5:00,0.277,109.1,0
10/20/2017 6:00,0.283,109.1,0
10/20/2017 7:00,0.289,109.4,3
10/20/2017 8:00,0.311,109.4,0
10/20/2017 9:00,0.323,109.4,0
10/20/2017 10:00,0.328,109.4,0
10/20/2017 11:00,0.331,109.4,0
10/20/2017 12:00,0.333,109.5,1
10/20/2017 13:00,0.335,109.5,0
10/20/2017 14:00,0.337,109.6,1
10/20/2017 15:00,0.343,109.7,1
10/20/2017 16:00,0.348,109.7,0
10/20/2017 17:00,0.35,109.7,0
10/20/2017 18:00,0.351,109.7,0
10/20/2017 19:00,0.351,109.7,0
10/20/2017 20:00,0.35,109.7,0
10/20/2017 21:00,0.349,109.7,0
10/20/2017 22:00,0.348,109.7,0
10/20/2017 23:00,0.347,109.7,0
10/21/2017 0:00,0.345,109.7,0
10/21/2017 1:00,0.343,109.7,0
10/21/2017 2:00,0.342,109.7,0
10/21/2017 3:00,0.34,109.7,0
10/21/2017 4:00,0.339,109.7,0
10/21/2017 5:00,0.338,109.7,0
10/21/2017 6:00,0.337,109.7,0
10/21/2017 7:00,0.335,109.7,0
10/21/2017 8:00,0.334,109.7,0
10/21/2017 9:00,0.333,109.7,0
10/21/2017 10:00,0.333,109.7,0
10/21/2017 11:00,0.332,109.7,0
10/21/2017 12:00,0.332,109.7,0
10/21/2017 13:00,0.331,109.7,0
10/21/2017 14:00,0.331,109.8,1
10/21/2017 15:00,0.331,109.8,0
10/21/2017 16:00,0.332,110,2
10/21/2017 17:00,0.332,110,0
10/21/2017 18:00,0.334,110,0
10/21/2017 19:00,0.339,110.1,1
10/21/2017 20:00,0.343,110.1,0
10/21/2017 21:00,0.345,110.1,0
10/21/2017 22:00,0.346,110.1,0
10/21/2017 23:00,0.346,110.1,0
10/22/2017 0:00,0.347,110.1,0
10/22/2017 1:00,0.347,110.1,0
10/22/2017 2:00,0.347,110.2,1
10/22/2017 3:00,0.347,110.2,0
10/22/2017 4:00,0.347,110.2,0
10/22/2017 5:00,0.348,110.2,0
10/22/2017 6:00,0.348,110.2,0
10/22/2017 7:00,0.347,110.2,0
10/22/2017 8:00,0.347,110.2,0
10/22/2017 9:00,0.347,110.2,0
10/22/2017 10:00,0.347,110.2,0
10/22/2017 11:00,0.347,110.2,0
10/22/2017 12:00,0.347,110.2,0
10/22/2017 13:00,0.347,110.2,0
10/22/2017 14:00,0.347,110.2,0
10/22/2017 15:00,0.348,110.2,0
10/22/2017 16:00,0.348,110.2,0
10/22/2017 17:00,0.35,110.2,0
10/22/2017 18:00,0.351,110.2,0
10/22/2017 19:00,0.351,110.2,0
10/22/2017 20:00,0.352,110.2,0
10/22/2017 21:00,0.351,110.2,0
10/22/2017 22:00,0.351,110.2,0
10/22/2017 23:00,0.349,110.2,0
10/23/2017 0:00,0.349,110.2,0
10/23/2017 1:00,0.348,110.2,0
10/23/2017 2:00,0.347,110.2,0
10/23/2017 3:00,0.346,110.2,0
10/23/2017 4:00,0.345,110.2,0
10/23/2017 5:00,0.344,110.2,0
10/23/2017 6:00,0.343,110.2,0
10/23/2017 7:00,0.342,110.2,0
10/23/2017 8:00,0.342,110.2,0
10/23/2017 9:00,0.341,110.2,0
10/23/2017 10:00,0.34,110.2,0
10/23/2017 11:00,0.34,110.2,0
10/23/2017 12:00,0.339,110.2,0
10/23/2017 13:00,0.339,110.3,1
10/23/2017 14:00,0.339,110.3,0
10/23/2017 15:00,0.34,110.3,0
10/23/2017 16:00,0.341,110.3,0
10/23/2017 17:00,0.342,110.3,0
10/23/2017 18:00,0.344,110.3,0
10/23/2017 19:00,0.344,110.3,0
10/23/2017 20:00,0.345,110.3,0
10/23/2017 21:00,0.345,110.3,0
10/23/2017 22:00,0.345,110.3,0
10/23/2017 23:00,0.345,110.3,0
10/24/2017 0:00,0.344,110.3,0
10/24/2017 1:00,0.343,110.3,0
10/24/2017 2:00,0.343,110.3,0
10/24/2017 3:00,0.342,110.3,0
10/24/2017 4:00,0.342,110.3,0
10/24/2017 5:00,0.341,110.3,0
10/24/2017 6:00,0.341,110.3,0
10/24/2017 7:00,0.34,110.3,0
10/24/2017 8:00,0.339,110.3,0
10/24/2017 9:00,0.339,110.3,0
10/24/2017 10:00,0.338,110.3,0
10/24/2017 11:00,0.338,110.3,0
10/24/2017 12:00,0.337,110.3,0
10/24/2017 13:00,0.337,110.3,0
10/24/2017 14:00,0.337,110.3,0
10/24/2017 15:00,0.338,110.3,0
10/24/2017 16:00,0.339,110.3,0
10/24/2017 17:00,0.34,110.3,0
10/24/2017 18:00,0.342,110.3,0
10/24/2017 19:00,0.343,110.3,0
10/24/2017 20:00,0.343,110.3,0
10/24/2017 21:00,0.343,110.3,0
10/24/2017 22:00,0.343,110.3,0
10/24/2017 23:00,0.343,110.3,0
10/25/2017 0:00,0.342,110.3,0
10/25/2017 1:00,0.341,110.3,0
10/25/2017 2:00,0.341,110.3,0
10/25/2017 3:00,0.339,110.3,0
10/25/2017 4:00,0.339,110.3,0
10/25/2017 5:00,0.338,110.3,0
10/25/2017 6:00,0.337,110.3,0
10/25/2017 7:00,0.337,110.3,0
10/25/2017 8:00,0.335,110.3,0
10/25/2017 9:00,0.335,110.3,0
10/25/2017 10:00,0.334,110.3,0
10/25/2017 11:00,0.333,110.3,0
10/25/2017 12:00,0.333,110.3,0
10/25/2017 13:00,0.332,110.3,0
10/25/2017 14:00,0.333,110.3,0
10/25/2017 15:00,0.333,110.3,0
10/25/2017 16:00,0.334,110.3,0
10/25/2017 17:00,0.335,110.3,0
10/25/2017 18:00,0.337,110.3,0
10/25/2017 19:00,0.338,110.3,0
10/25/2017 20:00,0.338,110.3,0
10/25/2017 21:00,0.339,110.3,0
10/25/2017 22:00,0.338,110.3,0
10/25/2017 23:00,0.337,110.3,0
10/26/2017 0:00,0.337,110.3,0
10/26/2017 1:00,0.336,110.3,0
10/26/2017 2:00,0.335,110.3,0
10/26/2017 3:00,0.334,110.3,0
10/26/2017 4:00,0.333,110.3,0
10/26/2017 5:00,0.332,110.3,0
10/26/2017 6:00,0.331,110.3,0
10/26/2017 7:00,0.33,110.3,0
10/26/2017 8:00,0.329,110.3,0
10/26/2017 9:00,0.328,110.3,0
10/26/2017 10:00,0.327,110.3,0
10/26/2017 11:00,0.327,110.3,0
10/26/2017 12:00,0.326,110.3,0
10/26/2017 13:00,0.325,110.3,0
10/26/2017 14:00,0.326,110.3,0
10/26/2017 15:00,0.327,110.3,0
10/26/2017 16:00,0.328,110.3,0
10/26/2017 17:00,0.329,110.3,0
10/26/2017 18:00,0.33,110.3,0
10/26/2017 19:00,0.331,110.3,0
10/26/2017 20:00,0.331,110.3,0
10/26/2017 21:00,0.333,110.3,0
10/26/2017 22:00,0.332,110.3,0
10/26/2017 23:00,0.331,110.3,0
10/27/2017 0:00,0.331,110.3,0
10/27/2017 1:00,0.33,110.3,0
10/27/2017 2:00,0.329,110.3,0
10/27/2017 3:00,0.328,110.3,0
10/27/2017 4:00,0.328,110.3,0
10/27/2017 5:00,0.327,110.3,0
10/27/2017 6:00,0.326,110.3,0
10/27/2017 7:00,0.325,110.3,0
10/27/2017 8:00,0.324,110.3,0
10/27/2017 9:00,0.323,110.3,0
10/27/2017 10:00,0.322,110.3,0
10/27/2017 11:00,0.322,110.3,0
10/27/2017 12:00,0.322,110.3,0
10/27/2017 13:00,0.321,110.3,0
10/27/2017 14:00,0.322,110.3,0
10/27/2017 15:00,0.322,110.3,0
10/27/2017 16:00,0.323,110.3,0
10/27/2017 17:00,0.324,110.3,0
10/27/2017 18:00,0.326,110.3,0
10/27/2017 19:00,0.327,110.3,0
10/27/2017 20:00,0.327,110.3,0
10/27/2017 21:00,0.327,110.3,0
10/27/2017 22:00,0.327,110.3,0
10/27/2017 23:00,0.327,110.3,0
10/28/2017 0:00,0.326,110.3,0
10/28/2017 1:00,0.325,110.3,0
10/28/2017 2:00,0.325,110.3,0
10/28/2017 3:00,0.324,110.3,0
10/28/2017 4:00,0.323,110.3,0
10/28/2017 5:00,0.322,110.3,0
10/28/2017 6:00,0.321,110.3,0
10/28/2017 7:00,0.32,110.3,0
10/28/2017 8:00,0.319,110.3,0
10/28/2017 9:00,0.319,110.3,0
10/28/2017 10:00,0.318,110.3,0
10/28/2017 11:00,0.318,110.3,0
10/28/2017 12:00,0.317,110.3,0
10/28/2017 13:00,0.317,110.3,0
10/28/2017 14:00,0.317,110.3,0
10/28/2017 15:00,0.318,110.3,0
10/28/2017 16:00,0.319,110.3,0
10/28/2017 17:00,0.319,110.3,0
10/28/2017 18:00,0.321,110.3,0
10/28/2017 19:00,0.321,110.3,0
10/28/2017 20:00,0.323,110.3,0
10/28/2017 21:00,0.322,110.3,0
10/28/2017 22:00,0.322,110.3,0
10/28/2017 23:00,0.321,110.3,0
10/29/2017 0:00,0.32,110.3,0
10/29/2017 1:00,0.319,110.3,0
10/29/2017 2:00,0.318,110.3,0
10/29/2017 3:00,0.318,110.3,0
10/29/2017 4:00,0.317,110.3,0
10/29/2017 5:00,0.316,110.3,0
10/29/2017 6:00,0.316,110.3,0
10/29/2017 7:00,0.315,110.3,0
10/29/2017 8:00,0.314,110.3,0
10/29/2017 9:00,0.314,110.3,0
10/29/2017 10:00,0.314,110.3,0
10/29/2017 11:00,0.313,110.3,0
10/29/2017 12:00,0.312,110.3,0
10/29/2017 13:00,0.312,110.3,0
10/29/2017 14:00,0.312,110.3,0
10/29/2017 15:00,0.312,110.3,0
10/29/2017 16:00,0.314,110.3,0
10/29/2017 17:00,0.314,110.3,0
10/29/2017 18:00,0.314,110.3,0
10/29/2017 19:00,0.316,110.3,0
10/29/2017 20:00,0.316,110.3,0
10/29/2017 21:00,0.315,110.3,0
10/29/2017 22:00,0.315,110.3,0
10/29/2017 23:00,0.315,110.3,0
10/30/2017 0:00,0.314,110.3,0
10/30/2017 1:00,0.313,110.3,0
10/30/2017 2:00,0.313,110.3,0
10/30/2017 3:00,0.312,110.3,0
10/30/2017 4:00,0.312,110.3,0
10/30/2017 5:00,0.312,110.3,0
10/30/2017 6:00,0.311,110.3,0
10/30/2017 7:00,0.311,110.3,0
10/30/2017 8:00,0.31,110.3,0
10/30/2017 9:00,0.31,110.3,0
10/30/2017 10:00,0.309,110.3,0
10/30/2017 11:00,0.309,110.3,0
10/30/2017 12:00,0.308,110.3,0
10/30/2017 13:00,0.309,110.3,0
10/30/2017 14:00,0.309,110.3,0
10/30/2017 15:00,0.31,110.3,0
10/30/2017 16:00,0.31,110.3,0
10/30/2017 17:00,0.311,110.3,0
10/30/2017 18:00,0.311,110.3,0
10/30/2017 19:00,0.312,110.3,0
10/30/2017 20:00,0.312,110.3,0
10/30/2017 21:00,0.312,110.3,0
10/30/2017 22:00,0.311,110.3,0
10/30/2017 23:00,0.31,110.3,0
10/31/2017 0:00,0.31,110.3,0
10/31/2017 1:00,0.309,110.3,0
10/31/2017 2:00,0.308,110.3,0
10/31/2017 3:00,0.307,110.3,0
10/31/2017 4:00,0.306,110.3,0
10/31/2017 5:00,0.305,110.3,0
10/31/2017 6:00,0.305,110.3,0
10/31/2017 7:00,0.304,110.3,0
10/31/2017 8:00,0.304,110.3,0
10/31/2017 9:00,0.304,110.3,0
10/31/2017 10:00,0.303,110.3,0
10/31/2017 11:00,0.302,110.3,0
10/31/2017 12:00,0.301,110.3,0
10/31/2017 13:00,0.301,110.3,0
10/31/2017 14:00,0.301,110.3,0
10/31/2017 15:00,0.302,110.3,0
10/31/2017 16:00,0.303,110.3,0
10/31/2017 17:00,0.304,110.3,0
10/31/2017 18:00,0.305,110.3,0
10/31/2017 19:00,0.306,110.3,0
10/31/2017 20:00,0.306,110.3,0
10/31/2017 21:00,0.306,110.3,0
10/31/2017 22:00,0.306,110.3,0
10/31/2017 23:00,0.305,110.3,0
11/1/2017 0:00,0.304,110.3,0
11/1/2017 1:00,0.304,110.3,0
11/1/2017 2:00,0.303,110.3,0
11/1/2017 3:00,0.303,110.3,0
11/1/2017 4:00,0.302,110.3,0
11/1/2017 5:00,0.301,110.3,0
11/1/2017 6:00,0.3,110.3,0
11/1/2017 7:00,0.3,110.3,0
11/1/2017 8:00,0.299,110.3,0
11/1/2017 9:00,0.298,110.3,0
11/1/2017 10:00,0.298,110.3,0
11/1/2017 11:00,0.298,110.3,0
11/1/2017 12:00,0.297,110.3,0
11/1/2017 13:00,0.297,110.3,0
11/1/2017 14:00,0.296,110.3,0
11/1/2017 15:00,0.297,110.3,0
11/1/2017 16:00,0.298,110.3,0
11/1/2017 17:00,0.299,110.3,0
11/1/2017 18:00,0.3,110.3,0
11/1/2017 19:00,0.3,110.3,0
11/1/2017 20:00,0.301,110.3,0
11/1/2017 21:00,0.301,110.3,0
11/1/2017 22:00,0.3,110.3,0
11/1/2017 23:00,0.3,110.3,0
11/2/2017 0:00,0.299,110.3,0
11/2/2017 1:00,0.299,110.3,0
11/2/2017 2:00,0.298,110.3,0
11/2/2017 3:00,0.297,110.3,0
11/2/2017 4:00,0.297,110.3,0
11/2/2017 5:00,0.296,110.3,0
11/2/2017 6:00,0.295,110.3,0
11/2/2017 7:00,0.295,110.3,0
11/2/2017 8:00,0.294,110.3,0
11/2/2017 9:00,0.293,110.3,0
11/2/2017 10:00,0.293,110.3,0
11/2/2017 11:00,0.293,110.3,0
11/2/2017 12:00,0.293,110.3,0
11/2/2017 13:00,0.292,110.3,0
11/2/2017 14:00,0.293,110.3,0
11/2/2017 15:00,0.293,110.3,0
11/2/2017 16:00,0.293,110.3,0
11/2/2017 17:00,0.294,110.3,0
11/2/2017 18:00,0.294,110.3,0
11/2/2017 19:00,0.294,110.3,0
11/2/2017 20:00,0.294,110.3,0
11/2/2017 21:00,0.294,110.3,0
11/2/2017 22:00,0.294,110.4,1
11/2/2017 23:00,0.294,110.6,2
11/3/2017 0:00,0.294,110.6,0
11/3/2017 1:00,0.293,110.6,0
11/3/2017 2:00,0.293,110.6,0
11/3/2017 3:00,0.293,110.6,0
11/3/2017 4:00,0.293,110.6,0
11/3/2017 5:00,0.293,110.6,0
11/3/2017 6:00,0.293,110.6,0
11/3/2017 7:00,0.293,110.6,0
11/3/2017 8:00,0.293,110.7,1
11/3/2017 9:00,0.292,110.7,0
11/3/2017 10:00,0.292,110.7,0
11/3/2017 11:00,0.292,110.7,0
11/3/2017 12:00,0.292,110.7,0
11/3/2017 13:00,0.292,110.7,0
11/3/2017 14:00,0.292,110.8,1
11/3/2017 15:00,0.292,110.8,0
11/3/2017 16:00,0.293,110.9,1
11/3/2017 17:00,0.292,111.1,2
11/3/2017 18:00,0.301,111.5,4
11/3/2017 19:00,0.365,111.7,2
11/3/2017 20:00,0.373,111.8,1
11/3/2017 21:00,0.371,111.8,0
11/3/2017 22:00,0.37,111.9,1
11/3/2017 23:00,0.37,111.9,0
11/4/2017 0:00,0.37,112,1
11/4/2017 1:00,0.37,112,0
11/4/2017 2:00,0.369,112,0
11/4/2017 3:00,0.367,112,0
11/4/2017 4:00,0.366,112,0
11/4/2017 5:00,0.364,112,0
11/4/2017 6:00,0.362,112,0
11/4/2017 7:00,0.361,112,0
11/4/2017 8:00,0.36,112,0
11/4/2017 9:00,0.358,112,0
11/4/2017 10:00,0.357,112,0
11/4/2017 11:00,0.356,112,0
11/4/2017 12:00,0.355,112,0
11/4/2017 13:00,0.355,112,0
11/4/2017 14:00,0.354,112,0
11/4/2017 15:00,0.354,112,0
11/4/2017 16:00,0.354,112,0
11/4/2017 17:00,0.355,112,0
11/4/2017 18:00,0.354,112,0
11/4/2017 19:00,0.354,112,0
11/4/2017 20:00,0.353,112,0
11/4/2017 21:00,0.352,112,0
11/4/2017 22:00,0.352,112,0
11/4/2017 23:00,0.351,112,0
11/5/2017 0:00,0.35,112,0
11/5/2017 1:00,0.349,112,0
11/5/2017 2:00,0.348,112,0
11/5/2017 3:00,0.347,112,0
11/5/2017 4:00,0.345,112,0
11/5/2017 5:00,0.344,112,0
11/5/2017 6:00,0.343,112,0
11/5/2017 7:00,0.342,112,0
11/5/2017 8:00,0.342,112,0
11/5/2017 9:00,0.341,112,0
11/5/2017 10:00,0.34,112,0
11/5/2017 11:00,0.34,112,0
11/5/2017 12:00,0.339,112.1,1
11/5/2017 13:00,0.339,112.2,1
11/5/2017 14:00,0.34,112.3,1
11/5/2017 15:00,0.366,112.5,2
11/5/2017 16:00,0.369,112.5,0
11/5/2017 17:00,0.367,112.5,0
11/5/2017 18:00,0.366,112.5,0
11/5/2017 19:00,0.365,112.7,2
11/5/2017 20:00,0.371,112.7,0
11/5/2017 21:00,0.37,112.7,0
11/5/2017 22:00,0.369,112.7,0
11/5/2017 23:00,0.367,112.7,0
11/6/2017 0:00,0.366,112.7,0
11/6/2017 1:00,0.365,112.7,0
11/6/2017 2:00,0.364,112.7,0
11/6/2017 3:00,0.363,112.7,0
11/6/2017 4:00,0.362,112.7,0
11/6/2017 5:00,0.361,112.7,0
11/6/2017 6:00,0.361,112.7,0
11/6/2017 7:00,0.36,112.7,0
11/6/2017 8:00,0.359,112.7,0
11/6/2017 9:00,0.359,112.7,0
11/6/2017 10:00,0.357,112.7,0
11/6/2017 11:00,0.357,112.7,0
11/6/2017 12:00,0.356,112.7,0
11/6/2017 13:00,0.355,112.7,0
11/6/2017 14:00,0.355,112.7,0
11/6/2017 15:00,0.355,112.7,0
11/6/2017 16:00,0.355,112.7,0
11/6/2017 17:00,0.356,112.7,0
11/6/2017 18:00,0.356,112.7,0
11/6/2017 19:00,0.356,112.7,0
11/6/2017 20:00,0.356,112.7,0
11/6/2017 21:00,0.355,112.7,0
11/6/2017 22:00,0.355,112.7,0
11/6/2017 23:00,0.354,112.7,0
11/7/2017 0:00,0.354,112.7,0
11/7/2017 1:00,0.353,112.7,0
11/7/2017 2:00,0.352,112.7,0
11/7/2017 3:00,0.351,112.7,0
11/7/2017 4:00,0.351,112.7,0
11/7/2017 5:00,0.349,112.7,0
11/7/2017 6:00,0.349,112.7,0
11/7/2017 7:00,0.348,112.7,0
11/7/2017 8:00,0.347,112.7,0
11/7/2017 9:00,0.347,112.7,0
11/7/2017 10:00,0.346,112.7,0
11/7/2017 11:00,0.346,112.7,0
11/7/2017 12:00,0.346,112.7,0
11/7/2017 13:00,0.346,112.7,0
11/7/2017 14:00,0.345,112.7,0
11/7/2017 15:00,0.346,112.7,0
11/7/2017 16:00,0.346,112.7,0
11/7/2017 17:00,0.347,112.7,0
11/7/2017 18:00,0.348,112.7,0
11/7/2017 19:00,0.348,112.7,0
11/7/2017 20:00,0.348,112.7,0
11/7/2017 21:00,0.348,112.7,0
11/7/2017 22:00,0.348,112.7,0
11/7/2017 23:00,0.348,112.7,0
11/8/2017 0:00,0.348,112.7,0
11/8/2017 1:00,0.347,112.7,0
11/8/2017 2:00,0.347,112.7,0
11/8/2017 3:00,0.346,112.7,0
11/8/2017 4:00,0.346,112.7,0
11/8/2017 5:00,0.346,112.7,0
11/8/2017 6:00,0.346,112.7,0
11/8/2017 7:00,0.345,112.7,0
11/8/2017 8:00,0.345,112.7,0
11/8/2017 9:00,0.345,112.7,0
11/8/2017 10:00,0.344,112.7,0
11/8/2017 11:00,0.345,112.7,0
11/8/2017 12:00,0.344,112.7,0
11/8/2017 13:00,0.345,112.7,0
11/8/2017 14:00,0.345,112.7,0
11/8/2017 15:00,0.345,113,3
11/8/2017 16:00,0.355,113.3,3
11/8/2017 17:00,0.394,113.8,5
11/8/2017 18:00,0.395,113.9,1
11/8/2017 19:00,0.39,113.9,0
11/8/2017 20:00,0.386,114,1
11/8/2017 21:00,0.384,114,0
11/8/2017 22:00,0.382,114,0
11/8/2017 23:00,0.394,114.3,3
11/9/2017 0:00,0.391,114.3,0
11/9/2017 1:00,0.388,114.3,0
11/9/2017 2:00,0.388,114.4,1
11/9/2017 3:00,0.394,114.5,1
11/9/2017 4:00,0.392,114.5,0
11/9/2017 5:00,0.39,114.6,1
11/9/2017 6:00,0.393,114.7,1
11/9/2017 7:00,0.403,114.9,2
11/9/2017 8:00,0.405,115.4,5
11/9/2017 9:00,0.405,115.7,3
11/9/2017 10:00,0.402,115.8,1
11/9/2017 11:00,0.397,115.8,0
11/9/2017 12:00,0.404,116.1,3
11/9/2017 13:00,0.4,116.1,0
11/9/2017 14:00,0.397,116.1,0
11/9/2017 15:00,0.391,116.1,0
11/9/2017 16:00,0.389,116.1,0
11/9/2017 17:00,0.388,116.1,0
11/9/2017 18:00,0.387,116.2,1
11/9/2017 19:00,0.386,116.2,0
11/9/2017 20:00,0.386,116.2,0
11/9/2017 21:00,0.387,116.2,0
11/9/2017 22:00,0.385,116.2,0
11/9/2017 23:00,0.385,116.2,0
11/10/2017 0:00,0.384,116.2,0
11/10/2017 1:00,0.383,116.2,0
11/10/2017 2:00,0.382,116.2,0
11/10/2017 3:00,0.382,116.3,1
11/10/2017 4:00,0.382,116.3,0
11/10/2017 5:00,0.383,116.4,1
11/10/2017 6:00,0.383,116.4,0
11/10/2017 7:00,0.385,116.5,1
11/10/2017 8:00,0.385,116.5,0
11/10/2017 9:00,0.385,116.5,0
11/10/2017 10:00,0.385,116.6,1
11/10/2017 11:00,0.385,116.6,0
11/10/2017 12:00,0.386,116.7,1
11/10/2017 13:00,0.388,116.7,0
11/10/2017 14:00,0.388,116.7,0
11/10/2017 15:00,0.387,116.7,0
11/10/2017 16:00,0.387,116.7,0
11/10/2017 17:00,0.387,116.7,0
11/10/2017 18:00,0.386,116.8,1
11/10/2017 19:00,0.388,116.8,0
11/10/2017 20:00,0.388,116.8,0
11/10/2017 21:00,0.388,116.8,0
11/10/2017 22:00,0.387,116.8,0
11/10/2017 23:00,0.387,116.9,1
11/11/2017 0:00,0.386,116.9,0
11/11/2017 1:00,0.385,116.9,0
11/11/2017 2:00,0.384,116.9,0
11/11/2017 3:00,0.384,116.9,0
11/11/2017 4:00,0.383,116.9,0
11/11/2017 5:00,0.382,116.9,0
11/11/2017 6:00,0.382,116.9,0
11/11/2017 7:00,0.381,116.9,0
11/11/2017 8:00,0.38,116.9,0
11/11/2017 9:00,0.38,116.9,0
11/11/2017 10:00,0.379,116.9,0
11/11/2017 11:00,0.379,116.9,0
11/11/2017 12:00,0.379,116.9,0
11/11/2017 13:00,0.378,116.9,0
11/11/2017 14:00,0.378,116.9,0
11/11/2017 15:00,0.378,116.9,0
11/11/2017 16:00,0.378,116.9,0
11/11/2017 17:00,0.378,116.9,0
11/11/2017 18:00,0.379,116.9,0
11/11/2017 19:00,0.379,116.9,0
11/11/2017 20:00,0.379,116.9,0
11/11/2017 21:00,0.378,116.9,0
11/11/2017 22:00,0.379,116.9,0
11/11/2017 23:00,0.378,116.9,0
11/12/2017 0:00,0.378,116.9,0
11/12/2017 1:00,0.377,116.9,0
11/12/2017 2:00,0.376,116.9,0
11/12/2017 3:00,0.376,116.9,0
11/12/2017 4:00,0.375,116.9,0
11/12/2017 5:00,0.375,116.9,0
11/12/2017 6:00,0.374,116.9,0
11/12/2017 7:00,0.374,116.9,0
11/12/2017 8:00,0.373,116.9,0
11/12/2017 9:00,0.373,116.9,0
11/12/2017 10:00,0.373,116.9,0
11/12/2017 11:00,0.373,116.9,0
11/12/2017 12:00,0.373,116.9,0
11/12/2017 13:00,0.372,116.9,0
11/12/2017 14:00,0.373,116.9,0
11/12/2017 15:00,0.374,116.9,0
11/12/2017 16:00,0.374,116.9,0
11/12/2017 17:00,0.374,116.9,0
11/12/2017 18:00,0.374,116.9,0
11/12/2017 19:00,0.374,116.9,0
11/12/2017 20:00,0.374,116.9,0
11/12/2017 21:00,0.374,116.9,0
11/12/2017 22:00,0.374,116.9,0
11/12/2017 23:00,0.374,117,1
11/13/2017 0:00,0.374,117,0
11/13/2017 1:00,0.374,117.1,1
11/13/2017 2:00,0.376,117.1,0
11/13/2017 3:00,0.376,117.1,0
11/13/2017 4:00,0.377,117.2,1
11/13/2017 5:00,0.378,117.2,0
11/13/2017 6:00,0.38,117.2,0
11/13/2017 7:00,0.38,117.2,0
11/13/2017 8:00,0.381,117.3,1
11/13/2017 9:00,0.381,117.3,0
11/13/2017 10:00,0.382,117.4,1
11/13/2017 11:00,0.394,117.6,2
11/13/2017 12:00,0.403,117.8,2
11/13/2017 13:00,0.4,117.8,0
11/13/2017 14:00,0.398,117.8,0
11/13/2017 15:00,0.395,117.8,0
11/13/2017 16:00,0.393,117.9,1
11/13/2017 17:00,0.406,118.3,4
11/13/2017 18:00,0.402,118.3,0
11/13/2017 19:00,0.409,118.6,3
11/13/2017 20:00,0.404,118.6,0
11/13/2017 21:00,0.4,118.6,0
11/13/2017 22:00,0.396,118.6,0
11/13/2017 23:00,0.395,118.9,3
11/14/2017 0:00,0.401,118.9,0
11/14/2017 1:00,0.399,118.9,0
11/14/2017 2:00,0.395,118.9,0
11/14/2017 3:00,0.394,119,1
11/14/2017 4:00,0.394,119,0
11/14/2017 5:00,0.392,119,0
11/14/2017 6:00,0.39,119,0
11/14/2017 7:00,0.39,119,0
11/14/2017 8:00,0.388,119,0
11/14/2017 9:00,0.388,119,0
11/14/2017 10:00,0.386,119,0
11/14/2017 11:00,0.385,119,0
11/14/2017 12:00,0.385,119,0
11/14/2017 13:00,0.384,119,0
11/14/2017 14:00,0.384,119,0
11/14/2017 15:00,0.384,119,0
11/14/2017 16:00,0.384,119,0
11/14/2017 17:00,0.384,119,0
11/14/2017 18:00,0.383,119,0
11/14/2017 19:00,0.383,119,0
11/14/2017 20:00,0.383,119,0
11/14/2017 21:00,0.383,119,0
11/14/2017 22:00,0.382,119,0
11/14/2017 23:00,0.382,119,0
11/15/2017 0:00,0.381,119,0
11/15/2017 1:00,0.381,119,0
11/15/2017 2:00,0.38,119,0
11/15/2017 3:00,0.38,119,0
11/15/2017 4:00,0.38,119,0
11/15/2017 5:00,0.379,119.1,1
11/15/2017 6:00,0.379,119.2,1
11/15/2017 7:00,0.381,119.3,1
11/15/2017 8:00,0.384,119.3,0
11/15/2017 9:00,0.384,119.4,1
11/15/2017 10:00,0.39,119.6,2
11/15/2017 11:00,0.404,119.8,2
11/15/2017 12:00,0.404,119.9,1
11/15/2017 13:00,0.401,120,1
11/15/2017 14:00,0.402,120.1,1
11/15/2017 15:00,0.405,120.3,2
11/15/2017 16:00,0.405,120.5,2
11/15/2017 17:00,0.401,120.6,1
11/15/2017 18:00,0.398,120.6,0
11/15/2017 19:00,0.398,120.7,1
11/15/2017 20:00,0.407,121.1,4
11/15/2017 21:00,0.407,121.6,5
11/15/2017 22:00,0.411,122,4
11/15/2017 23:00,0.43,122.3,3
11/16/2017 0:00,0.43,122.6,3
11/16/2017 1:00,0.43,122.6,0
11/16/2017 2:00,0.42,122.6,0
11/16/2017 3:00,0.412,122.7,1
11/16/2017 4:00,0.41,122.8,1
11/16/2017 5:00,0.411,122.8,0
11/16/2017 6:00,0.41,122.9,1
11/16/2017 7:00,0.418,123.1,2
11/16/2017 8:00,0.427,123.4,3
11/16/2017 9:00,0.427,123.4,0
11/16/2017 10:00,0.427,123.5,1
11/16/2017 11:00,0.427,123.6,1
11/16/2017 12:00,0.427,123.6,0
11/16/2017 13:00,0.427,123.6,0
11/16/2017 14:00,0.426,123.7,1
11/16/2017 15:00,0.419,123.7,0
11/16/2017 16:00,0.415,123.7,0
11/16/2017 17:00,0.412,123.7,0
11/16/2017 18:00,0.429,124,3
11/16/2017 19:00,0.43,124.1,1
11/16/2017 20:00,0.429,124.1,0
11/16/2017 21:00,0.429,124.2,1
11/16/2017 22:00,0.429,124.3,1
11/16/2017 23:00,0.429,124.3,0
11/17/2017 0:00,0.429,124.3,0
11/17/2017 1:00,0.429,124.3,0
11/17/2017 2:00,0.429,124.4,1
11/17/2017 3:00,0.429,124.5,1
11/17/2017 4:00,0.428,124.5,0
11/17/2017 5:00,0.428,124.5,0
11/17/2017 6:00,0.427,124.5,0
11/17/2017 7:00,0.426,124.5,0
11/17/2017 8:00,0.417,124.5,0
11/17/2017 9:00,0.414,124.5,0
11/17/2017 10:00,0.411,124.5,0
11/17/2017 11:00,0.41,124.5,0
11/17/2017 12:00,0.409,124.5,0
11/17/2017 13:00,0.408,124.5,0
11/17/2017 14:00,0.408,124.5,0
11/17/2017 15:00,0.407,124.5,0
11/17/2017 16:00,0.407,124.5,0
11/17/2017 17:00,0.407,124.5,0
11/17/2017 18:00,0.406,124.5,0
11/17/2017 19:00,0.406,124.5,0
11/17/2017 20:00,0.405,124.5,0
11/17/2017 21:00,0.404,124.5,0
11/17/2017 22:00,0.403,124.5,0
11/17/2017 23:00,0.403,124.5,0
11/18/2017 0:00,0.402,124.5,0
11/18/2017 1:00,0.402,124.5,0
11/18/2017 2:00,0.4,124.5,0
11/18/2017 3:00,0.4,124.5,0
11/18/2017 4:00,0.399,124.5,0
11/18/2017 5:00,0.399,124.5,0
11/18/2017 6:00,0.398,124.5,0
11/18/2017 7:00,0.398,124.5,0
11/18/2017 8:00,0.398,124.5,0
11/18/2017 9:00,0.397,124.5,0
11/18/2017 10:00,0.396,124.5,0
11/18/2017 11:00,0.395,124.5,0
11/18/2017 12:00,0.395,124.5,0
11/18/2017 13:00,0.395,124.5,0
11/18/2017 14:00,0.394,124.5,0
11/18/2017 15:00,0.394,124.5,0
11/18/2017 16:00,0.394,124.5,0
11/18/2017 17:00,0.394,124.5,0
11/18/2017 18:00,0.394,124.5,0
11/18/2017 19:00,0.394,124.5,0
11/18/2017 20:00,0.394,124.5,0
11/18/2017 21:00,0.394,124.5,0
11/18/2017 22:00,0.393,124.5,0
11/18/2017 23:00,0.393,124.5,0
11/19/2017 0:00,0.392,124.5,0
11/19/2017 1:00,0.392,124.5,0
11/19/2017 2:00,0.391,124.5,0
11/19/2017 3:00,0.391,124.5,0
11/19/2017 4:00,0.39,124.5,0
11/19/2017 5:00,0.39,124.5,0
11/19/2017 6:00,0.389,124.5,0
11/19/2017 7:00,0.388,124.5,0
11/19/2017 8:00,0.388,124.5,0
11/19/2017 9:00,0.387,124.5,0
11/19/2017 10:00,0.387,124.5,0
11/19/2017 11:00,0.387,124.5,0
11/19/2017 12:00,0.387,124.5,0
11/19/2017 13:00,0.386,124.5,0
11/19/2017 14:00,0.387,124.5,0
11/19/2017 15:00,0.387,124.5,0
11/19/2017 16:00,0.388,124.5,0
11/19/2017 17:00,0.388,124.5,0
11/19/2017 18:00,0.388,124.5,0
11/19/2017 19:00,0.388,124.5,0
11/19/2017 20:00,0.388,124.5,0
11/19/2017 21:00,0.388,124.5,0
11/19/2017 22:00,0.388,124.5,0
11/19/2017 23:00,0.388,124.5,0
11/20/2017 0:00,0.388,124.5,0
11/20/2017 1:00,0.388,124.5,0
11/20/2017 2:00,0.388,124.6,1
11/20/2017 3:00,0.39,124.8,2
11/20/2017 4:00,0.4,125,2
11/20/2017 5:00,0.407,125.3,3
11/20/2017 6:00,0.41,125.4,1
11/20/2017 7:00,0.423,126.3,9
11/20/2017 8:00,0.423,127.6,13
11/20/2017 9:00,0.424,128.1,5
11/20/2017 10:00,0.424,128.2,1
11/20/2017 11:00,0.425,128.9,7
11/20/2017 12:00,0.425,129.7,8
11/20/2017 13:00,0.425,130.3,6
11/20/2017 14:00,0.425,130.9,6
11/20/2017 15:00,0.426,131,1
11/20/2017 16:00,0.427,131.5,5
11/20/2017 17:00,0.427,132.3,8
11/20/2017 18:00,0.427,132.7,4
11/20/2017 19:00,0.427,133.3,6
11/20/2017 20:00,0.427,133.4,1
11/20/2017 21:00,0.427,133.4,0
11/20/2017 22:00,0.427,133.4,0
11/20/2017 23:00,0.427,133.4,0
11/21/2017 0:00,0.427,133.4,0
11/21/2017 1:00,0.427,133.4,0
11/21/2017 2:00,0.427,133.4,0
11/21/2017 3:00,0.427,133.4,0
11/21/2017 4:00,0.427,133.4,0
11/21/2017 5:00,0.427,133.4,0
11/21/2017 6:00,0.427,133.4,0
11/21/2017 7:00,0.427,133.4,0
11/21/2017 8:00,0.427,133.4,0
11/21/2017 9:00,0.427,133.4,0
11/21/2017 10:00,0.427,133.4,0
11/21/2017 11:00,0.427,133.4,0
11/21/2017 12:00,0.428,133.4,0
11/21/2017 13:00,0.428,133.4,0
11/21/2017 14:00,0.428,133.4,0
11/21/2017 15:00,0.429,133.4,0
11/21/2017 16:00,0.43,133.4,0
11/21/2017 17:00,0.43,133.4,0
11/21/2017 18:00,0.431,133.4,0
11/21/2017 19:00,0.431,133.4,0
11/21/2017 20:00,0.431,133.4,0
11/21/2017 21:00,0.431,133.4,0
11/21/2017 22:00,0.43,133.4,0
11/21/2017 23:00,0.429,133.4,0
11/22/2017 0:00,0.429,133.4,0
11/22/2017 1:00,0.429,133.4,0
11/22/2017 2:00,0.429,133.4,0
11/22/2017 3:00,0.428,133.4,0
11/22/2017 4:00,0.426,133.4,0
11/22/2017 5:00,0.425,133.4,0
11/22/2017 6:00,0.421,133.4,0
11/22/2017 7:00,0.419,133.4,0
11/22/2017 8:00,0.418,133.4,0
11/22/2017 9:00,0.417,133.4,0
11/22/2017 10:00,0.417,133.4,0
11/22/2017 11:00,0.417,133.4,0
11/22/2017 12:00,0.417,133.4,0
11/22/2017 13:00,0.416,133.4,0
11/22/2017 14:00,0.416,133.4,0
11/22/2017 15:00,0.416,133.4,0
11/22/2017 16:00,0.416,133.4,0
11/22/2017 17:00,0.416,133.4,0
11/22/2017 18:00,0.416,133.4,0
11/22/2017 19:00,0.416,133.4,0
11/22/2017 20:00,0.415,133.4,0
11/22/2017 21:00,0.415,133.4,0
11/22/2017 22:00,0.415,133.4,0
11/22/2017 23:00,0.415,133.4,0
11/23/2017 0:00,0.415,133.4,0
11/23/2017 1:00,0.415,133.4,0
11/23/2017 2:00,0.415,133.4,0
11/23/2017 3:00,0.414,133.4,0
11/23/2017 4:00,0.415,133.5,1
11/23/2017 5:00,0.415,133.5,0
11/23/2017 6:00,0.416,133.5,0
11/23/2017 7:00,0.416,133.5,0
11/23/2017 8:00,0.415,133.5,0
11/23/2017 9:00,0.415,133.5,0
11/23/2017 10:00,0.415,133.5,0
11/23/2017 11:00,0.415,133.5,0
11/23/2017 12:00,0.415,133.5,0
11/23/2017 13:00,0.415,133.5,0
11/23/2017 14:00,0.415,133.5,0
11/23/2017 15:00,0.416,133.5,0
11/23/2017 16:00,0.416,133.5,0
11/23/2017 17:00,0.416,133.5,0
11/23/2017 18:00,0.416,133.5,0
11/23/2017 19:00,0.416,133.5,0
11/23/2017 20:00,0.416,133.5,0
11/23/2017 21:00,0.416,133.6,1
11/23/2017 22:00,0.417,133.6,0
11/23/2017 23:00,0.417,133.6,0
11/24/2017 0:00,0.417,133.6,0
11/24/2017 1:00,0.417,133.6,0
11/24/2017 2:00,0.417,133.6,0
11/24/2017 3:00,0.417,133.7,1
11/24/2017 4:00,0.418,133.7,0
11/24/2017 5:00,0.417,133.7,0
11/24/2017 6:00,0.417,133.7,0
11/24/2017 7:00,0.417,133.7,0
11/24/2017 8:00,0.417,133.7,0
11/24/2017 9:00,0.417,133.7,0
11/24/2017 10:00,0.417,133.7,0
11/24/2017 11:00,0.417,133.7,0
11/24/2017 12:00,0.417,133.7,0
11/24/2017 13:00,0.417,133.7,0
11/24/2017 14:00,0.417,133.7,0
11/24/2017 15:00,0.417,133.7,0
11/24/2017 16:00,0.417,133.7,0
11/24/2017 17:00,0.417,133.7,0
11/24/2017 18:00,0.417,133.7,0
11/24/2017 19:00,0.417,133.7,0
11/24/2017 20:00,0.417,133.7,0
11/24/2017 21:00,0.417,133.7,0
11/24/2017 22:00,0.416,133.7,0
11/24/2017 23:00,0.416,133.7,0
11/25/2017 0:00,0.415,133.7,0
11/25/2017 1:00,0.415,133.7,0
11/25/2017 2:00,0.415,133.7,0
11/25/2017 3:00,0.415,133.7,0
11/25/2017 4:00,0.414,133.7,0
11/25/2017 5:00,0.414,133.7,0
11/25/2017 6:00,0.414,133.7,0
11/25/2017 7:00,0.413,133.7,0
11/25/2017 8:00,0.414,133.8,1
11/25/2017 9:00,0.414,133.9,1
11/25/2017 10:00,0.414,133.9,0
11/25/2017 11:00,0.413,133.9,0
11/25/2017 12:00,0.414,133.9,0
11/25/2017 13:00,0.413,133.9,0
11/25/2017 14:00,0.413,133.9,0
11/25/2017 15:00,0.414,133.9,0
11/25/2017 16:00,0.413,133.9,0
11/25/2017 17:00,0.414,133.9,0
11/25/2017 18:00,0.414,133.9,0
11/25/2017 19:00,0.414,133.9,0
11/25/2017 20:00,0.414,133.9,0
11/25/2017 21:00,0.414,133.9,0
11/25/2017 22:00,0.414,133.9,0
11/25/2017 23:00,0.414,133.9,0
11/26/2017 0:00,0.413,133.9,0
11/26/2017 1:00,0.413,133.9,0
11/26/2017 2:00,0.413,133.9,0
11/26/2017 3:00,0.413,133.9,0
11/26/2017 4:00,0.413,133.9,0
11/26/2017 5:00,0.414,134,1
11/26/2017 6:00,0.424,134.3,3
11/26/2017 7:00,0.424,134.3,0
11/26/2017 8:00,0.425,134.4,1
11/26/2017 9:00,0.425,134.4,0
11/26/2017 10:00,0.426,134.4,0
11/26/2017 11:00,0.427,134.5,1
11/26/2017 12:00,0.436,135,5
11/26/2017 13:00,0.436,135.1,1
11/26/2017 14:00,0.436,135.2,1
11/26/2017 15:00,0.436,135.2,0
11/26/2017 16:00,0.436,135.2,0
11/26/2017 17:00,0.437,135.5,3
11/26/2017 18:00,0.436,135.5,0
11/26/2017 19:00,0.436,135.6,1
11/26/2017 20:00,0.437,135.8,2
11/26/2017 21:00,0.436,135.8,0
11/26/2017 22:00,0.436,135.8,0
11/26/2017 23:00,0.436,135.8,0
11/27/2017 0:00,0.435,136.5,7
11/27/2017 1:00,0.434,136.8,3
11/27/2017 2:00,0.433,136.9,1
11/27/2017 3:00,0.433,136.9,0
11/27/2017 4:00,0.434,136.9,0
11/27/2017 5:00,0.434,136.9,0
11/27/2017 6:00,0.434,136.9,0
11/27/2017 7:00,0.433,136.9,0
11/27/2017 8:00,0.433,136.9,0
11/27/2017 9:00,0.433,136.9,0
11/27/2017 10:00,0.433,136.9,0
11/27/2017 11:00,0.433,136.9,0
11/27/2017 12:00,0.432,136.9,0
11/27/2017 13:00,0.432,136.9,0
11/27/2017 14:00,0.433,136.9,0
11/27/2017 15:00,0.432,136.9,0
11/27/2017 16:00,0.433,136.9,0
11/27/2017 17:00,0.433,136.9,0
11/27/2017 18:00,0.433,136.9,0
11/27/2017 19:00,0.433,136.9,0
11/27/2017 20:00,0.433,136.9,0
11/27/2017 21:00,0.433,136.9,0
11/27/2017 22:00,0.433,136.9,0
11/27/2017 23:00,0.433,136.9,0
11/28/2017 0:00,0.432,136.9,0
11/28/2017 1:00,0.432,136.9,0
11/28/2017 2:00,0.432,136.9,0
11/28/2017 3:00,0.431,136.9,0
11/28/2017 4:00,0.429,136.9,0
11/28/2017 5:00,0.429,136.9,0
11/28/2017 6:00,0.428,136.9,0
11/28/2017 7:00,0.428,136.9,0
11/28/2017 8:00,0.427,136.9,0
11/28/2017 9:00,0.425,136.9,0
11/28/2017 10:00,0.423,136.9,0
11/28/2017 11:00,0.421,136.9,0
11/28/2017 12:00,0.421,136.9,0
11/28/2017 13:00,0.42,136.9,0
11/28/2017 14:00,0.419,136.9,0
11/28/2017 15:00,0.419,137,1
11/28/2017 16:00,0.419,137,0
11/28/2017 17:00,0.421,137,0
11/28/2017 18:00,0.42,137,0
11/28/2017 19:00,0.42,137,0
11/28/2017 20:00,0.419,137,0
11/28/2017 21:00,0.419,137,0
11/28/2017 22:00,0.419,137,0
11/28/2017 23:00,0.419,137,0
11/29/2017 0:00,0.417,137,0
11/29/2017 1:00,0.417,137,0
11/29/2017 2:00,0.416,137,0
11/29/2017 3:00,0.416,137,0
11/29/2017 4:00,0.416,137,0
11/29/2017 5:00,0.415,137,0
11/29/2017 6:00,0.415,137,0
11/29/2017 7:00,0.414,137,0
11/29/2017 8:00,0.414,137,0
11/29/2017 9:00,0.414,137,0
11/29/2017 10:00,0.413,137,0
11/29/2017 11:00,0.413,137,0
11/29/2017 12:00,0.412,137,0
11/29/2017 13:00,0.412,137,0
11/29/2017 14:00,0.412,137,0
11/29/2017 15:00,0.412,137,0
11/29/2017 16:00,0.412,137,0
11/29/2017 17:00,0.412,137,0
11/29/2017 18:00,0.412,137,0
11/29/2017 19:00,0.412,137,0
11/29/2017 20:00,0.412,137,0
11/29/2017 21:00,0.412,137,0
11/29/2017 22:00,0.411,137,0
11/29/2017 23:00,0.412,137,0
11/30/2017 0:00,0.411,137,0
11/30/2017 1:00,0.411,137,0
11/30/2017 2:00,0.41,137,0
11/30/2017 3:00,0.41,137,0
11/30/2017 4:00,0.41,137,0
11/30/2017 5:00,0.409,137,0
11/30/2017 6:00,0.408,137,0
11/30/2017 7:00,0.408,137,0
11/30/2017 8:00,0.408,137,0
11/30/2017 9:00,0.408,137,0
11/30/2017 10:00,0.407,137,0
11/30/2017 11:00,0.407,137,0
11/30/2017 12:00,0.407,137,0
11/30/2017 13:00,0.406,137,0
11/30/2017 14:00,0.407,137,0
11/30/2017 15:00,0.407,137,0
11/30/2017 16:00,0.407,137,0
11/30/2017 17:00,0.407,137,0
11/30/2017 18:00,0.407,137,0
11/30/2017 19:00,0.408,137,0
11/30/2017 20:00,0.408,137,0
11/30/2017 21:00,0.408,137,0
11/30/2017 22:00,0.407,137,0
11/30/2017 23:00,0.407,137,0
12/1/2017 0:00,0.407,137,0
12/1/2017 1:00,0.407,137,0
12/1/2017 2:00,0.407,137,0
12/1/2017 3:00,0.407,137,0
12/1/2017 4:00,0.406,137,0
12/1/2017 5:00,0.406,137,0
12/1/2017 6:00,0.406,137,0
12/1/2017 7:00,0.405,137,0
12/1/2017 8:00,0.405,137,0
12/1/2017 9:00,0.404,137,0
12/1/2017 10:00,0.404,137,0
12/1/2017 11:00,0.404,137,0
12/1/2017 12:00,0.404,137,0
12/1/2017 13:00,0.404,137,0
12/1/2017 14:00,0.404,137,0
12/1/2017 15:00,0.404,137,0
12/1/2017 16:00,0.404,137,0
12/1/2017 17:00,0.404,137,0
12/1/2017 18:00,0.405,137,0
12/1/2017 19:00,0.405,137,0
12/1/2017 20:00,0.404,137,0
12/1/2017 21:00,0.404,137,0
12/1/2017 22:00,0.405,137,0
12/1/2017 23:00,0.405,137,0
12/2/2017 0:00,0.404,137,0
12/2/2017 1:00,0.404,137,0
12/2/2017 2:00,0.404,137,0
12/2/2017 3:00,0.404,137,0
12/2/2017 4:00,0.403,137,0
12/2/2017 5:00,0.403,137,0
12/2/2017 6:00,0.403,137,0
12/2/2017 7:00,0.402,137,0
12/2/2017 8:00,0.402,137,0
12/2/2017 9:00,0.402,137,0
12/2/2017 10:00,0.402,137,0
12/2/2017 11:00,0.402,137,0
12/2/2017 12:00,0.402,137,0
12/2/2017 13:00,0.402,137,0
12/2/2017 14:00,0.402,137,0
12/2/2017 15:00,0.403,137.1,1
12/2/2017 16:00,0.403,137.1,0
12/2/2017 17:00,0.403,137.1,0
12/2/2017 18:00,0.404,137.1,0
12/2/2017 19:00,0.404,137.1,0
12/2/2017 20:00,0.405,137.2,1
12/2/2017 21:00,0.415,137.5,3
12/2/2017 22:00,0.426,137.8,3
12/2/2017 23:00,0.427,138.1,3
12/3/2017 0:00,0.427,138.2,1
12/3/2017 1:00,0.427,138.2,0
12/3/2017 2:00,0.427,138.2,0
12/3/2017 3:00,0.427,138.2,0
12/3/2017 4:00,0.427,138.3,1
12/3/2017 5:00,0.427,138.3,0
12/3/2017 6:00,0.427,138.3,0
12/3/2017 7:00,0.427,138.4,1
12/3/2017 8:00,0.427,138.4,0
12/3/2017 9:00,0.427,138.4,0
12/3/2017 10:00,0.427,138.4,0
12/3/2017 11:00,0.427,138.4,0
12/3/2017 12:00,0.427,138.4,0
12/3/2017 13:00,0.427,138.4,0
12/3/2017 14:00,0.427,138.4,0
12/3/2017 15:00,0.426,138.4,0
12/3/2017 16:00,0.427,138.4,0
12/3/2017 17:00,0.427,138.4,0
12/3/2017 18:00,0.427,138.4,0
12/3/2017 19:00,0.427,138.4,0
12/3/2017 20:00,0.428,138.4,0
12/3/2017 21:00,0.428,138.4,0
12/3/2017 22:00,0.425,138.4,0
12/3/2017 23:00,0.425,138.4,0
12/4/2017 0:00,0.423,138.4,0
12/4/2017 1:00,0.421,138.4,0
12/4/2017 2:00,0.419,138.4,0
12/4/2017 3:00,0.417,138.4,0
12/4/2017 4:00,0.416,138.4,0
12/4/2017 5:00,0.413,138.4,0
12/4/2017 6:00,0.413,138.4,0
12/4/2017 7:00,0.412,138.4,0
12/4/2017 8:00,0.41,138.4,0
12/4/2017 9:00,0.41,138.4,0
12/4/2017 10:00,0.409,138.4,0
12/4/2017 11:00,0.409,138.4,0
12/4/2017 12:00,0.408,138.4,0
12/4/2017 13:00,0.408,138.4,0
12/4/2017 14:00,0.407,138.4,0
12/4/2017 15:00,0.407,138.4,0
12/4/2017 16:00,0.407,138.4,0
12/4/2017 17:00,0.407,138.4,0
12/4/2017 18:00,0.407,138.4,0
12/4/2017 19:00,0.407,138.4,0
12/4/2017 20:00,0.406,138.4,0
12/4/2017 21:00,0.406,138.4,0
12/4/2017 22:00,0.406,138.4,0
12/4/2017 23:00,0.406,138.4,0
12/5/2017 0:00,0.405,138.4,0
12/5/2017 1:00,0.405,138.4,0
12/5/2017 2:00,0.406,138.4,0
12/5/2017 3:00,0.405,138.4,0
12/5/2017 4:00,0.404,138.4,0
12/5/2017 5:00,0.404,138.4,0
12/5/2017 6:00,0.404,138.4,0
12/5/2017 7:00,0.404,138.4,0
12/5/2017 8:00,0.404,138.4,0
12/5/2017 9:00,0.403,138.4,0
12/5/2017 10:00,0.403,138.4,0
12/5/2017 11:00,0.402,138.4,0
12/5/2017 12:00,0.403,138.4,0
12/5/2017 13:00,0.402,138.4,0
12/5/2017 14:00,0.402,138.4,0
12/5/2017 15:00,0.403,138.4,0
12/5/2017 16:00,0.403,138.4,0
12/5/2017 17:00,0.403,138.4,0
12/5/2017 18:00,0.403,138.4,0
12/5/2017 19:00,0.403,138.4,0
12/5/2017 20:00,0.404,138.4,0
12/5/2017 21:00,0.404,138.4,0
12/5/2017 22:00,0.403,138.4,0
12/5/2017 23:00,0.403,138.4,0
12/6/2017 0:00,0.403,138.4,0
12/6/2017 1:00,0.403,138.4,0
12/6/2017 2:00,0.403,138.4,0
12/6/2017 3:00,0.403,138.4,0
12/6/2017 4:00,0.402,138.4,0
12/6/2017 5:00,0.402,138.4,0
12/6/2017 6:00,0.402,138.4,0
12/6/2017 7:00,0.402,138.4,0
12/6/2017 8:00,0.402,138.4,0
12/6/2017 9:00,0.401,138.4,0
12/6/2017 10:00,0.401,138.4,0
12/6/2017 11:00,0.402,138.4,0
12/6/2017 12:00,0.401,138.4,0
12/6/2017 13:00,0.401,138.4,0
12/6/2017 14:00,0.401,138.4,0
12/6/2017 15:00,0.401,138.4,0
12/6/2017 16:00,0.401,138.4,0
12/6/2017 17:00,0.401,138.4,0
12/6/2017 18:00,0.402,138.4,0
12/6/2017 19:00,0.402,138.4,0
12/6/2017 20:00,0.402,138.4,0
12/6/2017 21:00,0.402,138.4,0
12/6/2017 22:00,0.402,138.4,0
12/6/2017 23:00,0.402,138.4,0
12/7/2017 0:00,0.402,138.4,0
12/7/2017 1:00,0.402,138.4,0
12/7/2017 2:00,0.402,138.4,0
12/7/2017 3:00,0.402,138.4,0
12/7/2017 4:00,0.401,138.4,0
12/7/2017 5:00,0.401,138.4,0
12/7/2017 6:00,0.401,138.4,0
12/7/2017 7:00,0.401,138.4,0
12/7/2017 8:00,0.4,138.4,0
12/7/2017 9:00,0.4,138.4,0
12/7/2017 10:00,0.4,138.4,0
12/7/2017 11:00,0.4,138.4,0
12/7/2017 12:00,0.4,138.4,0
12/7/2017 13:00,0.4,138.4,0
12/7/2017 14:00,0.4,138.4,0
12/7/2017 15:00,0.399,138.4,0
12/7/2017 16:00,0.4,138.4,0
12/7/2017 17:00,0.4,138.4,0
12/7/2017 18:00,0.401,138.4,0
12/7/2017 19:00,0.4,138.4,0
12/7/2017 20:00,0.401,138.4,0
12/7/2017 21:00,0.401,138.4,0
12/7/2017 22:00,0.401,138.4,0
12/7/2017 23:00,0.401,138.4,0
12/8/2017 0:00,0.401,138.4,0
12/8/2017 1:00,0.4,138.4,0
12/8/2017 2:00,0.4,138.4,0
12/8/2017 3:00,0.4,138.4,0
12/8/2017 4:00,0.4,138.4,0
12/8/2017 5:00,0.399,138.4,0
12/8/2017 6:00,0.399,138.4,0
12/8/2017 7:00,0.399,138.4,0
12/8/2017 8:00,0.399,138.4,0
12/8/2017 9:00,0.399,138.4,0
12/8/2017 10:00,0.398,138.4,0
12/8/2017 11:00,0.398,138.4,0
12/8/2017 12:00,0.398,138.4,0
12/8/2017 13:00,0.398,138.4,0
12/8/2017 14:00,0.398,138.4,0
12/8/2017 15:00,0.398,138.4,0
12/8/2017 16:00,0.398,138.4,0
12/8/2017 17:00,0.399,138.4,0
12/8/2017 18:00,0.399,138.4,0
12/8/2017 19:00,0.399,138.4,0
12/8/2017 20:00,0.4,138.4,0
12/8/2017 21:00,0.4,138.4,0
12/8/2017 22:00,0.4,138.4,0
12/8/2017 23:00,0.4,138.4,0
12/9/2017 0:00,0.399,138.4,0
12/9/2017 1:00,0.399,138.4,0
12/9/2017 2:00,0.399,138.4,0
12/9/2017 3:00,0.399,138.4,0
12/9/2017 4:00,0.398,138.4,0
12/9/2017 5:00,0.398,138.4,0
12/9/2017 6:00,0.398,138.4,0
12/9/2017 7:00,0.398,138.4,0
12/9/2017 8:00,0.398,138.4,0
12/9/2017 9:00,0.397,138.4,0
12/9/2017 10:00,0.397,138.4,0
12/9/2017 11:00,0.398,138.4,0
12/9/2017 12:00,0.397,138.4,0
12/9/2017 13:00,0.397,138.4,0
12/9/2017 14:00,0.397,138.4,0
12/9/2017 15:00,0.397,138.4,0
12/9/2017 16:00,0.397,138.4,0
12/9/2017 17:00,0.397,138.4,0
12/9/2017 18:00,0.398,138.4,0
12/9/2017 19:00,0.398,138.4,0
12/9/2017 20:00,0.398,138.4,0
12/9/2017 21:00,0.398,138.4,0
12/9/2017 22:00,0.398,138.4,0
12/9/2017 23:00,0.398,138.4,0
12/10/2017 0:00,0.398,138.4,0
12/10/2017 1:00,0.398,138.4,0
12/10/2017 2:00,0.398,138.4,0
12/10/2017 3:00,0.397,138.4,0
12/10/2017 4:00,0.397,138.4,0
12/10/2017 5:00,0.397,138.4,0
12/10/2017 6:00,0.397,138.4,0
12/10/2017 7:00,0.396,138.4,0
12/10/2017 8:00,0.396,138.4,0
12/10/2017 9:00,0.396,138.4,0
12/10/2017 10:00,0.396,138.4,0
12/10/2017 11:00,0.396,138.4,0
12/10/2017 12:00,0.395,138.4,0
12/10/2017 13:00,0.395,138.4,0
12/10/2017 14:00,0.395,138.4,0
12/10/2017 15:00,0.396,138.4,0
12/10/2017 16:00,0.396,138.4,0
12/10/2017 17:00,0.396,138.4,0
12/10/2017 18:00,0.396,138.4,0
12/10/2017 19:00,0.396,138.4,0
12/10/2017 20:00,0.396,138.4,0
12/10/2017 21:00,0.397,138.4,0
12/10/2017 22:00,0.396,138.4,0
12/10/2017 23:00,0.396,138.4,0
12/11/2017 0:00,0.396,138.4,0
12/11/2017 1:00,0.396,138.4,0
12/11/2017 2:00,0.396,138.4,0
12/11/2017 3:00,0.395,138.4,0
12/11/2017 4:00,0.395,138.4,0
12/11/2017 5:00,0.395,138.4,0
12/11/2017 6:00,0.395,138.4,0
12/11/2017 7:00,0.394,138.4,0
12/11/2017 8:00,0.394,138.4,0
12/11/2017 9:00,0.394,138.4,0
12/11/2017 10:00,0.394,138.4,0
12/11/2017 11:00,0.394,138.4,0
12/11/2017 12:00,0.393,138.4,0
12/11/2017 13:00,0.394,138.4,0
12/11/2017 14:00,0.394,138.4,0
12/11/2017 15:00,0.394,138.4,0
12/11/2017 16:00,0.394,138.4,0
12/11/2017 17:00,0.394,138.4,0
12/11/2017 18:00,0.394,138.4,0
12/11/2017 19:00,0.395,138.4,0
12/11/2017 20:00,0.395,138.4,0
12/11/2017 21:00,0.395,138.4,0
12/11/2017 22:00,0.395,138.4,0
12/11/2017 23:00,0.395,138.4,0
12/12/2017 0:00,0.394,138.4,0
12/12/2017 1:00,0.394,138.4,0
12/12/2017 2:00,0.394,138.4,0
12/12/2017 3:00,0.394,138.4,0
12/12/2017 4:00,0.394,138.4,0
12/12/2017 5:00,0.394,138.4,0
12/12/2017 6:00,0.393,138.4,0
12/12/2017 7:00,0.393,138.4,0
12/12/2017 8:00,0.392,138.4,0
12/12/2017 9:00,0.392,138.4,0
12/12/2017 10:00,0.392,138.4,0
12/12/2017 11:00,0.392,138.4,0
12/12/2017 12:00,0.393,138.4,0
12/12/2017 13:00,0.393,138.4,0
12/12/2017 14:00,0.393,138.4,0
12/12/2017 15:00,0.392,138.4,0
12/12/2017 16:00,0.393,138.4,0
12/12/2017 17:00,0.393,138.4,0
12/12/2017 18:00,0.393,138.4,0
12/12/2017 19:00,0.394,138.4,0
12/12/2017 20:00,0.394,138.4,0
12/12/2017 21:00,0.394,138.4,0
12/12/2017 22:00,0.394,138.4,0
12/12/2017 23:00,0.394,138.4,0
12/13/2017 0:00,0.394,138.4,0
12/13/2017 1:00,0.393,138.4,0
12/13/2017 2:00,0.393,138.4,0
12/13/2017 3:00,0.393,138.4,0
12/13/2017 4:00,0.393,138.4,0
12/13/2017 5:00,0.393,138.4,0
12/13/2017 6:00,0.392,138.4,0
12/13/2017 7:00,0.392,138.4,0
12/13/2017 8:00,0.392,138.4,0
12/13/2017 9:00,0.392,138.4,0
12/13/2017 10:00,0.392,138.4,0
12/13/2017 11:00,0.392,138.4,0
12/13/2017 12:00,0.392,138.4,0
12/13/2017 13:00,0.392,138.4,0
12/13/2017 14:00,0.392,138.4,0
12/13/2017 15:00,0.392,138.4,0
12/13/2017 16:00,0.392,138.4,0
12/13/2017 17:00,0.392,138.4,0
12/13/2017 18:00,0.393,138.4,0
12/13/2017 19:00,0.393,138.4,0
12/13/2017 20:00,0.394,138.4,0
12/13/2017 21:00,0.394,138.4,0
12/13/2017 22:00,0.394,138.4,0
12/13/2017 23:00,0.394,138.4,0
12/14/2017 0:00,0.394,138.4,0
12/14/2017 1:00,0.394,138.4,0
12/14/2017 2:00,0.394,138.4,0
12/14/2017 3:00,0.394,138.4,0
12/14/2017 4:00,0.394,138.4,0
12/14/2017 5:00,0.393,138.4,0
12/14/2017 6:00,0.393,138.4,0
12/14/2017 7:00,0.393,138.4,0
12/14/2017 8:00,0.393,138.4,0
12/14/2017 9:00,0.392,138.4,0
12/14/2017 10:00,0.392,138.4,0
12/14/2017 11:00,0.392,138.4,0
12/14/2017 12:00,0.393,138.4,0
12/14/2017 13:00,0.393,138.4,0
12/14/2017 14:00,0.392,138.4,0
12/14/2017 15:00,0.393,138.4,0
12/14/2017 16:00,0.393,138.4,0
12/14/2017 17:00,0.394,138.4,0
12/14/2017 18:00,0.394,138.4,0
12/14/2017 19:00,0.395,138.4,0
12/14/2017 20:00,0.395,138.4,0
12/14/2017 21:00,0.395,138.4,0
12/14/2017 22:00,0.395,138.4,0
12/14/2017 23:00,0.395,138.4,0
12/15/2017 0:00,0.395,138.4,0
12/15/2017 1:00,0.395,138.4,0
12/15/2017 2:00,0.395,138.4,0
12/15/2017 3:00,0.395,138.4,0
12/15/2017 4:00,0.394,138.4,0
12/15/2017 5:00,0.394,138.4,0
12/15/2017 6:00,0.394,138.4,0
12/15/2017 7:00,0.394,138.4,0
12/15/2017 8:00,0.394,138.4,0
12/15/2017 9:00,0.394,138.4,0
12/15/2017 10:00,0.394,138.4,0
12/15/2017 11:00,0.394,138.4,0
12/15/2017 12:00,0.394,138.4,0
12/15/2017 13:00,0.394,138.4,0
12/15/2017 14:00,0.394,138.4,0
12/15/2017 15:00,0.394,138.4,0
12/15/2017 16:00,0.394,138.4,0
12/15/2017 17:00,0.395,138.4,0
12/15/2017 18:00,0.395,138.4,0
12/15/2017 19:00,0.396,138.4,0
12/15/2017 20:00,0.396,138.4,0
12/15/2017 21:00,0.396,138.4,0
12/15/2017 22:00,0.396,138.4,0
12/15/2017 23:00,0.396,138.4,0
12/16/2017 0:00,0.396,138.4,0
12/16/2017 1:00,0.396,138.4,0
12/16/2017 2:00,0.396,138.4,0
12/16/2017 3:00,0.396,138.4,0
12/16/2017 4:00,0.396,138.4,0
12/16/2017 5:00,0.396,138.4,0
12/16/2017 6:00,0.395,138.4,0
12/16/2017 7:00,0.395,138.4,0
12/16/2017 8:00,0.394,138.4,0
12/16/2017 9:00,0.394,138.4,0
12/16/2017 10:00,0.394,138.4,0
12/16/2017 11:00,0.394,138.4,0
12/16/2017 12:00,0.394,138.4,0
12/16/2017 13:00,0.394,138.4,0
12/16/2017 14:00,0.394,138.4,0
12/16/2017 15:00,0.394,138.4,0
12/16/2017 16:00,0.394,138.4,0
12/16/2017 17:00,0.394,138.4,0
12/16/2017 18:00,0.394,138.4,0
12/16/2017 19:00,0.394,138.4,0
12/16/2017 20:00,0.394,138.4,0
12/16/2017 21:00,0.394,138.4,0
12/16/2017 22:00,0.394,138.4,0
12/16/2017 23:00,0.394,138.4,0
12/17/2017 0:00,0.394,138.4,0
12/17/2017 1:00,0.394,138.4,0
12/17/2017 2:00,0.394,138.4,0
12/17/2017 3:00,0.393,138.4,0
12/17/2017 4:00,0.393,138.4,0
12/17/2017 5:00,0.393,138.4,0
12/17/2017 6:00,0.392,138.4,0
12/17/2017 7:00,0.392,138.4,0
12/17/2017 8:00,0.392,138.4,0
12/17/2017 9:00,0.392,138.4,0
12/17/2017 10:00,0.392,138.4,0
12/17/2017 11:00,0.391,138.4,0
12/17/2017 12:00,0.391,138.4,0
12/17/2017 13:00,0.392,138.4,0
12/17/2017 14:00,0.391,138.4,0
12/17/2017 15:00,0.392,138.4,0
12/17/2017 16:00,0.392,138.4,0
12/17/2017 17:00,0.392,138.4,0
12/17/2017 18:00,0.392,138.4,0
12/17/2017 19:00,0.393,138.4,0
12/17/2017 20:00,0.393,138.4,0
12/17/2017 21:00,0.393,138.4,0
12/17/2017 22:00,0.393,138.4,0
12/17/2017 23:00,0.393,138.4,0
12/18/2017 0:00,0.392,138.4,0
12/18/2017 1:00,0.392,138.4,0
12/18/2017 2:00,0.393,138.4,0
12/18/2017 3:00,0.392,138.4,0
12/18/2017 4:00,0.392,138.4,0
12/18/2017 5:00,0.392,138.4,0
12/18/2017 6:00,0.392,138.4,0
12/18/2017 7:00,0.392,138.4,0
12/18/2017 8:00,0.392,138.4,0
12/18/2017 9:00,0.392,138.4,0
12/18/2017 10:00,0.391,138.4,0
12/18/2017 11:00,0.391,138.4,0
12/18/2017 12:00,0.391,138.4,0
12/18/2017 13:00,0.391,138.4,0
12/18/2017 14:00,0.391,138.4,0
12/18/2017 15:00,0.392,138.4,0
12/18/2017 16:00,0.391,138.4,0
12/18/2017 17:00,0.392,138.4,0
12/18/2017 18:00,0.392,138.4,0
12/18/2017 19:00,0.393,138.4,0
12/18/2017 20:00,0.393,138.4,0
12/18/2017 21:00,0.393,138.4,0
12/18/2017 22:00,0.393,138.4,0
12/18/2017 23:00,0.393,138.4,0
12/19/2017 0:00,0.392,138.4,0
12/19/2017 1:00,0.392,138.4,0
12/19/2017 2:00,0.392,138.4,0
12/19/2017 3:00,0.392,138.4,0
12/19/2017 4:00,0.392,138.4,0
12/19/2017 5:00,0.392,138.4,0
12/19/2017 6:00,0.392,138.4,0
12/19/2017 7:00,0.392,138.4,0
12/19/2017 8:00,0.392,138.4,0
12/19/2017 9:00,0.391,138.4,0
12/19/2017 10:00,0.392,138.4,0
12/19/2017 11:00,0.392,138.4,0
12/19/2017 12:00,0.392,138.4,0
12/19/2017 13:00,0.392,138.4,0
12/19/2017 14:00,0.392,138.4,0
12/19/2017 15:00,0.393,138.4,0
12/19/2017 16:00,0.393,138.4,0
12/19/2017 17:00,0.393,138.4,0
12/19/2017 18:00,0.393,138.4,0
12/19/2017 19:00,0.394,138.4,0
12/19/2017 20:00,0.394,138.5,1
12/19/2017 21:00,0.403,138.9,4
12/19/2017 22:00,0.411,139.3,4
12/19/2017 23:00,0.412,139.5,2
12/20/2017 0:00,0.414,139.6,1
12/20/2017 1:00,0.414,139.7,1
12/20/2017 2:00,0.414,139.7,0
12/20/2017 3:00,0.414,139.7,0
12/20/2017 4:00,0.413,139.7,0
12/20/2017 5:00,0.413,139.7,0
12/20/2017 6:00,0.411,139.7,0
12/20/2017 7:00,0.412,139.8,1
12/20/2017 8:00,0.412,139.8,0
12/20/2017 9:00,0.412,139.9,1
12/20/2017 10:00,0.411,139.9,0
12/20/2017 11:00,0.411,139.9,0
12/20/2017 12:00,0.41,139.9,0
12/20/2017 13:00,0.409,139.9,0
12/20/2017 14:00,0.408,139.9,0
12/20/2017 15:00,0.408,139.9,0
12/20/2017 16:00,0.407,139.9,0
12/20/2017 17:00,0.407,139.9,0
12/20/2017 18:00,0.406,139.9,0
12/20/2017 19:00,0.406,139.9,0
12/20/2017 20:00,0.406,139.9,0
12/20/2017 21:00,0.405,139.9,0
12/20/2017 22:00,0.405,139.9,0
12/20/2017 23:00,0.404,139.9,0
12/21/2017 0:00,0.404,139.9,0
12/21/2017 1:00,0.403,139.9,0
12/21/2017 2:00,0.402,139.9,0
12/21/2017 3:00,0.402,139.9,0
12/21/2017 4:00,0.401,139.9,0
12/21/2017 5:00,0.401,139.9,0
12/21/2017 6:00,0.4,139.9,0
12/21/2017 7:00,0.4,139.9,0
12/21/2017 8:00,0.399,139.9,0
12/21/2017 9:00,0.399,139.9,0
12/21/2017 10:00,0.398,139.9,0
12/21/2017 11:00,0.398,139.9,0
12/21/2017 12:00,0.398,139.9,0
12/21/2017 13:00,0.398,139.9,0
12/21/2017 14:00,0.398,139.9,0
12/21/2017 15:00,0.398,139.9,0
12/21/2017 16:00,0.398,139.9,0
12/21/2017 17:00,0.398,139.9,0
12/21/2017 18:00,0.398,139.9,0
12/21/2017 19:00,0.398,139.9,0
12/21/2017 20:00,0.398,139.9,0
12/21/2017 21:00,0.398,139.9,0
12/21/2017 22:00,0.398,139.9,0
12/21/2017 23:00,0.398,139.9,0
12/22/2017 0:00,0.398,139.9,0
12/22/2017 1:00,0.397,139.9,0
12/22/2017 2:00,0.397,139.9,0
12/22/2017 3:00,0.396,139.9,0
12/22/2017 4:00,0.396,139.9,0
12/22/2017 5:00,0.396,139.9,0
12/22/2017 6:00,0.396,139.9,0
12/22/2017 7:00,0.396,139.9,0
12/22/2017 8:00,0.396,139.9,0
12/22/2017 9:00,0.396,139.9,0
12/22/2017 10:00,0.396,139.9,0
12/22/2017 11:00,0.396,139.9,0
12/22/2017 12:00,0.396,139.9,0
12/22/2017 13:00,0.396,139.9,0
12/22/2017 14:00,0.396,139.9,0
12/22/2017 15:00,0.396,139.9,0
12/22/2017 16:00,0.397,139.9,0
12/22/2017 17:00,0.396,139.9,0
12/22/2017 18:00,0.397,139.9,0
12/22/2017 19:00,0.397,139.9,0
12/22/2017 20:00,0.397,139.9,0
12/22/2017 21:00,0.397,139.9,0
12/22/2017 22:00,0.397,139.9,0
12/22/2017 23:00,0.398,139.9,0
12/23/2017 0:00,0.397,139.9,0
12/23/2017 1:00,0.398,139.9,0
12/23/2017 2:00,0.397,139.9,0
12/23/2017 3:00,0.397,139.9,0
12/23/2017 4:00,0.398,139.9,0
12/23/2017 5:00,0.398,139.9,0
12/23/2017 6:00,0.398,139.9,0
12/23/2017 7:00,0.398,139.9,0
12/23/2017 8:00,0.398,139.9,0
12/23/2017 9:00,0.397,139.9,0
12/23/2017 10:00,0.397,139.9,0
12/23/2017 11:00,0.397,139.9,0
12/23/2017 12:00,0.397,139.9,0
12/23/2017 13:00,0.397,139.9,0
12/23/2017 14:00,0.397,139.9,0
12/23/2017 15:00,0.397,139.9,0
12/23/2017 16:00,0.397,139.9,0
12/23/2017 17:00,0.398,139.9,0
12/23/2017 18:00,0.398,139.9,0
12/23/2017 19:00,0.398,139.9,0
12/23/2017 20:00,0.398,139.9,0
12/23/2017 21:00,0.398,139.9,0
12/23/2017 22:00,0.398,139.9,0
12/23/2017 23:00,0.398,139.9,0
12/24/2017 0:00,0.398,139.9,0
12/24/2017 1:00,0.398,139.9,0
12/24/2017 2:00,0.398,139.9,0
12/24/2017 3:00,0.398,139.9,0
12/24/2017 4:00,0.398,139.9,0
12/24/2017 5:00,0.398,139.9,0
12/24/2017 6:00,0.397,139.9,0
12/24/2017 7:00,0.398,139.9,0
12/24/2017 8:00,0.397,139.9,0
12/24/2017 9:00,0.397,139.9,0
12/24/2017 10:00,0.397,139.9,0
12/24/2017 11:00,0.397,139.9,0
12/24/2017 12:00,0.397,139.9,0
12/24/2017 13:00,0.398,139.9,0
12/24/2017 14:00,0.398,139.9,0
12/24/2017 15:00,0.398,139.9,0
12/24/2017 16:00,0.398,139.9,0
12/24/2017 17:00,0.398,139.9,0
12/24/2017 18:00,0.398,139.9,0
12/24/2017 19:00,0.399,139.9,0
12/24/2017 20:00,0.399,139.9,0
12/24/2017 21:00,0.398,139.9,0
12/24/2017 22:00,0.398,139.9,0
12/24/2017 23:00,0.398,139.9,0
12/25/2017 0:00,0.398,139.9,0
12/25/2017 1:00,0.398,139.9,0
12/25/2017 2:00,0.398,139.9,0
12/25/2017 3:00,0.398,139.9,0
12/25/2017 4:00,0.398,139.9,0
12/25/2017 5:00,0.398,139.9,0
12/25/2017 6:00,0.398,139.9,0
12/25/2017 7:00,0.398,139.9,0
12/25/2017 8:00,0.398,139.9,0
12/25/2017 9:00,0.398,139.9,0
12/25/2017 10:00,0.398,139.9,0
12/25/2017 11:00,0.398,139.9,0
12/25/2017 12:00,0.398,139.9,0
12/25/2017 13:00,0.398,139.9,0
12/25/2017 14:00,0.399,139.9,0
12/25/2017 15:00,0.399,139.9,0
12/25/2017 16:00,0.399,139.9,0
12/25/2017 17:00,0.4,139.9,0
12/25/2017 18:00,0.4,139.9,0
12/25/2017 19:00,0.4,139.9,0
12/25/2017 20:00,0.401,139.9,0
12/25/2017 21:00,0.401,139.9,0
12/25/2017 22:00,0.4,139.9,0
12/25/2017 23:00,0.4,139.9,0
12/26/2017 0:00,0.4,139.9,0
12/26/2017 1:00,0.4,139.9,0
12/26/2017 2:00,0.4,139.9,0
12/26/2017 3:00,0.399,139.9,0
12/26/2017 4:00,0.399,139.9,0
12/26/2017 5:00,0.399,139.9,0
12/26/2017 6:00,0.399,139.9,0
12/26/2017 7:00,0.399,139.9,0
12/26/2017 8:00,0.398,139.9,0
12/26/2017 9:00,0.398,139.9,0
12/26/2017 10:00,0.398,139.9,0
12/26/2017 11:00,0.398,139.9,0
12/26/2017 12:00,0.398,139.9,0
12/26/2017 13:00,0.398,139.9,0
12/26/2017 14:00,0.398,139.9,0
12/26/2017 15:00,0.397,139.9,0
12/26/2017 16:00,0.398,139.9,0
12/26/2017 17:00,0.398,139.9,0
12/26/2017 18:00,0.398,139.9,0
12/26/2017 19:00,0.398,139.9,0
12/26/2017 20:00,0.398,139.9,0
12/26/2017 21:00,0.398,139.9,0
12/26/2017 22:00,0.398,139.9,0
12/26/2017 23:00,0.398,139.9,0
12/27/2017 0:00,0.398,139.9,0
12/27/2017 1:00,0.398,139.9,0
12/27/2017 2:00,0.397,139.9,0
12/27/2017 3:00,0.398,139.9,0
12/27/2017 4:00,0.398,139.9,0
12/27/2017 5:00,0.398,139.9,0
12/27/2017 6:00,0.397,139.9,0
12/27/2017 7:00,0.397,139.9,0
12/27/2017 8:00,0.397,139.9,0
12/27/2017 9:00,0.396,139.9,0
12/27/2017 10:00,0.396,139.9,0
12/27/2017 11:00,0.396,139.9,0
12/27/2017 12:00,0.396,139.9,0
12/27/2017 13:00,0.396,139.9,0
12/27/2017 14:00,0.396,139.9,0
12/27/2017 15:00,0.396,139.9,0
12/27/2017 16:00,0.397,139.9,0
12/27/2017 17:00,0.397,139.9,0
12/27/2017 18:00,0.397,139.9,0
12/27/2017 19:00,0.397,139.9,0
12/27/2017 20:00,0.398,139.9,0
12/27/2017 21:00,0.398,139.9,0
12/27/2017 22:00,0.398,139.9,0
12/27/2017 23:00,0.398,139.9,0
12/28/2017 0:00,0.398,139.9,0
12/28/2017 1:00,0.398,139.9,0
12/28/2017 2:00,0.397,139.9,0
12/28/2017 3:00,0.397,139.9,0
12/28/2017 4:00,0.397,139.9,0
12/28/2017 5:00,0.397,139.9,0
12/28/2017 6:00,0.397,139.9,0
12/28/2017 7:00,0.396,139.9,0
12/28/2017 8:00,0.396,139.9,0
12/28/2017 9:00,0.396,139.9,0
12/28/2017 10:00,0.396,139.9,0
12/28/2017 11:00,0.396,139.9,0
12/28/2017 12:00,0.396,139.9,0
12/28/2017 13:00,0.396,139.9,0
12/28/2017 14:00,0.396,139.9,0
12/28/2017 15:00,0.396,139.9,0
12/28/2017 16:00,0.396,139.9,0
12/28/2017 17:00,0.396,139.9,0
12/28/2017 18:00,0.396,139.9,0
12/28/2017 19:00,0.397,139.9,0
12/28/2017 20:00,0.397,139.9,0
12/28/2017 21:00,0.397,139.9,0
12/28/2017 22:00,0.397,139.9,0
12/28/2017 23:00,0.396,139.9,0
12/29/2017 0:00,0.396,139.9,0
12/29/2017 1:00,0.396,139.9,0
12/29/2017 2:00,0.396,139.9,0
12/29/2017 3:00,0.396,139.9,0
12/29/2017 4:00,0.396,139.9,0
12/29/2017 5:00,0.395,139.9,0
12/29/2017 6:00,0.395,139.9,0
12/29/2017 7:00,0.395,139.9,0
12/29/2017 8:00,0.394,139.9,0
12/29/2017 9:00,0.394,139.9,0
12/29/2017 10:00,0.394,139.9,0
12/29/2017 11:00,0.394,139.9,0
12/29/2017 12:00,0.394,139.9,0
12/29/2017 13:00,0.394,139.9,0
12/29/2017 14:00,0.394,140,1
12/29/2017 15:00,0.394,140,0
12/29/2017 16:00,0.395,140,0
12/29/2017 17:00,0.395,140,0
12/29/2017 18:00,0.395,140,0
12/29/2017 19:00,0.395,140,0
12/29/2017 20:00,0.396,140,0
12/29/2017 21:00,0.396,140,0
12/29/2017 22:00,0.396,140,0
12/29/2017 23:00,0.396,140,0
12/30/2017 0:00,0.396,140,0
12/30/2017 1:00,0.395,140,0
12/30/2017 2:00,0.395,140,0
12/30/2017 3:00,0.395,140,0
12/30/2017 4:00,0.395,140,0
12/30/2017 5:00,0.394,140,0
12/30/2017 6:00,0.394,140,0
12/30/2017 7:00,0.394,140,0
12/30/2017 8:00,0.394,140,0
12/30/2017 9:00,0.394,140,0
12/30/2017 10:00,0.394,140,0
12/30/2017 11:00,0.394,140,0
12/30/2017 12:00,0.394,140,0
12/30/2017 13:00,0.395,140,0
12/30/2017 14:00,0.394,140,0
12/30/2017 15:00,0.395,140,0
12/30/2017 16:00,0.396,140,0
12/30/2017 17:00,0.396,140,0
12/30/2017 18:00,0.396,140,0
12/30/2017 19:00,0.396,140,0
12/30/2017 20:00,0.396,140,0
12/30/2017 21:00,0.396,140,0
12/30/2017 22:00,0.397,140,0
12/30/2017 23:00,0.397,140,0
12/31/2017 0:00,0.397,140,0
12/31/2017 1:00,0.396,140,0
12/31/2017 2:00,0.396,140,0
12/31/2017 3:00,0.396,140,0
12/31/2017 4:00,0.396,140,0
12/31/2017 5:00,0.396,140,0
12/31/2017 6:00,0.396,140,0
12/31/2017 7:00,0.396,140,0
12/31/2017 8:00,0.396,140,0
12/31/2017 9:00,0.395,140,0
12/31/2017 10:00,0.395,140,0
12/31/2017 11:00,0.395,140,0
12/31/2017 12:00,0.396,140,0
12/31/2017 13:00,0.396,140,0
12/31/2017 14:00,0.396,140,0
12/31/2017 15:00,0.396,140,0
12/31/2017 16:00,0.396,140,0
12/31/2017 17:00,0.397,140,0
12/31/2017 18:00,0.397,140,0
12/31/2017 19:00,0.397,140,0
12/31/2017 20:00,0.397,140,0
12/31/2017 21:00,0.398,140,0
12/31/2017 22:00,0.398,140,0
12/31/2017 23:00,0.398,140,0
1/1/2018 0:00,0.398,140,0
1/1/2018 1:00,0.398,140,0
1/1/2018 2:00,0.398,140,0
1/1/2018 3:00,0.398,140,0
1/1/2018 4:00,0.398,140,0
1/1/2018 5:00,0.397,140,0
1/1/2018 6:00,0.397,140,0
1/1/2018 7:00,0.397,140,0
1/1/2018 8:00,0.397,140,0
1/1/2018 9:00,0.397,140,0
1/1/2018 10:00,0.396,140,0
1/1/2018 11:00,0.396,140,0
1/1/2018 12:00,0.396,140,0
1/1/2018 13:00,0.396,140,0
1/1/2018 14:00,0.396,140,0
1/1/2018 15:00,0.396,140,0
1/1/2018 16:00,0.396,140,0
1/1/2018 17:00,0.397,140,0
1/1/2018 18:00,0.397,140,0
1/1/2018 19:00,0.397,140,0
1/1/2018 20:00,0.397,140,0
1/1/2018 21:00,0.398,140,0
1/1/2018 22:00,0.398,140,0
1/1/2018 23:00,0.397,140,0
1/2/2018 0:00,0.397,140,0
1/2/2018 1:00,0.397,140,0
1/2/2018 2:00,0.396,140,0
1/2/2018 3:00,0.396,140,0
1/2/2018 4:00,0.396,140,0
1/2/2018 5:00,0.396,140,0
1/2/2018 6:00,0.396,140,0
1/2/2018 7:00,0.396,140,0
1/2/2018 8:00,0.396,140,0
1/2/2018 9:00,0.395,140,0
1/2/2018 10:00,0.395,140,0
1/2/2018 11:00,0.395,140,0
1/2/2018 12:00,0.396,140,0
1/2/2018 13:00,0.396,140,0
1/2/2018 14:00,0.396,140,0
1/2/2018 15:00,0.396,140,0
1/2/2018 16:00,0.397,140,0
1/2/2018 17:00,0.397,140,0
1/2/2018 18:00,0.398,140,0
1/2/2018 19:00,0.398,140,0
1/2/2018 20:00,0.398,140,0
1/2/2018 21:00,0.398,140,0
1/2/2018 22:00,0.398,140,0
1/2/2018 23:00,0.398,140,0
1/3/2018 0:00,0.398,140,0
1/3/2018 1:00,0.398,140,0
1/3/2018 2:00,0.398,140,0
1/3/2018 3:00,0.398,140,0
1/3/2018 4:00,0.398,140,0
1/3/2018 5:00,0.398,140,0
1/3/2018 6:00,0.398,140,0
1/3/2018 7:00,0.398,140,0
1/3/2018 8:00,0.398,140,0
1/3/2018 9:00,0.398,140,0
1/3/2018 10:00,0.399,140,0
1/3/2018 11:00,0.399,140,0
1/3/2018 12:00,0.398,140,0
1/3/2018 13:00,0.398,140,0
1/3/2018 14:00,0.399,140,0
1/3/2018 15:00,0.399,140,0
1/3/2018 16:00,0.4,140,0
1/3/2018 17:00,0.4,140,0
1/3/2018 18:00,0.4,140,0
1/3/2018 19:00,0.4,140,0
1/3/2018 20:00,0.4,140,0
1/3/2018 21:00,0.4,140,0
1/3/2018 22:00,0.4,140,0
1/3/2018 23:00,0.4,140,0
1/4/2018 0:00,0.401,140,0
1/4/2018 1:00,0.402,140.1,1
1/4/2018 2:00,0.403,140.1,0
1/4/2018 3:00,0.402,140.1,0
1/4/2018 4:00,0.402,140.1,0
1/4/2018 5:00,0.402,140.1,0
1/4/2018 6:00,0.402,140.1,0
1/4/2018 7:00,0.402,140.1,0
1/4/2018 8:00,0.402,140.1,0
1/4/2018 9:00,0.402,140.1,0
1/4/2018 10:00,0.402,140.1,0
1/4/2018 11:00,0.402,140.1,0
1/4/2018 12:00,0.402,140.1,0
1/4/2018 13:00,0.403,140.1,0
1/4/2018 14:00,0.402,140.1,0
1/4/2018 15:00,0.403,140.1,0
1/4/2018 16:00,0.403,140.1,0
1/4/2018 17:00,0.404,140.1,0
1/4/2018 18:00,0.404,140.1,0
1/4/2018 19:00,0.405,140.1,0
1/4/2018 20:00,0.405,140.1,0
1/4/2018 21:00,0.406,140.1,0
1/4/2018 22:00,0.406,140.1,0
1/4/2018 23:00,0.406,140.1,0
1/5/2018 0:00,0.406,140.1,0
1/5/2018 1:00,0.406,140.2,1
1/5/2018 2:00,0.406,140.2,0
1/5/2018 3:00,0.406,140.2,0
1/5/2018 4:00,0.408,140.4,2
1/5/2018 5:00,0.412,140.6,2
1/5/2018 6:00,0.415,140.7,1
1/5/2018 7:00,0.415,140.9,2
1/5/2018 8:00,0.431,141.5,6
1/5/2018 9:00,0.431,141.5,0
1/5/2018 10:00,0.431,141.6,1
1/5/2018 11:00,0.431,141.6,0
1/5/2018 12:00,0.431,141.6,0
1/5/2018 13:00,0.431,141.6,0
1/5/2018 14:00,0.432,141.6,0
1/5/2018 15:00,0.433,141.6,0
1/5/2018 16:00,0.433,141.6,0
1/5/2018 17:00,0.431,141.6,0
1/5/2018 18:00,0.429,141.6,0
1/5/2018 19:00,0.428,141.6,0
1/5/2018 20:00,0.425,141.6,0
1/5/2018 21:00,0.423,141.6,0
1/5/2018 22:00,0.421,141.6,0
1/5/2018 23:00,0.42,141.6,0
1/6/2018 0:00,0.419,141.6,0
1/6/2018 1:00,0.419,141.6,0
1/6/2018 2:00,0.419,141.6,0
1/6/2018 3:00,0.418,141.6,0
1/6/2018 4:00,0.418,141.6,0
1/6/2018 5:00,0.417,141.6,0
1/6/2018 6:00,0.417,141.6,0
1/6/2018 7:00,0.417,141.6,0
1/6/2018 8:00,0.417,141.6,0
1/6/2018 9:00,0.417,141.6,0
1/6/2018 10:00,0.417,141.6,0
1/6/2018 11:00,0.416,141.6,0
1/6/2018 12:00,0.417,141.6,0
1/6/2018 13:00,0.417,141.6,0
1/6/2018 14:00,0.416,141.6,0
1/6/2018 15:00,0.416,141.6,0
1/6/2018 16:00,0.416,141.6,0
1/6/2018 17:00,0.417,141.6,0
1/6/2018 18:00,0.417,141.6,0
1/6/2018 19:00,0.417,141.6,0
1/6/2018 20:00,0.416,141.6,0
1/6/2018 21:00,0.416,141.6,0
1/6/2018 22:00,0.415,141.6,0
1/6/2018 23:00,0.415,141.6,0
1/7/2018 0:00,0.415,141.6,0
1/7/2018 1:00,0.414,141.6,0
1/7/2018 2:00,0.414,141.6,0
1/7/2018 3:00,0.413,141.6,0
1/7/2018 4:00,0.413,141.6,0
1/7/2018 5:00,0.413,141.6,0
1/7/2018 6:00,0.413,141.6,0
1/7/2018 7:00,0.412,141.6,0
1/7/2018 8:00,0.412,141.6,0
1/7/2018 9:00,0.412,141.6,0
1/7/2018 10:00,0.412,141.6,0
1/7/2018 11:00,0.412,141.6,0
1/7/2018 12:00,0.412,141.6,0
1/7/2018 13:00,0.411,141.6,0
1/7/2018 14:00,0.411,141.6,0
1/7/2018 15:00,0.411,141.6,0
1/7/2018 16:00,0.411,141.6,0
1/7/2018 17:00,0.412,141.6,0
1/7/2018 18:00,0.412,141.6,0
1/7/2018 19:00,0.412,141.6,0
1/7/2018 20:00,0.412,141.6,0
1/7/2018 21:00,0.412,141.6,0
1/7/2018 22:00,0.412,141.6,0
1/7/2018 23:00,0.411,141.6,0
1/8/2018 0:00,0.411,141.6,0
1/8/2018 1:00,0.411,141.6,0
1/8/2018 2:00,0.411,141.6,0
1/8/2018 3:00,0.411,141.6,0
1/8/2018 4:00,0.412,141.6,0
1/8/2018 5:00,0.412,141.7,1
1/8/2018 6:00,0.412,141.7,0
1/8/2018 7:00,0.419,142,3
1/8/2018 8:00,0.429,142.2,2
1/8/2018 9:00,0.429,142.4,2
1/8/2018 10:00,0.43,142.8,4
1/8/2018 11:00,0.43,142.9,1
1/8/2018 12:00,0.43,143.1,2
1/8/2018 13:00,0.43,143.2,1
1/8/2018 14:00,0.43,143.2,0
1/8/2018 15:00,0.431,143.4,2
1/8/2018 16:00,0.431,143.4,0
1/8/2018 17:00,0.431,143.6,2
1/8/2018 18:00,0.431,143.7,1
1/8/2018 19:00,0.431,143.8,1
1/8/2018 20:00,0.431,143.9,1
1/8/2018 21:00,0.431,144,1
1/8/2018 22:00,0.432,144.1,1
1/8/2018 23:00,0.432,144.3,2
1/9/2018 0:00,0.432,144.3,0
1/9/2018 1:00,0.432,144.3,0
1/9/2018 2:00,0.432,144.3,0
1/9/2018 3:00,0.432,144.3,0
1/9/2018 4:00,0.432,144.3,0
1/9/2018 5:00,0.432,144.5,2
1/9/2018 6:00,0.432,144.6,1
1/9/2018 7:00,0.432,144.7,1
1/9/2018 8:00,0.432,144.7,0
1/9/2018 9:00,0.432,144.7,0
1/9/2018 10:00,0.432,144.8,1
1/9/2018 11:00,0.432,144.8,0
1/9/2018 12:00,0.433,144.8,0
1/9/2018 13:00,0.433,144.8,0
1/9/2018 14:00,0.433,144.8,0
1/9/2018 15:00,0.433,144.8,0
1/9/2018 16:00,0.433,144.8,0
1/9/2018 17:00,0.434,144.8,0
1/9/2018 18:00,0.434,144.8,0
1/9/2018 19:00,0.434,144.8,0
1/9/2018 20:00,0.434,144.8,0
1/9/2018 21:00,0.434,144.8,0
1/9/2018 22:00,0.434,144.8,0
1/9/2018 23:00,0.433,144.8,0
1/10/2018 0:00,0.433,144.8,0
1/10/2018 1:00,0.433,144.8,0
1/10/2018 2:00,0.433,144.8,0
1/10/2018 3:00,0.433,144.8,0
1/10/2018 4:00,0.433,144.8,0
1/10/2018 5:00,0.432,144.8,0
1/10/2018 6:00,0.432,144.8,0
1/10/2018 7:00,0.432,144.9,1
1/10/2018 8:00,0.432,145,1
1/10/2018 9:00,0.432,145,0
1/10/2018 10:00,0.431,145.1,1
1/10/2018 11:00,0.432,145.1,0
1/10/2018 12:00,0.432,145.2,1
1/10/2018 13:00,0.432,145.2,0
1/10/2018 14:00,0.433,145.2,0
1/10/2018 15:00,0.433,145.2,0
1/10/2018 16:00,0.433,145.2,0
1/10/2018 17:00,0.433,145.2,0
1/10/2018 18:00,0.434,145.2,0
1/10/2018 19:00,0.435,145.2,0
1/10/2018 20:00,0.434,145.2,0
1/10/2018 21:00,0.434,145.2,0
1/10/2018 22:00,0.434,145.2,0
1/10/2018 23:00,0.434,145.2,0
1/11/2018 0:00,0.434,145.2,0
1/11/2018 1:00,0.434,145.2,0
1/11/2018 2:00,0.434,145.2,0
1/11/2018 3:00,0.434,145.2,0
1/11/2018 4:00,0.433,145.2,0
1/11/2018 5:00,0.433,145.2,0
1/11/2018 6:00,0.433,145.2,0
1/11/2018 7:00,0.433,145.2,0
1/11/2018 8:00,0.433,145.2,0
1/11/2018 9:00,0.432,145.2,0
1/11/2018 10:00,0.431,145.2,0
1/11/2018 11:00,0.432,145.2,0
1/11/2018 12:00,0.432,145.2,0
1/11/2018 13:00,0.432,145.2,0
1/11/2018 14:00,0.433,145.2,0
1/11/2018 15:00,0.433,145.3,1
1/11/2018 16:00,0.433,145.4,1
1/11/2018 17:00,0.433,145.4,0
1/11/2018 18:00,0.434,145.4,0
1/11/2018 19:00,0.434,145.5,1
1/11/2018 20:00,0.435,145.5,0
1/11/2018 21:00,0.435,145.5,0
1/11/2018 22:00,0.435,145.6,1
1/11/2018 23:00,0.435,145.8,2
1/12/2018 0:00,0.435,145.9,1
1/12/2018 1:00,0.436,145.9,0
1/12/2018 2:00,0.435,145.9,0
1/12/2018 3:00,0.435,145.9,0
1/12/2018 4:00,0.435,145.9,0
1/12/2018 5:00,0.435,145.9,0
1/12/2018 6:00,0.435,145.9,0
1/12/2018 7:00,0.435,145.9,0
1/12/2018 8:00,0.435,145.9,0
1/12/2018 9:00,0.435,145.9,0
1/12/2018 10:00,0.435,145.9,0
1/12/2018 11:00,0.435,145.9,0
1/12/2018 12:00,0.435,145.9,0
1/12/2018 13:00,0.435,145.9,0
1/12/2018 14:00,0.435,145.9,0
1/12/2018 15:00,0.435,145.9,0
1/12/2018 16:00,0.435,145.9,0
1/12/2018 17:00,0.436,145.9,0
1/12/2018 18:00,0.436,145.9,0
1/12/2018 19:00,0.436,145.9,0
1/12/2018 20:00,0.437,145.9,0
1/12/2018 21:00,0.436,145.9,0
1/12/2018 22:00,0.436,145.9,0
1/12/2018 23:00,0.436,145.9,0
1/13/2018 0:00,0.436,145.9,0
1/13/2018 1:00,0.436,145.9,0
1/13/2018 2:00,0.435,145.9,0
1/13/2018 3:00,0.435,145.9,0
1/13/2018 4:00,0.435,145.9,0
1/13/2018 5:00,0.435,145.9,0
1/13/2018 6:00,0.433,145.9,0
1/13/2018 7:00,0.433,145.9,0
1/13/2018 8:00,0.432,146,1
1/13/2018 9:00,0.431,146,0
1/13/2018 10:00,0.431,146,0
1/13/2018 11:00,0.43,146,0
1/13/2018 12:00,0.429,146,0
1/13/2018 13:00,0.429,146,0
1/13/2018 14:00,0.429,146,0
1/13/2018 15:00,0.428,146,0
1/13/2018 16:00,0.426,146,0
1/13/2018 17:00,0.426,146,0
1/13/2018 18:00,0.427,146,0
1/13/2018 19:00,0.427,146,0
1/13/2018 20:00,0.426,146,0
1/13/2018 21:00,0.426,146,0
1/13/2018 22:00,0.425,146,0
1/13/2018 23:00,0.425,146,0
1/14/2018 0:00,0.424,146,0
1/14/2018 1:00,0.424,146,0
1/14/2018 2:00,0.423,146,0
1/14/2018 3:00,0.423,146,0
1/14/2018 4:00,0.423,146,0
1/14/2018 5:00,0.422,146,0
1/14/2018 6:00,0.422,146,0
1/14/2018 7:00,0.421,146,0
1/14/2018 8:00,0.421,146,0
1/14/2018 9:00,0.42,146,0
1/14/2018 10:00,0.42,146,0
1/14/2018 11:00,0.419,146,0
1/14/2018 12:00,0.42,146,0
1/14/2018 13:00,0.42,146,0
1/14/2018 14:00,0.42,146,0
1/14/2018 15:00,0.42,146,0
1/14/2018 16:00,0.421,146,0
1/14/2018 17:00,0.421,146,0
1/14/2018 18:00,0.421,146,0
1/14/2018 19:00,0.421,146,0
1/14/2018 20:00,0.421,146,0
1/14/2018 21:00,0.422,146,0
1/14/2018 22:00,0.422,146,0
1/14/2018 23:00,0.421,146,0
1/15/2018 0:00,0.421,146,0
1/15/2018 1:00,0.421,146,0
1/15/2018 2:00,0.421,146,0
1/15/2018 3:00,0.42,146,0
1/15/2018 4:00,0.42,146,0
1/15/2018 5:00,0.42,146,0
1/15/2018 6:00,0.419,146,0
1/15/2018 7:00,0.419,146,0
1/15/2018 8:00,0.419,146,0
1/15/2018 9:00,0.419,146,0
1/15/2018 10:00,0.419,146,0
1/15/2018 11:00,0.419,146,0
1/15/2018 12:00,0.419,146,0
1/15/2018 13:00,0.419,146.2,2
1/15/2018 14:00,0.433,146.5,3
1/15/2018 15:00,0.433,146.6,1
1/15/2018 16:00,0.434,146.6,0
1/15/2018 17:00,0.434,146.6,0
1/15/2018 18:00,0.434,146.6,0
1/15/2018 19:00,0.434,146.6,0
1/15/2018 20:00,0.435,146.6,0
1/15/2018 21:00,0.435,146.6,0
1/15/2018 22:00,0.435,147.3,7
1/15/2018 23:00,0.435,147.7,4
1/16/2018 0:00,0.435,148.8,11
1/16/2018 1:00,0.435,148.8,0
1/16/2018 2:00,0.435,148.9,1
1/16/2018 3:00,0.435,148.9,0
1/16/2018 4:00,0.435,148.9,0
1/16/2018 5:00,0.436,149,1
1/16/2018 6:00,0.436,149,0
1/16/2018 7:00,0.436,149,0
1/16/2018 8:00,0.436,149,0
1/16/2018 9:00,0.436,149,0
1/16/2018 10:00,0.436,149,0
1/16/2018 11:00,0.436,149,0
1/16/2018 12:00,0.436,149,0
1/16/2018 13:00,0.436,149,0
1/16/2018 14:00,0.436,149,0
1/16/2018 15:00,0.437,149,0
1/16/2018 16:00,0.437,149,0
1/16/2018 17:00,0.437,149,0
1/16/2018 18:00,0.438,149,0
1/16/2018 19:00,0.438,149,0
1/16/2018 20:00,0.438,149,0
1/16/2018 21:00,0.438,149,0
1/16/2018 22:00,0.438,149,0
1/16/2018 23:00,0.437,149,0
1/17/2018 0:00,0.438,149,0
1/17/2018 1:00,0.437,149,0
1/17/2018 2:00,0.438,149,0
1/17/2018 3:00,0.438,149,0
1/17/2018 4:00,0.437,149,0
1/17/2018 5:00,0.437,149,0
1/17/2018 6:00,0.437,149,0
1/17/2018 7:00,0.437,149,0
1/17/2018 8:00,0.437,149,0
1/17/2018 9:00,0.437,149,0
1/17/2018 10:00,0.437,149,0
1/17/2018 11:00,0.437,149,0
1/17/2018 12:00,0.437,149,0
1/17/2018 13:00,0.437,149,0
1/17/2018 14:00,0.437,149,0
1/17/2018 15:00,0.437,149,0
1/17/2018 16:00,0.437,149,0
1/17/2018 17:00,0.437,149,0
1/17/2018 18:00,0.438,149,0
1/17/2018 19:00,0.438,149,0
1/17/2018 20:00,0.438,149,0
1/17/2018 21:00,0.438,149,0
1/17/2018 22:00,0.438,149,0
1/17/2018 23:00,0.438,149,0
1/18/2018 0:00,0.438,149,0
1/18/2018 1:00,0.438,149,0
1/18/2018 2:00,0.437,149,0
1/18/2018 3:00,0.437,149.1,1
1/18/2018 4:00,0.438,149.2,1
1/18/2018 5:00,0.438,149.8,6
1/18/2018 6:00,0.438,149.9,1
1/18/2018 7:00,0.438,150.3,4
1/18/2018 8:00,0.438,150.5,2
1/18/2018 9:00,0.438,150.8,3
1/18/2018 10:00,0.438,151.1,3
1/18/2018 11:00,0.437,151.5,4
1/18/2018 12:00,0.437,151.7,2
1/18/2018 13:00,0.437,151.7,0
1/18/2018 14:00,0.437,152,3
1/18/2018 15:00,0.438,152,0
1/18/2018 16:00,0.438,152.1,1
1/18/2018 17:00,0.438,152.2,1
1/18/2018 18:00,0.438,152.8,6
1/18/2018 19:00,0.437,153,2
1/18/2018 20:00,0.437,153.2,2
1/18/2018 21:00,0.437,153.2,0
1/18/2018 22:00,0.437,153.2,0
1/18/2018 23:00,0.437,153.2,0
1/19/2018 0:00,0.437,153.6,4
1/19/2018 1:00,0.437,153.9,3
1/19/2018 2:00,0.436,154,1
1/19/2018 3:00,0.436,154,0
1/19/2018 4:00,0.437,154,0
1/19/2018 5:00,0.437,154,0
1/19/2018 6:00,0.437,154.1,1
1/19/2018 7:00,0.436,154.1,0
1/19/2018 8:00,0.436,154.1,0
1/19/2018 9:00,0.436,154.1,0
1/19/2018 10:00,0.436,154.2,1
1/19/2018 11:00,0.436,154.3,1
1/19/2018 12:00,0.436,154.3,0
1/19/2018 13:00,0.435,154.3,0
1/19/2018 14:00,0.436,154.3,0
1/19/2018 15:00,0.436,154.4,1
1/19/2018 16:00,0.436,154.4,0
1/19/2018 17:00,0.437,154.4,0
1/19/2018 18:00,0.436,154.4,0
1/19/2018 19:00,0.436,154.4,0
1/19/2018 20:00,0.436,154.4,0
1/19/2018 21:00,0.437,154.4,0
1/19/2018 22:00,0.436,154.4,0
1/19/2018 23:00,0.436,154.4,0
1/20/2018 0:00,0.435,154.4,0
1/20/2018 1:00,0.435,154.4,0
1/20/2018 2:00,0.435,154.4,0
1/20/2018 3:00,0.435,154.4,0
1/20/2018 4:00,0.434,154.4,0
1/20/2018 5:00,0.434,154.4,0
1/20/2018 6:00,0.434,154.4,0
1/20/2018 7:00,0.434,154.4,0
1/20/2018 8:00,0.433,154.4,0
1/20/2018 9:00,0.433,154.4,0
1/20/2018 10:00,0.433,154.4,0
1/20/2018 11:00,0.433,154.4,0
1/20/2018 12:00,0.433,154.4,0
1/20/2018 13:00,0.433,154.4,0
1/20/2018 14:00,0.432,154.4,0
1/20/2018 15:00,0.432,154.4,0
1/20/2018 16:00,0.433,154.4,0
1/20/2018 17:00,0.433,154.4,0
1/20/2018 18:00,0.433,154.4,0
1/20/2018 19:00,0.433,154.4,0
1/20/2018 20:00,0.433,154.4,0
1/20/2018 21:00,0.434,154.4,0
1/20/2018 22:00,0.433,154.4,0
1/20/2018 23:00,0.433,154.4,0
1/21/2018 0:00,0.433,154.4,0
1/21/2018 1:00,0.433,154.4,0
1/21/2018 2:00,0.433,154.4,0
1/21/2018 3:00,0.433,154.4,0
1/21/2018 4:00,0.433,154.4,0
1/21/2018 5:00,0.433,154.4,0
1/21/2018 6:00,0.432,154.4,0
1/21/2018 7:00,0.432,154.4,0
1/21/2018 8:00,0.432,154.4,0
1/21/2018 9:00,0.432,154.4,0
1/21/2018 10:00,0.432,154.4,0
1/21/2018 11:00,0.432,154.4,0
1/21/2018 12:00,0.432,154.4,0
1/21/2018 13:00,0.432,154.6,2
1/21/2018 14:00,0.431,154.8,2
1/21/2018 15:00,0.432,155.1,3
1/21/2018 16:00,0.433,155.7,6
1/21/2018 17:00,0.433,156.2,5
1/21/2018 18:00,0.433,156.8,6
1/21/2018 19:00,0.433,157.4,6
1/21/2018 20:00,0.432,157.7,3
1/21/2018 21:00,0.433,158,3
1/21/2018 22:00,0.433,158.2,2
1/21/2018 23:00,0.433,158.5,3
1/22/2018 0:00,0.433,158.5,0
1/22/2018 1:00,0.433,158.8,3
1/22/2018 2:00,0.433,158.9,1
1/22/2018 3:00,0.433,158.9,0
1/22/2018 4:00,0.433,158.9,0
1/22/2018 5:00,0.433,158.9,0
1/22/2018 6:00,0.433,159,1
1/22/2018 7:00,0.433,159,0
1/22/2018 8:00,0.433,159,0
1/22/2018 9:00,0.433,159,0
1/22/2018 10:00,0.433,159,0
1/22/2018 11:00,0.433,159,0
1/22/2018 12:00,0.434,159,0
1/22/2018 13:00,0.434,159,0
1/22/2018 14:00,0.434,159,0
1/22/2018 15:00,0.434,159,0
1/22/2018 16:00,0.435,159,0
1/22/2018 17:00,0.435,159,0
1/22/2018 18:00,0.435,159,0
1/22/2018 19:00,0.436,159,0
1/22/2018 20:00,0.435,159,0
1/22/2018 21:00,0.435,159,0
1/22/2018 22:00,0.435,159,0
1/22/2018 23:00,0.435,159,0
1/23/2018 0:00,0.435,159,0
1/23/2018 1:00,0.434,159,0
1/23/2018 2:00,0.434,159,0
1/23/2018 3:00,0.434,159,0
1/23/2018 4:00,0.434,159,0
1/23/2018 5:00,0.435,159,0
1/23/2018 6:00,0.434,159,0
1/23/2018 7:00,0.434,159,0
1/23/2018 8:00,0.434,159,0
1/23/2018 9:00,0.433,159,0
1/23/2018 10:00,0.433,159,0
1/23/2018 11:00,0.433,159,0
1/23/2018 12:00,0.433,159,0
1/23/2018 13:00,0.433,159,0
1/23/2018 14:00,0.433,159,0
1/23/2018 15:00,0.433,159,0
1/23/2018 16:00,0.433,159,0
1/23/2018 17:00,0.433,159,0
1/23/2018 18:00,0.434,159,0
1/23/2018 19:00,0.434,159,0
1/23/2018 20:00,0.435,159,0
1/23/2018 21:00,0.435,159,0
1/23/2018 22:00,0.435,159,0
1/23/2018 23:00,0.435,159,0
1/24/2018 0:00,0.435,159,0
1/24/2018 1:00,0.435,159,0
1/24/2018 2:00,0.435,159,0
1/24/2018 3:00,0.435,159,0
1/24/2018 4:00,0.435,159,0
1/24/2018 5:00,0.435,159,0
1/24/2018 6:00,0.435,159,0
1/24/2018 7:00,0.435,159,0
1/24/2018 8:00,0.434,159,0
1/24/2018 9:00,0.434,159,0
1/24/2018 10:00,0.434,159.9,9
1/24/2018 11:00,0.434,161,11
1/24/2018 12:00,0.433,161.7,7
1/24/2018 13:00,0.433,162.5,8
1/24/2018 14:00,0.432,163.1,6
1/24/2018 15:00,0.433,163.2,1
1/24/2018 16:00,0.433,163.5,3
1/24/2018 17:00,0.433,163.9,4
1/24/2018 18:00,0.434,164,1
1/24/2018 19:00,0.433,164,0
1/24/2018 20:00,0.434,164,0
1/24/2018 21:00,0.434,164,0
1/24/2018 22:00,0.433,164,0
1/24/2018 23:00,0.434,164.1,1
1/25/2018 0:00,0.434,164.2,1
1/25/2018 1:00,0.433,164.2,0
1/25/2018 2:00,0.433,164.3,1
1/25/2018 3:00,0.433,164.3,0
1/25/2018 4:00,0.433,164.4,1
1/25/2018 5:00,0.433,164.5,1
1/25/2018 6:00,0.433,164.5,0
1/25/2018 7:00,0.433,164.6,1
1/25/2018 8:00,0.433,164.9,3
1/25/2018 9:00,0.432,165.1,2
1/25/2018 10:00,0.432,165.4,3
1/25/2018 11:00,0.432,165.6,2
1/25/2018 12:00,0.432,165.7,1
1/25/2018 13:00,0.432,165.7,0
1/25/2018 14:00,0.432,166.1,4
1/25/2018 15:00,0.432,166.2,1
1/25/2018 16:00,0.432,166.2,0
1/25/2018 17:00,0.432,166.2,0
1/25/2018 18:00,0.432,166.4,2
1/25/2018 19:00,0.433,166.5,1
1/25/2018 20:00,0.433,166.5,0
1/25/2018 21:00,0.433,166.8,3
1/25/2018 22:00,0.433,166.8,0
1/25/2018 23:00,0.433,166.8,0
1/26/2018 0:00,0.433,166.9,1
1/26/2018 1:00,0.433,166.9,0
1/26/2018 2:00,0.433,166.9,0
1/26/2018 3:00,0.432,166.9,0
1/26/2018 4:00,0.433,166.9,0
1/26/2018 5:00,0.433,166.9,0
1/26/2018 6:00,0.432,166.9,0
1/26/2018 7:00,0.432,166.9,0
1/26/2018 8:00,0.432,166.9,0
1/26/2018 9:00,0.432,166.9,0
1/26/2018 10:00,0.432,166.9,0
1/26/2018 11:00,0.432,166.9,0
1/26/2018 12:00,0.432,166.9,0
1/26/2018 13:00,0.432,166.9,0
1/26/2018 14:00,0.432,166.9,0
1/26/2018 15:00,0.432,166.9,0
1/26/2018 16:00,0.433,166.9,0
1/26/2018 17:00,0.432,166.9,0
1/26/2018 18:00,0.433,166.9,0
1/26/2018 19:00,0.433,166.9,0
1/26/2018 20:00,0.433,166.9,0
1/26/2018 21:00,0.433,166.9,0
1/26/2018 22:00,0.433,166.9,0
1/26/2018 23:00,0.433,166.9,0
1/27/2018 0:00,0.433,166.9,0
1/27/2018 1:00,0.433,166.9,0
1/27/2018 2:00,0.433,166.9,0
1/27/2018 3:00,0.433,167,1
1/27/2018 4:00,0.433,167,0
1/27/2018 5:00,0.433,167.1,1
1/27/2018 6:00,0.433,167.2,1
1/27/2018 7:00,0.433,167.3,1
1/27/2018 8:00,0.433,167.4,1
1/27/2018 9:00,0.433,167.4,0
1/27/2018 10:00,0.433,167.5,1
1/27/2018 11:00,0.432,167.5,0
1/27/2018 12:00,0.433,167.5,0
1/27/2018 13:00,0.433,167.5,0
1/27/2018 14:00,0.433,167.5,0
1/27/2018 15:00,0.433,167.5,0
1/27/2018 16:00,0.434,167.5,0
1/27/2018 17:00,0.434,167.5,0
1/27/2018 18:00,0.434,167.5,0
1/27/2018 19:00,0.434,167.5,0
1/27/2018 20:00,0.435,167.5,0
1/27/2018 21:00,0.434,167.5,0
1/27/2018 22:00,0.435,167.5,0
1/27/2018 23:00,0.434,167.5,0
1/28/2018 0:00,0.434,167.5,0
1/28/2018 1:00,0.434,167.5,0
1/28/2018 2:00,0.434,167.5,0
1/28/2018 3:00,0.434,167.5,0
1/28/2018 4:00,0.434,167.5,0
1/28/2018 5:00,0.434,167.5,0
1/28/2018 6:00,0.434,167.5,0
1/28/2018 7:00,0.433,167.5,0
1/28/2018 8:00,0.433,167.5,0
1/28/2018 9:00,0.433,167.5,0
1/28/2018 10:00,0.433,167.5,0
1/28/2018 11:00,0.433,167.5,0
1/28/2018 12:00,0.433,167.5,0
1/28/2018 13:00,0.433,167.5,0
1/28/2018 14:00,0.432,167.5,0
1/28/2018 15:00,0.433,167.6,1
1/28/2018 16:00,0.433,167.6,0
1/28/2018 17:00,0.433,167.6,0
1/28/2018 18:00,0.434,167.6,0
1/28/2018 19:00,0.434,167.6,0
1/28/2018 20:00,0.434,167.6,0
1/28/2018 21:00,0.435,167.6,0
1/28/2018 22:00,0.434,167.6,0
1/28/2018 23:00,0.435,167.6,0
1/29/2018 0:00,0.434,167.6,0
1/29/2018 1:00,0.435,167.6,0
1/29/2018 2:00,0.434,167.6,0
1/29/2018 3:00,0.434,167.6,0
1/29/2018 4:00,0.434,167.6,0
1/29/2018 5:00,0.434,167.6,0
1/29/2018 6:00,0.433,167.6,0
1/29/2018 7:00,0.433,167.6,0
1/29/2018 8:00,0.433,167.6,0
1/29/2018 9:00,0.433,167.6,0
1/29/2018 10:00,0.433,167.6,0
1/29/2018 11:00,0.433,167.6,0
1/29/2018 12:00,0.433,167.6,0
1/29/2018 13:00,0.433,167.6,0
1/29/2018 14:00,0.433,167.6,0
1/29/2018 15:00,0.433,167.6,0
1/29/2018 16:00,0.434,167.6,0
1/29/2018 17:00,0.434,167.6,0
1/29/2018 18:00,0.435,167.6,0
1/29/2018 19:00,0.435,167.6,0
1/29/2018 20:00,0.435,167.6,0
1/29/2018 21:00,0.435,167.6,0
1/29/2018 22:00,0.435,167.6,0
1/29/2018 23:00,0.435,167.6,0
1/30/2018 0:00,0.435,167.6,0
1/30/2018 1:00,0.435,167.6,0
1/30/2018 2:00,0.433,167.6,0
1/30/2018 3:00,0.433,167.6,0
1/30/2018 4:00,0.433,167.6,0
1/30/2018 5:00,0.432,167.6,0
1/30/2018 6:00,0.432,167.6,0
1/30/2018 7:00,0.431,167.6,0
1/30/2018 8:00,0.431,167.6,0
1/30/2018 9:00,0.431,167.6,0
1/30/2018 10:00,0.431,167.6,0
1/30/2018 11:00,0.431,167.6,0
1/30/2018 12:00,0.431,167.6,0
1/30/2018 13:00,0.431,167.6,0
1/30/2018 14:00,0.429,167.6,0
1/30/2018 15:00,0.429,167.6,0
1/30/2018 16:00,0.428,167.6,0
1/30/2018 17:00,0.428,167.6,0
1/30/2018 18:00,0.429,167.6,0
1/30/2018 19:00,0.428,167.6,0
1/30/2018 20:00,0.428,167.6,0
1/30/2018 21:00,0.428,167.6,0
1/30/2018 22:00,0.428,167.6,0
1/30/2018 23:00,0.429,167.6,0
1/31/2018 0:00,0.428,167.6,0
1/31/2018 1:00,0.428,167.6,0
1/31/2018 2:00,0.428,167.6,0
1/31/2018 3:00,0.428,167.6,0
1/31/2018 4:00,0.428,167.6,0
1/31/2018 5:00,0.428,167.6,0
1/31/2018 6:00,0.428,167.6,0
1/31/2018 7:00,0.427,167.6,0
1/31/2018 8:00,0.427,167.6,0
1/31/2018 9:00,0.427,167.6,0
1/31/2018 10:00,0.427,167.6,0
1/31/2018 11:00,0.426,167.6,0
1/31/2018 12:00,0.426,167.6,0
1/31/2018 13:00,0.427,167.6,0
1/31/2018 14:00,0.426,167.6,0
1/31/2018 15:00,0.426,167.6,0
1/31/2018 16:00,0.427,167.6,0
1/31/2018 17:00,0.427,167.6,0
1/31/2018 18:00,0.427,167.6,0
1/31/2018 19:00,0.427,167.6,0
1/31/2018 20:00,0.427,167.6,0
1/31/2018 21:00,0.427,167.6,0
1/31/2018 22:00,0.427,167.6,0
1/31/2018 23:00,0.427,167.6,0
2/1/2018 0:00,0.427,167.6,0
2/1/2018 1:00,0.427,167.6,0
2/1/2018 2:00,0.426,167.6,0
2/1/2018 3:00,0.426,167.6,0
2/1/2018 4:00,0.425,167.6,0
2/1/2018 5:00,0.425,167.6,0
2/1/2018 6:00,0.425,167.6,0
2/1/2018 7:00,0.424,167.6,0
2/1/2018 8:00,0.424,167.6,0
2/1/2018 9:00,0.423,167.6,0
2/1/2018 10:00,0.423,167.6,0
2/1/2018 11:00,0.423,167.6,0
2/1/2018 12:00,0.422,167.6,0
2/1/2018 13:00,0.423,167.6,0
2/1/2018 14:00,0.422,167.6,0
2/1/2018 15:00,0.422,167.6,0
2/1/2018 16:00,0.423,167.6,0
2/1/2018 17:00,0.423,167.6,0
2/1/2018 18:00,0.424,167.6,0
2/1/2018 19:00,0.424,167.6,0
2/1/2018 20:00,0.425,167.6,0
2/1/2018 21:00,0.425,167.6,0
2/1/2018 22:00,0.425,167.6,0
2/1/2018 23:00,0.424,167.6,0
2/2/2018 0:00,0.424,167.6,0
2/2/2018 1:00,0.424,167.6,0
2/2/2018 2:00,0.424,167.6,0
2/2/2018 3:00,0.424,167.6,0
2/2/2018 4:00,0.424,167.6,0
2/2/2018 5:00,0.423,167.6,0
2/2/2018 6:00,0.423,167.6,0
2/2/2018 7:00,0.423,167.6,0
2/2/2018 8:00,0.422,167.6,0
2/2/2018 9:00,0.422,167.6,0
2/2/2018 10:00,0.421,167.6,0
2/2/2018 11:00,0.421,167.6,0
2/2/2018 12:00,0.422,167.6,0
2/2/2018 13:00,0.421,167.6,0
2/2/2018 14:00,0.421,167.6,0
2/2/2018 15:00,0.421,167.6,0
2/2/2018 16:00,0.422,167.6,0
2/2/2018 17:00,0.422,167.6,0
2/2/2018 18:00,0.423,167.6,0
2/2/2018 19:00,0.423,167.6,0
2/2/2018 20:00,0.424,167.6,0
2/2/2018 21:00,0.424,167.6,0
2/2/2018 22:00,0.424,167.6,0
2/2/2018 23:00,0.423,167.6,0
2/3/2018 0:00,0.424,167.6,0
2/3/2018 1:00,0.424,167.6,0
2/3/2018 2:00,0.423,167.6,0
2/3/2018 3:00,0.423,167.6,0
2/3/2018 4:00,0.423,167.6,0
2/3/2018 5:00,0.423,167.6,0
2/3/2018 6:00,0.423,167.6,0
2/3/2018 7:00,0.422,167.6,0
2/3/2018 8:00,0.422,167.6,0
2/3/2018 9:00,0.421,167.6,0
2/3/2018 10:00,0.421,167.6,0
2/3/2018 11:00,0.421,167.6,0
2/3/2018 12:00,0.421,167.6,0
2/3/2018 13:00,0.421,167.6,0
2/3/2018 14:00,0.421,167.6,0
2/3/2018 15:00,0.421,167.6,0
2/3/2018 16:00,0.422,167.6,0
2/3/2018 17:00,0.422,167.6,0
2/3/2018 18:00,0.423,167.6,0
2/3/2018 19:00,0.423,167.6,0
2/3/2018 20:00,0.423,167.6,0
2/3/2018 21:00,0.425,167.6,0
2/3/2018 22:00,0.424,167.6,0
2/3/2018 23:00,0.424,167.6,0
2/4/2018 0:00,0.424,167.6,0
2/4/2018 1:00,0.424,167.6,0
2/4/2018 2:00,0.423,167.6,0
2/4/2018 3:00,0.423,167.6,0
2/4/2018 4:00,0.424,167.6,0
2/4/2018 5:00,0.423,167.6,0
2/4/2018 6:00,0.423,167.6,0
2/4/2018 7:00,0.423,167.6,0
2/4/2018 8:00,0.422,167.6,0
2/4/2018 9:00,0.423,167.6,0
2/4/2018 10:00,0.422,167.6,0
2/4/2018 11:00,0.422,167.6,0
2/4/2018 12:00,0.422,167.6,0
2/4/2018 13:00,0.421,167.6,0
2/4/2018 14:00,0.422,167.6,0
2/4/2018 15:00,0.422,167.6,0
2/4/2018 16:00,0.422,167.6,0
2/4/2018 17:00,0.423,167.6,0
2/4/2018 18:00,0.424,167.6,0
2/4/2018 19:00,0.424,167.6,0
2/4/2018 20:00,0.424,167.6,0
2/4/2018 21:00,0.425,167.6,0
2/4/2018 22:00,0.425,167.6,0
2/4/2018 23:00,0.425,167.6,0
2/5/2018 0:00,0.425,167.6,0
2/5/2018 1:00,0.425,167.6,0
2/5/2018 2:00,0.424,167.6,0
2/5/2018 3:00,0.424,167.6,0
2/5/2018 4:00,0.424,167.6,0
2/5/2018 5:00,0.424,167.6,0
2/5/2018 6:00,0.423,167.6,0
2/5/2018 7:00,0.423,167.6,0
2/5/2018 8:00,0.423,167.6,0
2/5/2018 9:00,0.423,167.6,0
2/5/2018 10:00,0.423,167.6,0
2/5/2018 11:00,0.423,167.6,0
2/5/2018 12:00,0.422,167.6,0
2/5/2018 13:00,0.423,167.6,0
2/5/2018 14:00,0.422,167.6,0
2/5/2018 15:00,0.423,167.6,0
2/5/2018 16:00,0.423,167.6,0
2/5/2018 17:00,0.424,167.6,0
2/5/2018 18:00,0.424,167.6,0
2/5/2018 19:00,0.425,167.6,0
2/5/2018 20:00,0.425,167.6,0
2/5/2018 21:00,0.425,167.6,0
2/5/2018 22:00,0.425,167.6,0
2/5/2018 23:00,0.425,167.6,0
2/6/2018 0:00,0.425,167.6,0
2/6/2018 1:00,0.424,167.6,0
2/6/2018 2:00,0.424,167.6,0
2/6/2018 3:00,0.423,167.6,0
2/6/2018 4:00,0.423,167.6,0
2/6/2018 5:00,0.423,167.6,0
2/6/2018 6:00,0.422,167.6,0
2/6/2018 7:00,0.422,167.6,0
2/6/2018 8:00,0.422,167.6,0
2/6/2018 9:00,0.422,167.6,0
2/6/2018 10:00,0.421,167.6,0
2/6/2018 11:00,0.421,167.6,0
2/6/2018 12:00,0.421,167.6,0
2/6/2018 13:00,0.42,167.6,0
2/6/2018 14:00,0.42,167.6,0
2/6/2018 15:00,0.421,167.6,0
2/6/2018 16:00,0.421,167.6,0
2/6/2018 17:00,0.421,167.6,0
2/6/2018 18:00,0.421,167.6,0
2/6/2018 19:00,0.423,167.6,0
2/6/2018 20:00,0.423,167.6,0
2/6/2018 21:00,0.423,167.6,0
2/6/2018 22:00,0.423,167.6,0
2/6/2018 23:00,0.423,167.6,0
2/7/2018 0:00,0.423,167.6,0
2/7/2018 1:00,0.423,167.6,0
2/7/2018 2:00,0.422,167.6,0
2/7/2018 3:00,0.422,167.6,0
2/7/2018 4:00,0.422,167.6,0
2/7/2018 5:00,0.421,167.6,0
2/7/2018 6:00,0.421,167.6,0
2/7/2018 7:00,0.421,167.6,0
2/7/2018 8:00,0.42,167.6,0
2/7/2018 9:00,0.42,167.6,0
2/7/2018 10:00,0.42,167.6,0
2/7/2018 11:00,0.42,167.6,0
2/7/2018 12:00,0.42,167.6,0
2/7/2018 13:00,0.42,167.6,0
2/7/2018 14:00,0.419,167.6,0
2/7/2018 15:00,0.42,167.6,0
2/7/2018 16:00,0.42,167.6,0
2/7/2018 17:00,0.421,167.6,0
2/7/2018 18:00,0.421,167.6,0
2/7/2018 19:00,0.422,167.6,0
2/7/2018 20:00,0.422,167.6,0
2/7/2018 21:00,0.423,167.6,0
2/7/2018 22:00,0.423,167.6,0
2/7/2018 23:00,0.423,167.6,0
2/8/2018 0:00,0.423,167.6,0
2/8/2018 1:00,0.423,167.6,0
2/8/2018 2:00,0.422,167.6,0
2/8/2018 3:00,0.422,167.6,0
2/8/2018 4:00,0.422,167.6,0
2/8/2018 5:00,0.422,167.6,0
2/8/2018 6:00,0.422,167.6,0
2/8/2018 7:00,0.421,167.6,0
2/8/2018 8:00,0.421,167.6,0
2/8/2018 9:00,0.421,167.6,0
2/8/2018 10:00,0.421,167.6,0
2/8/2018 11:00,0.421,167.6,0
2/8/2018 12:00,0.42,167.6,0
2/8/2018 13:00,0.42,167.6,0
2/8/2018 14:00,0.42,167.6,0
2/8/2018 15:00,0.42,167.6,0
2/8/2018 16:00,0.421,167.6,0
2/8/2018 17:00,0.421,167.6,0
2/8/2018 18:00,0.422,167.6,0
2/8/2018 19:00,0.423,167.6,0
2/8/2018 20:00,0.423,167.6,0
2/8/2018 21:00,0.423,167.6,0
2/8/2018 22:00,0.423,167.6,0
2/8/2018 23:00,0.423,167.6,0
2/9/2018 0:00,0.423,167.6,0
2/9/2018 1:00,0.423,167.6,0
2/9/2018 2:00,0.423,167.6,0
2/9/2018 3:00,0.422,167.6,0
2/9/2018 4:00,0.422,167.6,0
2/9/2018 5:00,0.422,167.6,0
2/9/2018 6:00,0.422,167.6,0
2/9/2018 7:00,0.421,167.6,0
2/9/2018 8:00,0.421,167.6,0
2/9/2018 9:00,0.421,167.6,0
2/9/2018 10:00,0.421,167.6,0
2/9/2018 11:00,0.421,167.6,0
2/9/2018 12:00,0.421,167.6,0
2/9/2018 13:00,0.42,167.6,0
2/9/2018 14:00,0.42,167.6,0
2/9/2018 15:00,0.421,167.6,0
2/9/2018 16:00,0.421,167.6,0
2/9/2018 17:00,0.421,167.6,0
2/9/2018 18:00,0.422,167.6,0
2/9/2018 19:00,0.422,167.6,0
2/9/2018 20:00,0.423,167.6,0
2/9/2018 21:00,0.423,167.6,0
2/9/2018 22:00,0.423,167.6,0
2/9/2018 23:00,0.423,167.6,0
2/10/2018 0:00,0.423,167.6,0
2/10/2018 1:00,0.423,167.6,0
2/10/2018 2:00,0.422,167.6,0
2/10/2018 3:00,0.422,167.6,0
2/10/2018 4:00,0.422,167.6,0
2/10/2018 5:00,0.421,167.6,0
2/10/2018 6:00,0.421,167.6,0
2/10/2018 7:00,0.421,167.6,0
2/10/2018 8:00,0.421,167.6,0
2/10/2018 9:00,0.421,167.6,0
2/10/2018 10:00,0.421,167.6,0
2/10/2018 11:00,0.421,167.6,0
2/10/2018 12:00,0.421,167.6,0
2/10/2018 13:00,0.421,167.6,0
2/10/2018 14:00,0.421,167.6,0
2/10/2018 15:00,0.421,167.6,0
2/10/2018 16:00,0.421,167.6,0
2/10/2018 17:00,0.421,167.6,0
2/10/2018 18:00,0.422,167.6,0
2/10/2018 19:00,0.423,167.6,0
2/10/2018 20:00,0.423,167.6,0
2/10/2018 21:00,0.422,167.6,0
2/10/2018 22:00,0.422,167.6,0
2/10/2018 23:00,0.422,167.6,0
2/11/2018 0:00,0.421,167.6,0
2/11/2018 1:00,0.421,167.6,0
2/11/2018 2:00,0.42,167.6,0
2/11/2018 3:00,0.42,167.6,0
2/11/2018 4:00,0.42,167.6,0
2/11/2018 5:00,0.419,167.6,0
2/11/2018 6:00,0.419,167.6,0
2/11/2018 7:00,0.418,167.6,0
2/11/2018 8:00,0.418,167.6,0
2/11/2018 9:00,0.417,167.6,0
2/11/2018 10:00,0.417,167.6,0
2/11/2018 11:00,0.417,167.6,0
2/11/2018 12:00,0.417,167.6,0
2/11/2018 13:00,0.416,167.6,0
2/11/2018 14:00,0.417,167.6,0
2/11/2018 15:00,0.417,167.6,0
2/11/2018 16:00,0.418,167.7,1
2/11/2018 17:00,0.418,167.7,0
2/11/2018 18:00,0.418,167.7,0
2/11/2018 19:00,0.418,167.7,0
2/11/2018 20:00,0.419,167.7,0
2/11/2018 21:00,0.418,167.7,0
2/11/2018 22:00,0.418,167.7,0
2/11/2018 23:00,0.418,167.7,0
2/12/2018 0:00,0.418,167.7,0
2/12/2018 1:00,0.418,167.7,0
2/12/2018 2:00,0.418,167.7,0
2/12/2018 3:00,0.418,167.7,0
2/12/2018 4:00,0.418,167.7,0
2/12/2018 5:00,0.418,167.8,1
2/12/2018 6:00,0.418,167.8,0
2/12/2018 7:00,0.419,167.8,0
2/12/2018 8:00,0.418,167.8,0
2/12/2018 9:00,0.418,167.8,0
2/12/2018 10:00,0.417,167.8,0
2/12/2018 11:00,0.418,167.8,0
2/12/2018 12:00,0.417,167.8,0
2/12/2018 13:00,0.417,167.8,0
2/12/2018 14:00,0.417,167.8,0
2/12/2018 15:00,0.417,167.8,0
2/12/2018 16:00,0.417,167.8,0
2/12/2018 17:00,0.418,167.8,0
2/12/2018 18:00,0.419,167.8,0
2/12/2018 19:00,0.419,167.8,0
2/12/2018 20:00,0.419,167.8,0
2/12/2018 21:00,0.419,167.8,0
2/12/2018 22:00,0.419,167.8,0
2/12/2018 23:00,0.419,167.8,0
2/13/2018 0:00,0.418,167.8,0
2/13/2018 1:00,0.418,167.8,0
2/13/2018 2:00,0.417,167.8,0
2/13/2018 3:00,0.417,167.8,0
2/13/2018 4:00,0.417,167.8,0
2/13/2018 5:00,0.416,167.8,0
2/13/2018 6:00,0.416,167.8,0
2/13/2018 7:00,0.415,167.8,0
2/13/2018 8:00,0.415,167.8,0
2/13/2018 9:00,0.415,167.8,0
2/13/2018 10:00,0.414,167.8,0
2/13/2018 11:00,0.414,167.8,0
2/13/2018 12:00,0.414,167.8,0
2/13/2018 13:00,0.414,167.8,0
2/13/2018 14:00,0.414,167.8,0
2/13/2018 15:00,0.414,167.8,0
2/13/2018 16:00,0.414,167.8,0
2/13/2018 17:00,0.415,167.8,0
2/13/2018 18:00,0.415,167.8,0
2/13/2018 19:00,0.416,167.8,0
2/13/2018 20:00,0.413,167.8,0
2/13/2018 21:00,0.413,167.8,0
2/13/2018 22:00,0.413,167.8,0
2/13/2018 23:00,0.412,167.8,0
2/14/2018 0:00,0.413,167.8,0
2/14/2018 1:00,0.413,167.8,0
2/14/2018 2:00,0.412,167.8,0
2/14/2018 3:00,0.412,167.8,0
2/14/2018 4:00,0.411,167.8,0
2/14/2018 5:00,0.411,167.8,0
2/14/2018 6:00,0.41,167.8,0
2/14/2018 7:00,0.41,167.8,0
2/14/2018 8:00,0.41,167.8,0
2/14/2018 9:00,0.41,167.8,0
2/14/2018 10:00,0.407,167.8,0
2/14/2018 11:00,0.407,167.8,0
2/14/2018 12:00,0.407,167.8,0
2/14/2018 13:00,0.407,167.8,0
2/14/2018 14:00,0.407,167.8,0
2/14/2018 15:00,0.407,167.8,0
2/14/2018 16:00,0.408,167.8,0
2/14/2018 17:00,0.408,167.8,0
2/14/2018 18:00,0.408,167.8,0
2/14/2018 19:00,0.41,167.8,0
2/14/2018 20:00,0.41,167.8,0
2/14/2018 21:00,0.41,167.8,0
2/14/2018 22:00,0.41,167.8,0
2/14/2018 23:00,0.41,167.8,0
2/15/2018 0:00,0.41,167.8,0
2/15/2018 1:00,0.409,167.8,0
2/15/2018 2:00,0.409,167.8,0
2/15/2018 3:00,0.408,167.8,0
2/15/2018 4:00,0.408,167.8,0
2/15/2018 5:00,0.407,167.8,0
2/15/2018 6:00,0.407,167.8,0
2/15/2018 7:00,0.406,167.8,0
2/15/2018 8:00,0.406,167.8,0
2/15/2018 9:00,0.406,167.8,0
2/15/2018 10:00,0.405,167.8,0
2/15/2018 11:00,0.405,167.8,0
2/15/2018 12:00,0.405,167.8,0
2/15/2018 13:00,0.405,167.8,0
2/15/2018 14:00,0.405,167.8,0
2/15/2018 15:00,0.405,167.8,0
2/15/2018 16:00,0.405,167.8,0
2/15/2018 17:00,0.406,167.8,0
2/15/2018 18:00,0.406,167.8,0
2/15/2018 19:00,0.407,167.8,0
2/15/2018 20:00,0.407,167.8,0
2/15/2018 21:00,0.407,167.8,0
2/15/2018 22:00,0.407,167.8,0
2/15/2018 23:00,0.407,167.8,0
2/16/2018 0:00,0.407,167.8,0
2/16/2018 1:00,0.407,167.8,0
2/16/2018 2:00,0.406,167.8,0
2/16/2018 3:00,0.406,167.8,0
2/16/2018 4:00,0.406,167.8,0
2/16/2018 5:00,0.406,167.8,0
2/16/2018 6:00,0.405,167.8,0
2/16/2018 7:00,0.404,167.8,0
2/16/2018 8:00,0.404,167.8,0
2/16/2018 9:00,0.404,167.8,0
2/16/2018 10:00,0.404,167.8,0
2/16/2018 11:00,0.404,167.8,0
2/16/2018 12:00,0.404,167.8,0
2/16/2018 13:00,0.404,167.8,0
2/16/2018 14:00,0.404,167.8,0
2/16/2018 15:00,0.404,167.8,0
2/16/2018 16:00,0.405,167.8,0
2/16/2018 17:00,0.406,167.8,0
2/16/2018 18:00,0.406,167.8,0
2/16/2018 19:00,0.407,167.8,0
2/16/2018 20:00,0.408,167.8,0
2/16/2018 21:00,0.408,167.8,0
2/16/2018 22:00,0.408,167.8,0
2/16/2018 23:00,0.408,167.8,0
2/17/2018 0:00,0.408,167.8,0
2/17/2018 1:00,0.408,167.8,0
2/17/2018 2:00,0.407,167.8,0
2/17/2018 3:00,0.407,167.8,0
2/17/2018 4:00,0.407,167.8,0
2/17/2018 5:00,0.406,167.8,0
2/17/2018 6:00,0.406,167.8,0
2/17/2018 7:00,0.406,167.8,0
2/17/2018 8:00,0.406,167.8,0
2/17/2018 9:00,0.406,167.8,0
2/17/2018 10:00,0.406,167.8,0
2/17/2018 11:00,0.406,167.8,0
2/17/2018 12:00,0.406,167.8,0
2/17/2018 13:00,0.406,167.8,0
2/17/2018 14:00,0.406,167.8,0
2/17/2018 15:00,0.406,167.8,0
2/17/2018 16:00,0.407,167.8,0
2/17/2018 17:00,0.407,167.8,0
2/17/2018 18:00,0.408,167.8,0
2/17/2018 19:00,0.408,167.8,0
2/17/2018 20:00,0.408,167.8,0
2/17/2018 21:00,0.409,167.8,0
2/17/2018 22:00,0.409,167.8,0
2/17/2018 23:00,0.409,167.8,0
2/18/2018 0:00,0.41,167.8,0
2/18/2018 1:00,0.41,167.8,0
2/18/2018 2:00,0.41,167.9,1
2/18/2018 3:00,0.41,167.9,0
2/18/2018 4:00,0.41,167.9,0
2/18/2018 5:00,0.41,167.9,0
2/18/2018 6:00,0.41,167.9,0
2/18/2018 7:00,0.41,168,1
2/18/2018 8:00,0.41,168,0
2/18/2018 9:00,0.41,168,0
2/18/2018 10:00,0.41,168,0
2/18/2018 11:00,0.411,168.1,1
2/18/2018 12:00,0.412,168.2,1
2/18/2018 13:00,0.413,168.2,0
2/18/2018 14:00,0.413,168.2,0
2/18/2018 15:00,0.413,168.2,0
2/18/2018 16:00,0.415,168.3,1
2/18/2018 17:00,0.416,168.3,0
2/18/2018 18:00,0.417,168.3,0
2/18/2018 19:00,0.417,168.4,1
2/18/2018 20:00,0.418,168.4,0
2/18/2018 21:00,0.417,168.4,0
2/18/2018 22:00,0.417,168.4,0
2/18/2018 23:00,0.417,168.4,0
2/19/2018 0:00,0.417,168.4,0
2/19/2018 1:00,0.417,168.4,0
2/19/2018 2:00,0.417,168.4,0
2/19/2018 3:00,0.416,168.4,0
2/19/2018 4:00,0.416,168.4,0
2/19/2018 5:00,0.416,168.4,0
2/19/2018 6:00,0.416,168.4,0
2/19/2018 7:00,0.415,168.4,0
2/19/2018 8:00,0.415,168.4,0
2/19/2018 9:00,0.414,168.4,0
2/19/2018 10:00,0.414,168.4,0
2/19/2018 11:00,0.414,168.7,3
2/19/2018 12:00,0.414,169,3
2/19/2018 13:00,0.424,169,0
2/19/2018 14:00,0.427,169,0
2/19/2018 15:00,0.431,169,0
2/19/2018 16:00,0.431,169,0
2/19/2018 17:00,0.431,169,0
2/19/2018 18:00,0.432,169,0
2/19/2018 19:00,0.432,169,0
2/19/2018 20:00,0.429,169,0
2/19/2018 21:00,0.427,169,0
2/19/2018 22:00,0.424,169,0
2/19/2018 23:00,0.422,169,0
2/20/2018 0:00,0.421,169,0
2/20/2018 1:00,0.419,169,0
2/20/2018 2:00,0.418,169,0
2/20/2018 3:00,0.416,169,0
2/20/2018 4:00,0.416,169,0
2/20/2018 5:00,0.415,169,0
2/20/2018 6:00,0.414,169,0
2/20/2018 7:00,0.413,169,0
2/20/2018 8:00,0.413,169,0
2/20/2018 9:00,0.412,169,0
2/20/2018 10:00,0.412,169,0
2/20/2018 11:00,0.412,169,0
2/20/2018 12:00,0.412,169,0
2/20/2018 13:00,0.413,169,0
2/20/2018 14:00,0.413,169,0
2/20/2018 15:00,0.413,169,0
2/20/2018 16:00,0.413,169,0
2/20/2018 17:00,0.413,169,0
2/20/2018 18:00,0.414,169,0
2/20/2018 19:00,0.414,169,0
2/20/2018 20:00,0.413,169,0
2/20/2018 21:00,0.413,169,0
2/20/2018 22:00,0.413,169,0
2/20/2018 23:00,0.413,169,0
2/21/2018 0:00,0.413,169,0
2/21/2018 1:00,0.412,169,0
2/21/2018 2:00,0.412,169,0
2/21/2018 3:00,0.412,169,0
2/21/2018 4:00,0.412,169,0
2/21/2018 5:00,0.412,169,0
2/21/2018 6:00,0.411,169,0
2/21/2018 7:00,0.411,169,0
2/21/2018 8:00,0.41,169,0
2/21/2018 9:00,0.41,169,0
2/21/2018 10:00,0.41,169,0
2/21/2018 11:00,0.41,169,0
2/21/2018 12:00,0.41,169,0
2/21/2018 13:00,0.41,169,0
2/21/2018 14:00,0.41,169,0
2/21/2018 15:00,0.41,169,0
2/21/2018 16:00,0.411,169,0
2/21/2018 17:00,0.411,169,0
2/21/2018 18:00,0.412,169,0
2/21/2018 19:00,0.412,169,0
2/21/2018 20:00,0.412,169,0
2/21/2018 21:00,0.412,169,0
2/21/2018 22:00,0.412,169,0
2/21/2018 23:00,0.412,169,0
2/22/2018 0:00,0.412,169,0
2/22/2018 1:00,0.412,169,0
2/22/2018 2:00,0.412,169,0
2/22/2018 3:00,0.412,169,0
2/22/2018 4:00,0.411,169,0
2/22/2018 5:00,0.411,169,0
2/22/2018 6:00,0.411,169,0
2/22/2018 7:00,0.41,169,0
2/22/2018 8:00,0.41,169,0
2/22/2018 9:00,0.41,169,0
2/22/2018 10:00,0.41,169,0
2/22/2018 11:00,0.41,169.3,3
2/22/2018 12:00,0.41,169.4,1
2/22/2018 13:00,0.411,169.4,0
2/22/2018 14:00,0.413,169.5,1
2/22/2018 15:00,0.42,169.5,0
2/22/2018 16:00,0.422,169.5,0
2/22/2018 17:00,0.422,169.5,0
2/22/2018 18:00,0.422,169.5,0
2/22/2018 19:00,0.423,169.5,0
2/22/2018 20:00,0.421,169.5,0
2/22/2018 21:00,0.421,169.5,0
2/22/2018 22:00,0.419,169.5,0
2/22/2018 23:00,0.418,169.5,0
2/23/2018 0:00,0.417,169.5,0
2/23/2018 1:00,0.416,169.5,0
2/23/2018 2:00,0.416,169.5,0
2/23/2018 3:00,0.414,169.5,0
2/23/2018 4:00,0.414,169.5,0
2/23/2018 5:00,0.413,169.5,0
2/23/2018 6:00,0.412,169.5,0
2/23/2018 7:00,0.411,169.5,0
2/23/2018 8:00,0.41,169.5,0
2/23/2018 9:00,0.41,169.5,0
2/23/2018 10:00,0.409,169.5,0
2/23/2018 11:00,0.41,169.5,0
2/23/2018 12:00,0.41,169.5,0
2/23/2018 13:00,0.41,169.5,0
2/23/2018 14:00,0.411,169.5,0
2/23/2018 15:00,0.41,169.5,0
2/23/2018 16:00,0.411,169.5,0
2/23/2018 17:00,0.411,169.5,0
2/23/2018 18:00,0.412,169.5,0
2/23/2018 19:00,0.412,169.5,0
2/23/2018 20:00,0.412,169.5,0
2/23/2018 21:00,0.412,169.5,0
2/23/2018 22:00,0.412,169.5,0
2/23/2018 23:00,0.412,169.5,0
2/24/2018 0:00,0.412,169.5,0
2/24/2018 1:00,0.412,169.5,0
2/24/2018 2:00,0.411,169.5,0
2/24/2018 3:00,0.41,169.5,0
2/24/2018 4:00,0.41,169.5,0
2/24/2018 5:00,0.41,169.5,0
2/24/2018 6:00,0.41,169.5,0
2/24/2018 7:00,0.41,169.5,0
2/24/2018 8:00,0.409,169.5,0
2/24/2018 9:00,0.409,169.5,0
2/24/2018 10:00,0.409,169.5,0
2/24/2018 11:00,0.409,169.5,0
2/24/2018 12:00,0.41,169.8,3
2/24/2018 13:00,0.413,170,2
2/24/2018 14:00,0.421,170,0
2/24/2018 15:00,0.421,170,0
2/24/2018 16:00,0.423,170,0
2/24/2018 17:00,0.424,170,0
2/24/2018 18:00,0.426,170,0
2/24/2018 19:00,0.426,170,0
2/24/2018 20:00,0.426,170,0
2/24/2018 21:00,0.427,170,0
2/24/2018 22:00,0.426,170,0
2/24/2018 23:00,0.424,170,0
2/25/2018 0:00,0.423,170,0
2/25/2018 1:00,0.422,170,0
2/25/2018 2:00,0.421,170.1,1
2/25/2018 3:00,0.42,170.1,0
2/25/2018 4:00,0.42,170.1,0
2/25/2018 5:00,0.419,170.1,0
2/25/2018 6:00,0.418,170.1,0
2/25/2018 7:00,0.417,170.1,0
2/25/2018 8:00,0.416,170.1,0
2/25/2018 9:00,0.415,170.1,0
2/25/2018 10:00,0.415,170.1,0
2/25/2018 11:00,0.416,170.1,0
2/25/2018 12:00,0.417,170.1,0
2/25/2018 13:00,0.417,170.1,0
2/25/2018 14:00,0.417,170.1,0
2/25/2018 15:00,0.417,170.1,0
2/25/2018 16:00,0.417,170.1,0
2/25/2018 17:00,0.418,170.1,0
2/25/2018 18:00,0.419,170.1,0
2/25/2018 19:00,0.419,170.1,0
2/25/2018 20:00,0.419,170.1,0
2/25/2018 21:00,0.42,170.1,0
2/25/2018 22:00,0.423,170.2,1
2/25/2018 23:00,0.424,170.2,0
2/26/2018 0:00,0.425,170.2,0
2/26/2018 1:00,0.432,170.6,4
2/26/2018 2:00,0.432,171.3,7
2/26/2018 3:00,0.432,171.6,3
2/26/2018 4:00,0.432,171.7,1
2/26/2018 5:00,0.432,171.7,0
2/26/2018 6:00,0.432,171.8,1
2/26/2018 7:00,0.431,171.8,0
2/26/2018 8:00,0.431,171.8,0
2/26/2018 9:00,0.431,171.8,0
2/26/2018 10:00,0.432,171.8,0
2/26/2018 11:00,0.432,171.8,0
2/26/2018 12:00,0.432,171.8,0
2/26/2018 13:00,0.432,171.8,0
2/26/2018 14:00,0.432,171.8,0
2/26/2018 15:00,0.433,171.8,0
2/26/2018 16:00,0.433,171.8,0
2/26/2018 17:00,0.433,171.8,0
2/26/2018 18:00,0.434,171.8,0
2/26/2018 19:00,0.434,171.8,0
2/26/2018 20:00,0.434,171.8,0
2/26/2018 21:00,0.434,171.8,0
2/26/2018 22:00,0.435,171.8,0
2/26/2018 23:00,0.434,171.8,0
2/27/2018 0:00,0.434,171.8,0
2/27/2018 1:00,0.433,171.8,0
2/27/2018 2:00,0.433,171.8,0
2/27/2018 3:00,0.433,171.8,0
2/27/2018 4:00,0.433,171.8,0
2/27/2018 5:00,0.432,171.8,0
2/27/2018 6:00,0.433,171.8,0
2/27/2018 7:00,0.432,171.8,0
2/27/2018 8:00,0.432,171.8,0
2/27/2018 9:00,0.43,171.8,0
2/27/2018 10:00,0.428,171.8,0
2/27/2018 11:00,0.429,171.8,0
2/27/2018 12:00,0.43,171.8,0
2/27/2018 13:00,0.43,171.8,0
2/27/2018 14:00,0.43,171.8,0
2/27/2018 15:00,0.429,171.8,0
2/27/2018 16:00,0.429,171.8,0
2/27/2018 17:00,0.429,171.8,0
2/27/2018 18:00,0.428,171.8,0
2/27/2018 19:00,0.427,171.8,0
2/27/2018 20:00,0.427,171.8,0
2/27/2018 21:00,0.427,171.8,0
2/27/2018 22:00,0.427,171.8,0
2/27/2018 23:00,0.426,171.8,0
2/28/2018 0:00,0.425,171.8,0
2/28/2018 1:00,0.425,171.8,0
2/28/2018 2:00,0.424,171.8,0
2/28/2018 3:00,0.424,171.8,0
2/28/2018 4:00,0.423,171.8,0
2/28/2018 5:00,0.423,171.8,0
2/28/2018 6:00,0.422,171.8,0
2/28/2018 7:00,0.422,171.8,0
2/28/2018 8:00,0.421,171.8,0
2/28/2018 9:00,0.421,171.8,0
2/28/2018 10:00,0.421,171.8,0
2/28/2018 11:00,0.421,171.8,0
2/28/2018 12:00,0.421,171.8,0
2/28/2018 13:00,0.421,171.8,0
2/28/2018 14:00,0.421,171.8,0
2/28/2018 15:00,0.423,171.8,0
2/28/2018 16:00,0.429,171.9,1
2/28/2018 17:00,0.433,172,1
2/28/2018 18:00,0.434,172.1,1
2/28/2018 19:00,0.434,172.3,2
2/28/2018 20:00,0.434,172.6,3
2/28/2018 21:00,0.434,172.9,3
2/28/2018 22:00,0.434,173.2,3
2/28/2018 23:00,0.435,173.3,1
3/1/2018 0:00,0.434,173.5,2
3/1/2018 1:00,0.434,173.5,0
3/1/2018 2:00,0.434,173.6,1
3/1/2018 3:00,0.434,173.8,2
3/1/2018 4:00,0.434,174.2,4
3/1/2018 5:00,0.434,174.4,2
3/1/2018 6:00,0.434,174.8,4
3/1/2018 7:00,0.434,174.9,1
3/1/2018 8:00,0.434,174.9,0
3/1/2018 9:00,0.434,174.9,0
3/1/2018 10:00,0.434,175.1,2
3/1/2018 11:00,0.434,175.2,1
3/1/2018 12:00,0.434,175.3,1
3/1/2018 13:00,0.434,175.3,0
3/1/2018 14:00,0.435,175.3,0
3/1/2018 15:00,0.435,175.5,2
3/1/2018 16:00,0.436,175.8,3
3/1/2018 17:00,0.435,176.3,5
3/1/2018 18:00,0.435,176.6,3
3/1/2018 19:00,0.435,177.1,5
3/1/2018 20:00,0.435,177.1,0
3/1/2018 21:00,0.434,177.1,0
3/1/2018 22:00,0.434,177.2,1
3/1/2018 23:00,0.434,177.2,0
3/2/2018 0:00,0.434,177.2,0
3/2/2018 1:00,0.434,177.2,0
3/2/2018 2:00,0.433,177.2,0
3/2/2018 3:00,0.433,177.2,0
3/2/2018 4:00,0.433,177.2,0
3/2/2018 5:00,0.433,177.2,0
3/2/2018 6:00,0.434,177.2,0
3/2/2018 7:00,0.433,177.2,0
3/2/2018 8:00,0.433,177.2,0
3/2/2018 9:00,0.433,177.2,0
3/2/2018 10:00,0.433,177.2,0
3/2/2018 11:00,0.433,177.6,4
3/2/2018 12:00,0.434,178.5,9
3/2/2018 13:00,0.434,178.5,0
3/2/2018 14:00,0.434,178.5,0
3/2/2018 15:00,0.433,178.6,1
3/2/2018 16:00,0.433,178.7,1
3/2/2018 17:00,0.433,179,3
3/2/2018 18:00,0.433,179,0
3/2/2018 19:00,0.433,179.1,1
3/2/2018 20:00,0.433,179.1,0
3/2/2018 21:00,0.433,179.1,0
3/2/2018 22:00,0.433,179.1,0
3/2/2018 23:00,0.433,179.1,0
3/3/2018 0:00,0.433,179.1,0
3/3/2018 1:00,0.433,179.1,0
3/3/2018 2:00,0.433,179.1,0
3/3/2018 3:00,0.433,179.1,0
3/3/2018 4:00,0.433,179.1,0
3/3/2018 5:00,0.432,179.1,0
3/3/2018 6:00,0.433,179.1,0
3/3/2018 7:00,0.432,179.1,0
3/3/2018 8:00,0.432,179.1,0
3/3/2018 9:00,0.432,179.1,0
3/3/2018 10:00,0.432,179.1,0
3/3/2018 11:00,0.432,179.5,4
3/3/2018 12:00,0.433,179.7,2
3/3/2018 13:00,0.433,179.7,0
3/3/2018 14:00,0.433,179.7,0
3/3/2018 15:00,0.433,179.7,0
3/3/2018 16:00,0.434,179.7,0
3/3/2018 17:00,0.434,179.7,0
3/3/2018 18:00,0.434,179.7,0
3/3/2018 19:00,0.435,179.8,1
3/3/2018 20:00,0.435,179.9,1
3/3/2018 21:00,0.435,179.9,0
3/3/2018 22:00,0.435,179.9,0
3/3/2018 23:00,0.435,179.9,0
3/4/2018 0:00,0.434,179.9,0
3/4/2018 1:00,0.434,179.9,0
3/4/2018 2:00,0.434,179.9,0
3/4/2018 3:00,0.434,179.9,0
3/4/2018 4:00,0.434,179.9,0
3/4/2018 5:00,0.433,179.9,0
3/4/2018 6:00,0.433,179.9,0
3/4/2018 7:00,0.433,179.9,0
3/4/2018 8:00,0.433,179.9,0
3/4/2018 9:00,0.433,179.9,0
3/4/2018 10:00,0.433,179.9,0
3/4/2018 11:00,0.434,179.9,0
3/4/2018 12:00,0.434,179.9,0
3/4/2018 13:00,0.434,179.9,0
3/4/2018 14:00,0.435,179.9,0
3/4/2018 15:00,0.435,179.9,0
3/4/2018 16:00,0.436,179.9,0
3/4/2018 17:00,0.437,179.9,0
3/4/2018 18:00,0.437,179.9,0
3/4/2018 19:00,0.437,179.9,0
3/4/2018 20:00,0.437,179.9,0
3/4/2018 21:00,0.438,179.9,0
3/4/2018 22:00,0.438,179.9,0
3/4/2018 23:00,0.437,179.9,0
3/5/2018 0:00,0.437,179.9,0
3/5/2018 1:00,0.437,179.9,0
3/5/2018 2:00,0.437,179.9,0
3/5/2018 3:00,0.436,179.9,0
3/5/2018 4:00,0.436,179.9,0
3/5/2018 5:00,0.435,179.9,0
3/5/2018 6:00,0.436,179.9,0
3/5/2018 7:00,0.435,179.9,0
3/5/2018 8:00,0.435,179.9,0
3/5/2018 9:00,0.435,179.9,0
3/5/2018 10:00,0.435,179.9,0
3/5/2018 11:00,0.435,179.9,0
3/5/2018 12:00,0.434,179.9,0
3/5/2018 13:00,0.435,179.9,0
3/5/2018 14:00,0.435,179.9,0
3/5/2018 15:00,0.435,179.9,0
3/5/2018 16:00,0.435,179.9,0
3/5/2018 17:00,0.436,179.9,0
3/5/2018 18:00,0.437,179.9,0
3/5/2018 19:00,0.437,179.9,0
3/5/2018 20:00,0.438,179.9,0
3/5/2018 21:00,0.438,179.9,0
3/5/2018 22:00,0.439,179.9,0
3/5/2018 23:00,0.438,179.9,0
3/6/2018 0:00,0.438,179.9,0
3/6/2018 1:00,0.438,179.9,0
3/6/2018 2:00,0.438,179.9,0
3/6/2018 3:00,0.438,179.9,0
3/6/2018 4:00,0.437,179.9,0
3/6/2018 5:00,0.437,179.9,0
3/6/2018 6:00,0.437,179.9,0
3/6/2018 7:00,0.437,179.9,0
3/6/2018 8:00,0.437,179.9,0
3/6/2018 9:00,0.436,179.9,0
3/6/2018 10:00,0.436,179.9,0
3/6/2018 11:00,0.436,179.9,0
3/6/2018 12:00,0.437,179.9,0
3/6/2018 13:00,0.436,179.9,0
3/6/2018 14:00,0.435,179.9,0
3/6/2018 15:00,0.434,179.9,0
3/6/2018 16:00,0.435,179.9,0
3/6/2018 17:00,0.433,179.9,0
3/6/2018 18:00,0.433,179.9,0
3/6/2018 19:00,0.433,179.9,0
3/6/2018 20:00,0.433,179.9,0
3/6/2018 21:00,0.433,179.9,0
3/6/2018 22:00,0.434,179.9,0
3/6/2018 23:00,0.433,179.9,0
3/7/2018 0:00,0.434,179.9,0
3/7/2018 1:00,0.434,179.9,0
3/7/2018 2:00,0.433,179.9,0
3/7/2018 3:00,0.433,179.9,0
3/7/2018 4:00,0.433,179.9,0
3/7/2018 5:00,0.433,179.9,0
3/7/2018 6:00,0.432,179.9,0
3/7/2018 7:00,0.432,179.9,0
3/7/2018 8:00,0.431,179.9,0
3/7/2018 9:00,0.431,179.9,0
3/7/2018 10:00,0.431,179.9,0
3/7/2018 11:00,0.431,179.9,0
3/7/2018 12:00,0.431,179.9,0
3/7/2018 13:00,0.43,179.9,0
3/7/2018 14:00,0.43,179.9,0
3/7/2018 15:00,0.431,179.9,0
3/7/2018 16:00,0.431,179.9,0
3/7/2018 17:00,0.431,179.9,0
3/7/2018 18:00,0.431,179.9,0
3/7/2018 19:00,0.432,179.9,0
3/7/2018 20:00,0.441,180.2,3
3/7/2018 21:00,0.441,180.3,1
3/7/2018 22:00,0.441,180.3,0
3/7/2018 23:00,0.441,180.3,0
3/8/2018 0:00,0.442,180.3,0
3/8/2018 1:00,0.441,180.3,0
3/8/2018 2:00,0.441,180.3,0
3/8/2018 3:00,0.441,180.3,0
3/8/2018 4:00,0.441,180.3,0
3/8/2018 5:00,0.441,180.3,0
3/8/2018 6:00,0.441,180.3,0
3/8/2018 7:00,0.441,180.3,0
3/8/2018 8:00,0.441,180.3,0
3/8/2018 9:00,0.441,180.3,0
3/8/2018 10:00,0.441,180.4,1
3/8/2018 11:00,0.44,180.4,0
3/8/2018 12:00,0.44,180.4,0
3/8/2018 13:00,0.441,180.4,0
3/8/2018 14:00,0.441,180.4,0
3/8/2018 15:00,0.441,180.4,0
3/8/2018 16:00,0.441,180.5,1
3/8/2018 17:00,0.442,180.5,0
3/8/2018 18:00,0.442,180.5,0
3/8/2018 19:00,0.442,180.5,0
3/8/2018 20:00,0.442,180.5,0
3/8/2018 21:00,0.442,180.5,0
3/8/2018 22:00,0.443,180.5,0
3/8/2018 23:00,0.443,180.5,0
3/9/2018 0:00,0.443,180.5,0
3/9/2018 1:00,0.443,180.5,0
3/9/2018 2:00,0.443,180.5,0
3/9/2018 3:00,0.443,180.5,0
3/9/2018 4:00,0.442,180.5,0
3/9/2018 5:00,0.442,180.5,0
3/9/2018 6:00,0.442,180.5,0
3/9/2018 7:00,0.442,180.5,0
3/9/2018 8:00,0.442,180.7,2
3/9/2018 9:00,0.442,181,3
3/9/2018 10:00,0.442,181.3,3
3/9/2018 11:00,0.442,181.4,1
3/9/2018 12:00,0.442,181.4,0
3/9/2018 13:00,0.441,181.4,0
3/9/2018 14:00,0.442,181.4,0
3/9/2018 15:00,0.442,181.4,0
3/9/2018 16:00,0.442,181.4,0
3/9/2018 17:00,0.443,181.4,0
3/9/2018 18:00,0.443,181.4,0
3/9/2018 19:00,0.444,181.4,0
3/9/2018 20:00,0.445,181.4,0
3/9/2018 21:00,0.445,181.4,0
3/9/2018 22:00,0.446,181.4,0
3/9/2018 23:00,0.445,181.4,0
3/10/2018 0:00,0.445,181.4,0
3/10/2018 1:00,0.445,181.4,0
3/10/2018 2:00,0.445,181.4,0
3/10/2018 3:00,0.444,181.4,0
3/10/2018 4:00,0.443,181.4,0
3/10/2018 5:00,0.443,181.4,0
3/10/2018 6:00,0.443,181.4,0
3/10/2018 7:00,0.443,181.4,0
3/10/2018 8:00,0.443,181.4,0
3/10/2018 9:00,0.442,181.4,0
3/10/2018 10:00,0.443,181.4,0
3/10/2018 11:00,0.443,181.4,0
3/10/2018 12:00,0.442,181.4,0
3/10/2018 13:00,0.442,181.4,0
3/10/2018 14:00,0.443,181.4,0
3/10/2018 15:00,0.442,181.4,0
3/10/2018 16:00,0.443,181.4,0
3/10/2018 17:00,0.443,181.4,0
3/10/2018 18:00,0.444,181.4,0
3/10/2018 19:00,0.444,181.4,0
3/10/2018 20:00,0.444,181.4,0
3/10/2018 21:00,0.444,181.4,0
3/10/2018 22:00,0.444,181.4,0
3/10/2018 23:00,0.445,181.4,0
3/11/2018 0:00,0.445,181.4,0
3/11/2018 1:00,0.444,181.4,0
3/11/2018 2:00,0.444,181.4,0
3/11/2018 3:00,0.443,181.4,0
3/11/2018 4:00,0.443,181.4,0
3/11/2018 5:00,0.443,181.4,0
3/11/2018 6:00,0.443,181.4,0
3/11/2018 7:00,0.441,181.4,0
3/11/2018 8:00,0.441,181.4,0
3/11/2018 9:00,0.44,181.4,0
3/11/2018 10:00,0.439,181.4,0
3/11/2018 11:00,0.439,181.4,0
3/11/2018 12:00,0.438,181.4,0
3/11/2018 13:00,0.438,181.4,0
3/11/2018 14:00,0.437,181.4,0
3/11/2018 15:00,0.436,181.4,0
3/11/2018 16:00,0.435,181.4,0
3/11/2018 17:00,0.435,181.4,0
3/11/2018 18:00,0.436,181.4,0
3/11/2018 19:00,0.437,181.4,0
3/11/2018 20:00,0.437,181.4,0
3/11/2018 21:00,0.437,181.4,0
3/11/2018 22:00,0.437,181.4,0
3/11/2018 23:00,0.437,181.4,0
3/12/2018 0:00,0.437,181.4,0
3/12/2018 1:00,0.437,181.4,0
3/12/2018 2:00,0.437,181.4,0
3/12/2018 3:00,0.437,181.4,0
3/12/2018 4:00,0.437,181.4,0
3/12/2018 5:00,0.436,181.4,0
3/12/2018 6:00,0.436,181.4,0
3/12/2018 7:00,0.435,181.4,0
3/12/2018 8:00,0.435,181.4,0
3/12/2018 9:00,0.435,181.4,0
3/12/2018 10:00,0.434,181.4,0
3/12/2018 11:00,0.434,181.4,0
3/12/2018 12:00,0.434,181.4,0
3/12/2018 13:00,0.433,181.4,0
3/12/2018 14:00,0.433,181.4,0
3/12/2018 15:00,0.432,181.4,0
3/12/2018 16:00,0.434,181.4,0
3/12/2018 17:00,0.434,181.4,0
3/12/2018 18:00,0.435,181.4,0
3/12/2018 19:00,0.436,181.4,0
3/12/2018 20:00,0.437,181.4,0
3/12/2018 21:00,0.438,181.4,0
3/12/2018 22:00,0.44,181.4,0
3/12/2018 23:00,0.445,181.5,1
3/13/2018 0:00,0.446,181.5,0
3/13/2018 1:00,0.447,181.6,1
3/13/2018 2:00,0.447,181.6,0
3/13/2018 3:00,0.447,182.2,6
3/13/2018 4:00,0.446,182.6,4
3/13/2018 5:00,0.446,182.9,3
3/13/2018 6:00,0.446,183.6,7
3/13/2018 7:00,0.446,183.7,1
3/13/2018 8:00,0.446,183.7,0
3/13/2018 9:00,0.446,183.7,0
3/13/2018 10:00,0.446,183.7,0
3/13/2018 11:00,0.446,183.7,0
3/13/2018 12:00,0.446,183.7,0
3/13/2018 13:00,0.446,184,3
3/13/2018 14:00,0.446,184,0
3/13/2018 15:00,0.446,184,0
3/13/2018 16:00,0.447,184,0
3/13/2018 17:00,0.447,184,0
3/13/2018 18:00,0.447,184,0
3/13/2018 19:00,0.447,184,0
3/13/2018 20:00,0.447,184,0
3/13/2018 21:00,0.447,184.1,1
3/13/2018 22:00,0.447,184.2,1
3/13/2018 23:00,0.447,184.5,3
3/14/2018 0:00,0.446,184.9,4
3/14/2018 1:00,0.445,185.4,5
3/14/2018 2:00,0.445,185.6,2
3/14/2018 3:00,0.445,185.6,0
3/14/2018 4:00,0.445,185.6,0
3/14/2018 5:00,0.444,185.7,1
3/14/2018 6:00,0.445,185.7,0
3/14/2018 7:00,0.444,185.7,0
3/14/2018 8:00,0.444,185.7,0
3/14/2018 9:00,0.444,185.8,1
3/14/2018 10:00,0.444,185.8,0
3/14/2018 11:00,0.444,185.8,0
3/14/2018 12:00,0.444,185.8,0
3/14/2018 13:00,0.444,185.8,0
3/14/2018 14:00,0.444,185.9,1
3/14/2018 15:00,0.445,185.9,0
3/14/2018 16:00,0.445,185.9,0
3/14/2018 17:00,0.446,185.9,0
3/14/2018 18:00,0.446,185.9,0
3/14/2018 19:00,0.446,185.9,0
3/14/2018 20:00,0.447,185.9,0
3/14/2018 21:00,0.447,185.9,0
3/14/2018 22:00,0.447,185.9,0
3/14/2018 23:00,0.446,185.9,0
3/15/2018 0:00,0.446,185.9,0
3/15/2018 1:00,0.446,185.9,0
3/15/2018 2:00,0.446,185.9,0
3/15/2018 3:00,0.445,185.9,0
3/15/2018 4:00,0.445,185.9,0
3/15/2018 5:00,0.445,186,1
3/15/2018 6:00,0.444,186.1,1
3/15/2018 7:00,0.444,186.2,1
3/15/2018 8:00,0.443,186.2,0
3/15/2018 9:00,0.443,186.4,2
3/15/2018 10:00,0.443,186.7,3
3/15/2018 11:00,0.442,186.9,2
3/15/2018 12:00,0.442,187,1
3/15/2018 13:00,0.442,187.2,2
3/15/2018 14:00,0.442,187.3,1
3/15/2018 15:00,0.442,187.4,1
3/15/2018 16:00,0.441,187.9,5
3/15/2018 17:00,0.442,188.1,2
3/15/2018 18:00,0.443,188.1,0
3/15/2018 19:00,0.443,188.4,3
3/15/2018 20:00,0.443,188.6,2
3/15/2018 21:00,0.443,188.6,0
3/15/2018 22:00,0.443,188.7,1
3/15/2018 23:00,0.443,188.7,0
3/16/2018 0:00,0.443,188.8,1
3/16/2018 1:00,0.442,188.8,0
3/16/2018 2:00,0.442,189.1,3
3/16/2018 3:00,0.442,189.2,1
3/16/2018 4:00,0.442,189.3,1
3/16/2018 5:00,0.441,189.3,0
3/16/2018 6:00,0.441,189.3,0
3/16/2018 7:00,0.441,189.3,0
3/16/2018 8:00,0.441,189.3,0
3/16/2018 9:00,0.44,189.6,3
3/16/2018 10:00,0.44,189.9,3
3/16/2018 11:00,0.44,190.1,2
3/16/2018 12:00,0.441,190.2,1
3/16/2018 13:00,0.441,190.2,0
3/16/2018 14:00,0.441,190.3,1
3/16/2018 15:00,0.441,190.4,1
3/16/2018 16:00,0.442,190.5,1
3/16/2018 17:00,0.442,190.5,0
3/16/2018 18:00,0.443,190.8,3
3/16/2018 19:00,0.443,190.9,1
3/16/2018 20:00,0.443,190.9,0
3/16/2018 21:00,0.443,190.9,0
3/16/2018 22:00,0.443,190.9,0
3/16/2018 23:00,0.443,191,1
3/17/2018 0:00,0.443,191,0
3/17/2018 1:00,0.442,191,0
3/17/2018 2:00,0.442,191,0
3/17/2018 3:00,0.442,191,0
3/17/2018 4:00,0.442,191,0
3/17/2018 5:00,0.442,191,0
3/17/2018 6:00,0.442,191,0
3/17/2018 7:00,0.441,191,0
3/17/2018 8:00,0.441,191,0
3/17/2018 9:00,0.441,191,0
3/17/2018 10:00,0.441,191,0
3/17/2018 11:00,0.441,191,0
3/17/2018 12:00,0.441,191,0
3/17/2018 13:00,0.441,191,0
3/17/2018 14:00,0.441,191,0
3/17/2018 15:00,0.442,191,0
3/17/2018 16:00,0.443,191,0
3/17/2018 17:00,0.443,191,0
3/17/2018 18:00,0.445,191,0
3/17/2018 19:00,0.445,191,0
3/17/2018 20:00,0.445,191,0
3/17/2018 21:00,0.445,191,0
3/17/2018 22:00,0.446,191,0
3/17/2018 23:00,0.446,191,0
3/18/2018 0:00,0.445,191,0
3/18/2018 1:00,0.445,191,0
3/18/2018 2:00,0.445,191,0
3/18/2018 3:00,0.444,191,0
3/18/2018 4:00,0.444,191,0
3/18/2018 5:00,0.443,191,0
3/18/2018 6:00,0.443,191,0
3/18/2018 7:00,0.443,191,0
3/18/2018 8:00,0.443,191,0
3/18/2018 9:00,0.443,191,0
3/18/2018 10:00,0.442,191,0
3/18/2018 11:00,0.442,191,0
3/18/2018 12:00,0.441,191,0
3/18/2018 13:00,0.442,191,0
3/18/2018 14:00,0.442,191,0
3/18/2018 15:00,0.442,191,0
3/18/2018 16:00,0.443,191,0
3/18/2018 17:00,0.443,191,0
3/18/2018 18:00,0.444,191,0
3/18/2018 19:00,0.445,191,0
3/18/2018 20:00,0.445,191,0
3/18/2018 21:00,0.445,191,0
3/18/2018 22:00,0.445,191,0
3/18/2018 23:00,0.445,191,0
3/19/2018 0:00,0.445,191,0
3/19/2018 1:00,0.445,191,0
3/19/2018 2:00,0.445,191,0
3/19/2018 3:00,0.445,191,0
3/19/2018 4:00,0.445,191,0
3/19/2018 5:00,0.444,191,0
3/19/2018 6:00,0.444,191,0
3/19/2018 7:00,0.443,191,0
3/19/2018 8:00,0.443,191,0
3/19/2018 9:00,0.443,191,0
3/19/2018 10:00,0.443,191,0
3/19/2018 11:00,0.441,191,0
3/19/2018 12:00,0.442,191,0
3/19/2018 13:00,0.441,191,0
3/19/2018 14:00,0.441,191,0
3/19/2018 15:00,0.44,191,0
3/19/2018 16:00,0.439,191,0
3/19/2018 17:00,0.44,191,0
3/19/2018 18:00,0.44,191,0
3/19/2018 19:00,0.441,191,0
3/19/2018 20:00,0.442,191,0
3/19/2018 21:00,0.442,191,0
3/19/2018 22:00,0.443,191,0
3/19/2018 23:00,0.443,191,0
3/20/2018 0:00,0.443,191,0
3/20/2018 1:00,0.442,191,0
3/20/2018 2:00,0.442,191,0
3/20/2018 3:00,0.442,191,0
3/20/2018 4:00,0.442,191,0
3/20/2018 5:00,0.441,191,0
3/20/2018 6:00,0.441,191,0
3/20/2018 7:00,0.441,191,0
3/20/2018 8:00,0.442,191,0
3/20/2018 9:00,0.442,191,0
3/20/2018 10:00,0.442,191,0
3/20/2018 11:00,0.442,191,0
3/20/2018 12:00,0.441,191,0
3/20/2018 13:00,0.441,191,0
3/20/2018 14:00,0.441,191,0
3/20/2018 15:00,0.442,191,0
3/20/2018 16:00,0.443,191,0
3/20/2018 17:00,0.443,191,0
3/20/2018 18:00,0.443,191,0
3/20/2018 19:00,0.443,191,0
3/20/2018 20:00,0.446,191.5,5
3/20/2018 21:00,0.447,191.6,1
3/20/2018 22:00,0.447,191.7,1
3/20/2018 23:00,0.447,191.7,0
3/21/2018 0:00,0.447,191.7,0
3/21/2018 1:00,0.447,191.7,0
3/21/2018 2:00,0.447,191.7,0
3/21/2018 3:00,0.447,191.7,0
3/21/2018 4:00,0.446,191.7,0
3/21/2018 5:00,0.446,191.7,0
3/21/2018 6:00,0.447,191.7,0
3/21/2018 7:00,0.447,191.7,0
3/21/2018 8:00,0.447,191.7,0
3/21/2018 9:00,0.447,191.7,0
3/21/2018 10:00,0.446,191.7,0
3/21/2018 11:00,0.446,191.7,0
3/21/2018 12:00,0.447,191.7,0
3/21/2018 13:00,0.446,191.7,0
3/21/2018 14:00,0.447,191.7,0
3/21/2018 15:00,0.447,191.7,0
3/21/2018 16:00,0.447,191.7,0
3/21/2018 17:00,0.447,191.8,1
3/21/2018 18:00,0.448,192.1,3
3/21/2018 19:00,0.449,192.5,4
3/21/2018 20:00,0.449,192.5,0
3/21/2018 21:00,0.449,192.5,0
3/21/2018 22:00,0.449,192.5,0
3/21/2018 23:00,0.449,192.5,0
3/22/2018 0:00,0.449,192.5,0
3/22/2018 1:00,0.449,192.7,2
3/22/2018 2:00,0.449,192.7,0
3/22/2018 3:00,0.449,192.7,0
3/22/2018 4:00,0.449,192.7,0
3/22/2018 5:00,0.449,192.7,0
3/22/2018 6:00,0.449,192.7,0
3/22/2018 7:00,0.449,193.2,5
3/22/2018 8:00,0.448,193.4,2
3/22/2018 9:00,0.447,193.5,1
3/22/2018 10:00,0.447,193.6,1
3/22/2018 11:00,0.447,193.6,0
3/22/2018 12:00,0.447,193.6,0
3/22/2018 13:00,0.447,193.6,0
3/22/2018 14:00,0.447,193.6,0
3/22/2018 15:00,0.448,193.6,0
3/22/2018 16:00,0.448,193.6,0
3/22/2018 17:00,0.448,193.6,0
3/22/2018 18:00,0.449,193.7,1
3/22/2018 19:00,0.449,193.7,0
3/22/2018 20:00,0.45,193.7,0
3/22/2018 21:00,0.45,193.7,0
3/22/2018 22:00,0.45,193.7,0
3/22/2018 23:00,0.449,193.7,0
3/23/2018 0:00,0.449,193.7,0
3/23/2018 1:00,0.449,193.7,0
3/23/2018 2:00,0.448,193.7,0
3/23/2018 3:00,0.447,193.7,0
3/23/2018 4:00,0.447,193.7,0
3/23/2018 5:00,0.447,193.7,0
3/23/2018 6:00,0.447,193.7,0
3/23/2018 7:00,0.446,193.8,1
3/23/2018 8:00,0.445,194,2
3/23/2018 9:00,0.445,194.1,1
3/23/2018 10:00,0.445,194.1,0
3/23/2018 11:00,0.445,194.1,0
3/23/2018 12:00,0.445,194.1,0
3/23/2018 13:00,0.445,194.2,1
3/23/2018 14:00,0.445,194.5,3
3/23/2018 15:00,0.445,194.6,1
3/23/2018 16:00,0.446,195,4
3/23/2018 17:00,0.446,195.1,1
3/23/2018 18:00,0.446,195.2,1
3/23/2018 19:00,0.446,195.3,1
3/23/2018 20:00,0.447,195.8,5
3/23/2018 21:00,0.446,196.2,4
3/23/2018 22:00,0.446,196.5,3
3/23/2018 23:00,0.445,196.7,2
3/24/2018 0:00,0.445,196.7,0
3/24/2018 1:00,0.445,196.7,0
3/24/2018 2:00,0.445,196.7,0
3/24/2018 3:00,0.445,196.7,0
3/24/2018 4:00,0.444,196.7,0
3/24/2018 5:00,0.444,196.7,0
3/24/2018 6:00,0.444,196.7,0
3/24/2018 7:00,0.443,196.7,0
3/24/2018 8:00,0.443,196.7,0
3/24/2018 9:00,0.443,196.7,0
3/24/2018 10:00,0.443,196.7,0
3/24/2018 11:00,0.443,196.7,0
3/24/2018 12:00,0.442,196.7,0
3/24/2018 13:00,0.442,196.7,0
3/24/2018 14:00,0.443,196.7,0
3/24/2018 15:00,0.443,196.7,0
3/24/2018 16:00,0.443,197.1,4
3/24/2018 17:00,0.444,197.2,1
3/24/2018 18:00,0.444,197.5,3
3/24/2018 19:00,0.444,197.7,2
3/24/2018 20:00,0.444,197.8,1
3/24/2018 21:00,0.444,197.8,0
3/24/2018 22:00,0.443,197.8,0
3/24/2018 23:00,0.443,197.8,0
3/25/2018 0:00,0.443,197.8,0
3/25/2018 1:00,0.443,197.8,0
3/25/2018 2:00,0.443,197.8,0
3/25/2018 3:00,0.442,197.9,1
3/25/2018 4:00,0.442,197.9,0
3/25/2018 5:00,0.442,197.9,0
3/25/2018 6:00,0.441,197.9,0
3/25/2018 7:00,0.441,197.9,0
3/25/2018 8:00,0.441,197.9,0
3/25/2018 9:00,0.441,197.9,0
3/25/2018 10:00,0.441,198.2,3
3/25/2018 11:00,0.441,199.7,15
3/25/2018 12:00,0.441,199.9,2
3/25/2018 13:00,0.441,199.9,0
3/25/2018 14:00,0.442,199.9,0
3/25/2018 15:00,0.442,199.9,0
3/25/2018 16:00,0.442,199.9,0
3/25/2018 17:00,0.443,199.9,0
3/25/2018 18:00,0.443,199.9,0
3/25/2018 19:00,0.443,199.9,0
3/25/2018 20:00,0.443,199.9,0
3/25/2018 21:00,0.443,199.9,0
3/25/2018 22:00,0.443,199.9,0
3/25/2018 23:00,0.443,199.9,0
3/26/2018 0:00,0.443,199.9,0
3/26/2018 1:00,0.443,199.9,0
3/26/2018 2:00,0.442,199.9,0
3/26/2018 3:00,0.442,199.9,0
3/26/2018 4:00,0.441,199.9,0
3/26/2018 5:00,0.442,199.9,0
3/26/2018 6:00,0.442,199.9,0
3/26/2018 7:00,0.441,199.9,0
3/26/2018 8:00,0.441,199.9,0
3/26/2018 9:00,0.441,199.9,0
3/26/2018 10:00,0.44,199.9,0
3/26/2018 11:00,0.44,199.9,0
3/26/2018 12:00,0.44,199.9,0
3/26/2018 13:00,0.441,200,1
3/26/2018 14:00,0.441,200,0
3/26/2018 15:00,0.441,200,0
3/26/2018 16:00,0.442,200,0
3/26/2018 17:00,0.443,200,0
3/26/2018 18:00,0.444,200,0
3/26/2018 19:00,0.445,200,0
3/26/2018 20:00,0.446,200,0
3/26/2018 21:00,0.447,200,0
3/26/2018 22:00,0.447,200,0
3/26/2018 23:00,0.447,200,0
3/27/2018 0:00,0.447,200,0
3/27/2018 1:00,0.447,200,0
3/27/2018 2:00,0.447,200,0
3/27/2018 3:00,0.446,200,0
3/27/2018 4:00,0.446,200,0
3/27/2018 5:00,0.446,200,0
3/27/2018 6:00,0.445,200,0
3/27/2018 7:00,0.445,200,0
3/27/2018 8:00,0.445,200,0
3/27/2018 9:00,0.445,200,0
3/27/2018 10:00,0.445,200,0
3/27/2018 11:00,0.445,200,0
3/27/2018 12:00,0.445,200,0
3/27/2018 13:00,0.445,200,0
3/27/2018 14:00,0.445,200,0
3/27/2018 15:00,0.446,200,0
3/27/2018 16:00,0.446,200,0
3/27/2018 17:00,0.445,200,0
3/27/2018 18:00,0.446,200,0
3/27/2018 19:00,0.447,200,0
3/27/2018 20:00,0.447,200,0
3/27/2018 21:00,0.448,200,0
3/27/2018 22:00,0.448,200,0
3/27/2018 23:00,0.449,200,0
3/28/2018 0:00,0.448,200,0
3/28/2018 1:00,0.447,200,0
3/28/2018 2:00,0.447,200,0
3/28/2018 3:00,0.447,200,0
3/28/2018 4:00,0.446,200,0
3/28/2018 5:00,0.446,200,0
3/28/2018 6:00,0.446,200,0
3/28/2018 7:00,0.445,200,0
3/28/2018 8:00,0.444,200,0
3/28/2018 9:00,0.445,200,0
3/28/2018 10:00,0.445,200,0
3/28/2018 11:00,0.444,200,0
3/28/2018 12:00,0.444,200,0
3/28/2018 13:00,0.444,200,0
3/28/2018 14:00,0.443,200,0
3/28/2018 15:00,0.442,200,0
3/28/2018 16:00,0.442,200,0
3/28/2018 17:00,0.442,200,0
3/28/2018 18:00,0.443,200,0
3/28/2018 19:00,0.443,200,0
3/28/2018 20:00,0.444,200,0
3/28/2018 21:00,0.445,200,0
3/28/2018 22:00,0.445,200,0
3/28/2018 23:00,0.445,200,0
3/29/2018 0:00,0.446,200,0
3/29/2018 1:00,0.446,200,0
3/29/2018 2:00,0.445,200,0
3/29/2018 3:00,0.445,200,0
3/29/2018 4:00,0.445,200,0
3/29/2018 5:00,0.445,200,0
3/29/2018 6:00,0.444,200,0
3/29/2018 7:00,0.443,200,0
3/29/2018 8:00,0.443,200,0
3/29/2018 9:00,0.443,200,0
3/29/2018 10:00,0.443,200,0
3/29/2018 11:00,0.443,200,0
3/29/2018 12:00,0.442,200,0
3/29/2018 13:00,0.441,200,0
3/29/2018 14:00,0.441,200,0
3/29/2018 15:00,0.441,200,0
3/29/2018 16:00,0.441,200,0
3/29/2018 17:00,0.442,200,0
3/29/2018 18:00,0.442,200,0
3/29/2018 19:00,0.443,200,0
3/29/2018 20:00,0.444,200,0
3/29/2018 21:00,0.444,200,0
3/29/2018 22:00,0.445,200,0
3/29/2018 23:00,0.445,200,0
3/30/2018 0:00,0.445,200,0
3/30/2018 1:00,0.445,200,0
3/30/2018 2:00,0.444,200,0
3/30/2018 3:00,0.444,200,0
3/30/2018 4:00,0.444,200,0
3/30/2018 5:00,0.444,200,0
3/30/2018 6:00,0.443,200,0
3/30/2018 7:00,0.443,200,0
3/30/2018 8:00,0.442,200,0
3/30/2018 9:00,0.441,200,0
3/30/2018 10:00,0.442,200,0
3/30/2018 11:00,0.441,200,0
3/30/2018 12:00,0.441,200,0
3/30/2018 13:00,0.44,200,0
3/30/2018 14:00,0.44,200,0
3/30/2018 15:00,0.44,200,0
3/30/2018 16:00,0.44,200,0
3/30/2018 17:00,0.441,200,0
3/30/2018 18:00,0.442,200,0
3/30/2018 19:00,0.442,200,0
3/30/2018 20:00,0.443,200,0
3/30/2018 21:00,0.443,200,0
3/30/2018 22:00,0.443,200,0
3/30/2018 23:00,0.444,200,0
3/31/2018 0:00,0.444,200,0
3/31/2018 1:00,0.443,200,0
3/31/2018 2:00,0.443,200,0
3/31/2018 3:00,0.443,200,0
3/31/2018 4:00,0.442,200,0
3/31/2018 5:00,0.442,200,0
3/31/2018 6:00,0.442,200,0
3/31/2018 7:00,0.441,200,0
3/31/2018 8:00,0.441,200,0
3/31/2018 9:00,0.44,200,0
3/31/2018 10:00,0.44,200,0
3/31/2018 11:00,0.439,200,0
3/31/2018 12:00,0.439,200,0
3/31/2018 13:00,0.439,200,0
3/31/2018 14:00,0.439,200,0
3/31/2018 15:00,0.44,200,0
3/31/2018 16:00,0.44,200,0
3/31/2018 17:00,0.441,200,0
3/31/2018 18:00,0.441,200,0
3/31/2018 19:00,0.442,200,0
3/31/2018 20:00,0.443,200,0
3/31/2018 21:00,0.443,200,0
3/31/2018 22:00,0.443,200,0
3/31/2018 23:00,0.443,200,0
4/1/2018 0:00,0.443,200,0
4/1/2018 1:00,0.443,200,0
4/1/2018 2:00,0.442,200,0
4/1/2018 3:00,0.442,200,0
4/1/2018 4:00,0.441,200,0
4/1/2018 5:00,0.44,200,0
4/1/2018 6:00,0.44,200,0
4/1/2018 7:00,0.439,200,0
4/1/2018 8:00,0.439,200,0
4/1/2018 9:00,0.438,200,0
4/1/2018 10:00,0.439,200,0
4/1/2018 11:00,0.438,200,0
4/1/2018 12:00,0.438,200,0
4/1/2018 13:00,0.438,200,0
4/1/2018 14:00,0.438,200,0
4/1/2018 15:00,0.438,200,0
4/1/2018 16:00,0.439,200,0
4/1/2018 17:00,0.44,200,0
4/1/2018 18:00,0.441,200,0
4/1/2018 19:00,0.441,200,0
4/1/2018 20:00,0.441,200,0
4/1/2018 21:00,0.442,200,0
4/1/2018 22:00,0.441,200,0
4/1/2018 23:00,0.442,200,0
4/2/2018 0:00,0.441,200,0
4/2/2018 1:00,0.441,200,0
4/2/2018 2:00,0.441,200,0
4/2/2018 3:00,0.44,200,0
4/2/2018 4:00,0.439,200,0
4/2/2018 5:00,0.44,200,0
4/2/2018 6:00,0.439,200,0
4/2/2018 7:00,0.438,200,0
4/2/2018 8:00,0.438,200,0
4/2/2018 9:00,0.437,200,0
4/2/2018 10:00,0.438,200,0
4/2/2018 11:00,0.437,200,0
4/2/2018 12:00,0.437,200,0
4/2/2018 13:00,0.437,200,0
4/2/2018 14:00,0.437,200,0
4/2/2018 15:00,0.437,200,0
4/2/2018 16:00,0.438,200,0
4/2/2018 17:00,0.439,200,0
4/2/2018 18:00,0.44,200,0
4/2/2018 19:00,0.441,200,0
4/2/2018 20:00,0.441,200,0
4/2/2018 21:00,0.442,200,0
4/2/2018 22:00,0.441,200,0
4/2/2018 23:00,0.441,200,0
4/3/2018 0:00,0.441,200,0
4/3/2018 1:00,0.44,200,0
4/3/2018 2:00,0.441,200,0
4/3/2018 3:00,0.44,200,0
4/3/2018 4:00,0.439,200,0
4/3/2018 5:00,0.439,200,0
4/3/2018 6:00,0.438,200,0
4/3/2018 7:00,0.438,200,0
4/3/2018 8:00,0.437,200,0
4/3/2018 9:00,0.437,200,0
4/3/2018 10:00,0.436,200,0
4/3/2018 11:00,0.436,200,0
4/3/2018 12:00,0.436,200,0
4/3/2018 13:00,0.435,200,0
4/3/2018 14:00,0.436,200,0
4/3/2018 15:00,0.436,200,0
4/3/2018 16:00,0.437,200,0
4/3/2018 17:00,0.438,200,0
4/3/2018 18:00,0.439,200,0
4/3/2018 19:00,0.44,200,0
4/3/2018 20:00,0.44,200,0
4/3/2018 21:00,0.441,200,0
4/3/2018 22:00,0.441,200,0
4/3/2018 23:00,0.441,200,0
4/4/2018 0:00,0.441,200,0
4/4/2018 1:00,0.44,200,0
4/4/2018 2:00,0.44,200,0
4/4/2018 3:00,0.44,200,0
4/4/2018 4:00,0.44,200,0
4/4/2018 5:00,0.439,200,0
4/4/2018 6:00,0.439,200,0
4/4/2018 7:00,0.439,200,0
4/4/2018 8:00,0.438,200,0
4/4/2018 9:00,0.438,200,0
4/4/2018 10:00,0.438,200,0
4/4/2018 11:00,0.438,200,0
4/4/2018 12:00,0.437,200,0
4/4/2018 13:00,0.438,200,0
4/4/2018 14:00,0.438,200,0
4/4/2018 15:00,0.438,200,0
4/4/2018 16:00,0.439,200,0
4/4/2018 17:00,0.44,200,0
4/4/2018 18:00,0.441,200,0
4/4/2018 19:00,0.441,200,0
4/4/2018 20:00,0.441,200,0
4/4/2018 21:00,0.441,200,0
4/4/2018 22:00,0.441,200,0
4/4/2018 23:00,0.441,200,0
4/5/2018 0:00,0.441,200,0
4/5/2018 1:00,0.441,200,0
4/5/2018 2:00,0.44,200,0
4/5/2018 3:00,0.44,200,0
4/5/2018 4:00,0.439,200,0
4/5/2018 5:00,0.44,200,0
4/5/2018 6:00,0.439,200,0
4/5/2018 7:00,0.439,200,0
4/5/2018 8:00,0.439,200,0
4/5/2018 9:00,0.438,200,0
4/5/2018 10:00,0.438,200,0
4/5/2018 11:00,0.438,200,0
4/5/2018 12:00,0.438,200,0
4/5/2018 13:00,0.439,200,0
4/5/2018 14:00,0.439,200.1,1
4/5/2018 15:00,0.44,200.2,1
4/5/2018 16:00,0.443,200.4,2
4/5/2018 17:00,0.447,200.5,1
4/5/2018 18:00,0.45,200.5,0
4/5/2018 19:00,0.454,200.7,2
4/5/2018 20:00,0.454,200.9,2
4/5/2018 21:00,0.455,201.1,2
4/5/2018 22:00,0.455,201.2,1
4/5/2018 23:00,0.454,201.4,2
4/6/2018 0:00,0.454,201.7,3
4/6/2018 1:00,0.454,202,3
4/6/2018 2:00,0.454,202.2,2
4/6/2018 3:00,0.454,202.6,4
4/6/2018 4:00,0.454,203.1,5
4/6/2018 5:00,0.454,203.3,2
4/6/2018 6:00,0.454,203.5,2
4/6/2018 7:00,0.453,204,5
4/6/2018 8:00,0.454,204.4,4
4/6/2018 9:00,0.454,205,6
4/6/2018 10:00,0.454,205.5,5
4/6/2018 11:00,0.454,205.8,3
4/6/2018 12:00,0.454,206.2,4
4/6/2018 13:00,0.455,206.5,3
4/6/2018 14:00,0.455,206.7,2
4/6/2018 15:00,0.456,207,3
4/6/2018 16:00,0.456,207,0
4/6/2018 17:00,0.456,207.1,1
4/6/2018 18:00,0.456,207.1,0
4/6/2018 19:00,0.456,207.2,1
4/6/2018 20:00,0.457,207.5,3
4/6/2018 21:00,0.457,207.8,3
4/6/2018 22:00,0.458,208.3,5
4/6/2018 23:00,0.457,208.7,4
4/7/2018 0:00,0.457,209.2,5
4/7/2018 1:00,0.457,209.6,4
4/7/2018 2:00,0.457,210.4,8
4/7/2018 3:00,0.457,210.8,4
4/7/2018 4:00,0.457,211,2
4/7/2018 5:00,0.457,211,0
4/7/2018 6:00,0.457,211,0
4/7/2018 7:00,0.456,211,0
4/7/2018 8:00,0.456,211,0
4/7/2018 9:00,0.456,211.2,2
4/7/2018 10:00,0.456,211.2,0
4/7/2018 11:00,0.456,211.2,0
4/7/2018 12:00,0.456,211.2,0
4/7/2018 13:00,0.457,211.2,0
4/7/2018 14:00,0.457,211.2,0
4/7/2018 15:00,0.457,211.2,0
4/7/2018 16:00,0.457,211.2,0
4/7/2018 17:00,0.457,211.5,3
4/7/2018 18:00,0.457,211.6,1
4/7/2018 19:00,0.458,211.7,1
4/7/2018 20:00,0.457,211.7,0
4/7/2018 21:00,0.458,211.8,1
4/7/2018 22:00,0.458,211.8,0
4/7/2018 23:00,0.457,211.8,0
4/8/2018 0:00,0.457,211.8,0
4/8/2018 1:00,0.457,211.8,0
4/8/2018 2:00,0.457,211.9,1
4/8/2018 3:00,0.456,211.9,0
4/8/2018 4:00,0.456,211.9,0
4/8/2018 5:00,0.456,212,1
4/8/2018 6:00,0.456,212.3,3
4/8/2018 7:00,0.456,212.3,0
4/8/2018 8:00,0.456,212.3,0
4/8/2018 9:00,0.456,212.3,0
4/8/2018 10:00,0.455,212.3,0
4/8/2018 11:00,0.455,212.3,0
4/8/2018 12:00,0.455,212.3,0
4/8/2018 13:00,0.456,212.3,0
4/8/2018 14:00,0.456,212.3,0
4/8/2018 15:00,0.456,212.3,0
4/8/2018 16:00,0.458,212.3,0
4/8/2018 17:00,0.458,212.3,0
4/8/2018 18:00,0.459,212.3,0
4/8/2018 19:00,0.459,212.3,0
4/8/2018 20:00,0.46,212.3,0
4/8/2018 21:00,0.46,212.3,0
4/8/2018 22:00,0.46,212.3,0
4/8/2018 23:00,0.46,212.3,0
4/9/2018 0:00,0.46,212.3,0
4/9/2018 1:00,0.46,212.3,0
4/9/2018 2:00,0.459,212.3,0
4/9/2018 3:00,0.458,212.3,0
4/9/2018 4:00,0.458,212.3,0
4/9/2018 5:00,0.458,212.3,0
4/9/2018 6:00,0.457,212.3,0
4/9/2018 7:00,0.457,212.3,0
4/9/2018 8:00,0.456,212.3,0
4/9/2018 9:00,0.457,212.3,0
4/9/2018 10:00,0.456,212.3,0
4/9/2018 11:00,0.456,212.3,0
4/9/2018 12:00,0.455,212.3,0
4/9/2018 13:00,0.455,212.3,0
4/9/2018 14:00,0.456,212.3,0
4/9/2018 15:00,0.456,212.3,0
4/9/2018 16:00,0.457,212.3,0
4/9/2018 17:00,0.459,212.3,0
4/9/2018 18:00,0.459,212.3,0
4/9/2018 19:00,0.46,212.3,0
4/9/2018 20:00,0.461,212.3,0
4/9/2018 21:00,0.461,212.3,0
4/9/2018 22:00,0.461,212.3,0
4/9/2018 23:00,0.461,212.3,0
4/10/2018 0:00,0.461,212.3,0
4/10/2018 1:00,0.461,212.3,0
4/10/2018 2:00,0.461,212.3,0
4/10/2018 3:00,0.461,212.3,0
4/10/2018 4:00,0.461,212.3,0
4/10/2018 5:00,0.46,212.3,0
4/10/2018 6:00,0.46,212.3,0
4/10/2018 7:00,0.46,212.3,0
4/10/2018 8:00,0.459,212.4,1
4/10/2018 9:00,0.459,212.4,0
4/10/2018 10:00,0.459,212.5,1
4/10/2018 11:00,0.458,212.5,0
4/10/2018 12:00,0.458,212.5,0
4/10/2018 13:00,0.459,212.5,0
4/10/2018 14:00,0.459,212.5,0
4/10/2018 15:00,0.459,212.5,0
4/10/2018 16:00,0.459,212.5,0
4/10/2018 17:00,0.46,212.6,1
4/10/2018 18:00,0.46,212.6,0
4/10/2018 19:00,0.461,212.6,0
4/10/2018 20:00,0.46,212.6,0
4/10/2018 21:00,0.461,212.6,0
4/10/2018 22:00,0.461,212.6,0
4/10/2018 23:00,0.461,212.6,0
4/11/2018 0:00,0.46,212.6,0
4/11/2018 1:00,0.46,212.6,0
4/11/2018 2:00,0.459,212.6,0
4/11/2018 3:00,0.459,212.6,0
4/11/2018 4:00,0.458,212.6,0
4/11/2018 5:00,0.458,212.6,0
4/11/2018 6:00,0.458,212.6,0
4/11/2018 7:00,0.457,212.6,0
4/11/2018 8:00,0.457,212.6,0
4/11/2018 9:00,0.457,212.6,0
4/11/2018 10:00,0.457,212.6,0
4/11/2018 11:00,0.457,212.6,0
4/11/2018 12:00,0.457,212.6,0
4/11/2018 13:00,0.456,212.6,0
4/11/2018 14:00,0.456,212.6,0
4/11/2018 15:00,0.456,212.7,1
4/11/2018 16:00,0.456,213.1,4
4/11/2018 17:00,0.456,213.6,5
4/11/2018 18:00,0.456,214,4
4/11/2018 19:00,0.455,214.3,3
4/11/2018 20:00,0.455,214.4,1
4/11/2018 21:00,0.455,214.4,0
4/11/2018 22:00,0.455,214.5,1
4/11/2018 23:00,0.454,214.6,1
4/12/2018 0:00,0.454,214.7,1
4/12/2018 1:00,0.454,214.8,1
4/12/2018 2:00,0.454,214.9,1
4/12/2018 3:00,0.453,214.9,0
4/12/2018 4:00,0.453,214.9,0
4/12/2018 5:00,0.453,214.9,0
4/12/2018 6:00,0.452,215,1
4/12/2018 7:00,0.452,215,0
4/12/2018 8:00,0.452,215,0
4/12/2018 9:00,0.452,215,0
4/12/2018 10:00,0.452,215,0
4/12/2018 11:00,0.451,215,0
4/12/2018 12:00,0.452,215,0
4/12/2018 13:00,0.452,215.1,1
4/12/2018 14:00,0.452,215.1,0
4/12/2018 15:00,0.453,215.1,0
4/12/2018 16:00,0.453,215.1,0
4/12/2018 17:00,0.454,215.1,0
4/12/2018 18:00,0.455,215.1,0
4/12/2018 19:00,0.455,215.1,0
4/12/2018 20:00,0.456,215.1,0
4/12/2018 21:00,0.456,215.1,0
4/12/2018 22:00,0.455,215.1,0
4/12/2018 23:00,0.455,215.1,0
4/13/2018 0:00,0.455,215.1,0
4/13/2018 1:00,0.455,215.1,0
4/13/2018 2:00,0.455,215.1,0
4/13/2018 3:00,0.454,215.1,0
4/13/2018 4:00,0.454,215.1,0
4/13/2018 5:00,0.454,215.1,0
4/13/2018 6:00,0.453,215.1,0
4/13/2018 7:00,0.453,215.1,0
4/13/2018 8:00,0.453,215.1,0
4/13/2018 9:00,0.453,215.1,0
4/13/2018 10:00,0.452,215.1,0
4/13/2018 11:00,0.452,215.1,0
4/13/2018 12:00,0.452,215.1,0
4/13/2018 13:00,0.452,215.1,0
4/13/2018 14:00,0.453,215.2,1
4/13/2018 15:00,0.453,215.2,0
4/13/2018 16:00,0.455,215.2,0
4/13/2018 17:00,0.455,215.2,0
4/13/2018 18:00,0.457,215.2,0
4/13/2018 19:00,0.458,215.2,0
4/13/2018 20:00,0.458,215.2,0
4/13/2018 21:00,0.459,215.2,0
4/13/2018 22:00,0.458,215.2,0
4/13/2018 23:00,0.459,215.2,0
4/14/2018 0:00,0.459,215.2,0
4/14/2018 1:00,0.458,215.2,0
4/14/2018 2:00,0.458,215.2,0
4/14/2018 3:00,0.458,215.2,0
4/14/2018 4:00,0.456,215.2,0
4/14/2018 5:00,0.454,215.2,0
4/14/2018 6:00,0.454,215.2,0
4/14/2018 7:00,0.453,215.2,0
4/14/2018 8:00,0.451,215.2,0
4/14/2018 9:00,0.451,215.2,0
4/14/2018 10:00,0.451,215.2,0
4/14/2018 11:00,0.451,215.2,0
4/14/2018 12:00,0.451,215.2,0
4/14/2018 13:00,0.451,215.2,0
4/14/2018 14:00,0.451,215.2,0
4/14/2018 15:00,0.451,215.2,0
4/14/2018 16:00,0.45,215.2,0
4/14/2018 17:00,0.45,215.2,0
4/14/2018 18:00,0.451,215.2,0
4/14/2018 19:00,0.452,215.2,0
4/14/2018 20:00,0.453,215.2,0
4/14/2018 21:00,0.453,215.2,0
4/14/2018 22:00,0.453,215.2,0
4/14/2018 23:00,0.453,215.2,0
4/15/2018 0:00,0.454,215.2,0
4/15/2018 1:00,0.453,215.2,0
4/15/2018 2:00,0.452,215.2,0
4/15/2018 3:00,0.452,215.2,0
4/15/2018 4:00,0.451,215.2,0
4/15/2018 5:00,0.451,215.2,0
4/15/2018 6:00,0.45,215.2,0
4/15/2018 7:00,0.45,215.2,0
4/15/2018 8:00,0.449,215.2,0
4/15/2018 9:00,0.449,215.2,0
4/15/2018 10:00,0.449,215.2,0
4/15/2018 11:00,0.449,215.2,0
4/15/2018 12:00,0.45,215.3,1
4/15/2018 13:00,0.454,215.6,3
4/15/2018 14:00,0.454,216.4,8
4/15/2018 15:00,0.455,216.4,0
4/15/2018 16:00,0.456,216.4,0
4/15/2018 17:00,0.456,216.4,0
4/15/2018 18:00,0.455,216.4,0
4/15/2018 19:00,0.455,216.4,0
4/15/2018 20:00,0.456,216.5,1
4/15/2018 21:00,0.456,216.5,0
4/15/2018 22:00,0.456,216.5,0
4/15/2018 23:00,0.455,216.5,0
4/16/2018 0:00,0.455,216.5,0
4/16/2018 1:00,0.455,216.6,1
4/16/2018 2:00,0.455,216.8,2
4/16/2018 3:00,0.455,216.8,0
4/16/2018 4:00,0.454,216.9,1
4/16/2018 5:00,0.454,217,1
4/16/2018 6:00,0.454,217,0
4/16/2018 7:00,0.454,217,0
4/16/2018 8:00,0.453,217,0
4/16/2018 9:00,0.454,217,0
4/16/2018 10:00,0.453,217,0
4/16/2018 11:00,0.452,217,0
4/16/2018 12:00,0.453,217,0
4/16/2018 13:00,0.453,217,0
4/16/2018 14:00,0.454,217,0
4/16/2018 15:00,0.454,217,0
4/16/2018 16:00,0.454,217,0
4/16/2018 17:00,0.455,217,0
4/16/2018 18:00,0.455,217,0
4/16/2018 19:00,0.456,217.1,1
4/16/2018 20:00,0.455,217.1,0
4/16/2018 21:00,0.456,217.1,0
4/16/2018 22:00,0.455,217.1,0
4/16/2018 23:00,0.456,217.1,0
4/17/2018 0:00,0.455,217.1,0
4/17/2018 1:00,0.455,217.1,0
4/17/2018 2:00,0.454,217.1,0
4/17/2018 3:00,0.454,217.1,0
4/17/2018 4:00,0.454,217.1,0
4/17/2018 5:00,0.453,217.1,0
4/17/2018 6:00,0.453,217.1,0
4/17/2018 7:00,0.452,217.1,0
4/17/2018 8:00,0.451,217.1,0
4/17/2018 9:00,0.45,217.1,0
4/17/2018 10:00,0.449,217.1,0
4/17/2018 11:00,0.449,217.1,0
4/17/2018 12:00,0.447,217.1,0
4/17/2018 13:00,0.447,217.1,0
4/17/2018 14:00,0.447,217.1,0
4/17/2018 15:00,0.447,217.1,0
4/17/2018 16:00,0.448,217.1,0
4/17/2018 17:00,0.448,217.1,0
4/17/2018 18:00,0.449,217.1,0
4/17/2018 19:00,0.449,217.1,0
4/17/2018 20:00,0.449,217.1,0
4/17/2018 21:00,0.451,217.1,0
4/17/2018 22:00,0.451,217.1,0
4/17/2018 23:00,0.45,217.1,0
4/18/2018 0:00,0.45,217.1,0
4/18/2018 1:00,0.449,217.1,0
4/18/2018 2:00,0.45,217.1,0
4/18/2018 3:00,0.45,217.1,0
4/18/2018 4:00,0.449,217.1,0
4/18/2018 5:00,0.449,217.1,0
4/18/2018 6:00,0.448,217.1,0
4/18/2018 7:00,0.448,217.1,0
4/18/2018 8:00,0.448,217.1,0
4/18/2018 9:00,0.447,217.1,0
4/18/2018 10:00,0.447,217.1,0
4/18/2018 11:00,0.447,217.1,0
4/18/2018 12:00,0.446,217.1,0
4/18/2018 13:00,0.446,217.1,0
4/18/2018 14:00,0.446,217.1,0
4/18/2018 15:00,0.446,217.1,0
4/18/2018 16:00,0.446,217.1,0
4/18/2018 17:00,0.447,217.1,0
4/18/2018 18:00,0.448,217.1,0
4/18/2018 19:00,0.449,217.1,0
4/18/2018 20:00,0.45,217.1,0
4/18/2018 21:00,0.45,217.1,0
4/18/2018 22:00,0.45,217.1,0
4/18/2018 23:00,0.451,217.1,0
4/19/2018 0:00,0.45,217.1,0
4/19/2018 1:00,0.45,217.1,0
4/19/2018 2:00,0.449,217.1,0
4/19/2018 3:00,0.449,217.1,0
4/19/2018 4:00,0.449,217.1,0
4/19/2018 5:00,0.448,217.1,0
4/19/2018 6:00,0.448,217.1,0
4/19/2018 7:00,0.447,217.1,0
4/19/2018 8:00,0.447,217.1,0
4/19/2018 9:00,0.447,217.1,0
4/19/2018 10:00,0.446,217.1,0
4/19/2018 11:00,0.445,217.1,0
4/19/2018 12:00,0.445,217.1,0
4/19/2018 13:00,0.445,217.1,0
4/19/2018 14:00,0.445,217.1,0
4/19/2018 15:00,0.445,217.1,0
4/19/2018 16:00,0.446,217.1,0
4/19/2018 17:00,0.447,217.1,0
4/19/2018 18:00,0.448,217.1,0
4/19/2018 19:00,0.449,217.1,0
4/19/2018 20:00,0.45,217.1,0
4/19/2018 21:00,0.45,217.1,0
4/19/2018 22:00,0.45,217.1,0
4/19/2018 23:00,0.451,217.1,0
4/20/2018 0:00,0.45,217.1,0
4/20/2018 1:00,0.45,217.1,0
4/20/2018 2:00,0.449,217.1,0
4/20/2018 3:00,0.449,217.1,0
4/20/2018 4:00,0.448,217.1,0
4/20/2018 5:00,0.448,217.1,0
4/20/2018 6:00,0.448,217.1,0
4/20/2018 7:00,0.447,217.1,0
4/20/2018 8:00,0.447,217.1,0
4/20/2018 9:00,0.446,217.1,0
4/20/2018 10:00,0.446,217.1,0
4/20/2018 11:00,0.446,217.1,0
4/20/2018 12:00,0.445,217.1,0
4/20/2018 13:00,0.446,217.1,0
4/20/2018 14:00,0.446,217.1,0
4/20/2018 15:00,0.446,217.1,0
4/20/2018 16:00,0.447,217.1,0
4/20/2018 17:00,0.448,217.1,0
4/20/2018 18:00,0.449,217.1,0
4/20/2018 19:00,0.45,217.1,0
4/20/2018 20:00,0.451,217.1,0
4/20/2018 21:00,0.452,217.1,0
4/20/2018 22:00,0.452,217.1,0
4/20/2018 23:00,0.451,217.1,0
4/21/2018 0:00,0.452,217.1,0
4/21/2018 1:00,0.451,217.1,0
4/21/2018 2:00,0.451,217.1,0
4/21/2018 3:00,0.451,217.1,0
4/21/2018 4:00,0.45,217.1,0
4/21/2018 5:00,0.449,217.1,0
4/21/2018 6:00,0.449,217.1,0
4/21/2018 7:00,0.449,217.1,0
4/21/2018 8:00,0.449,217.1,0
4/21/2018 9:00,0.449,217.1,0
4/21/2018 10:00,0.448,217.1,0
4/21/2018 11:00,0.448,217.1,0
4/21/2018 12:00,0.448,217.1,0
4/21/2018 13:00,0.448,217.1,0
4/21/2018 14:00,0.448,217.1,0
4/21/2018 15:00,0.448,217.1,0
4/21/2018 16:00,0.449,217.1,0
4/21/2018 17:00,0.45,217.1,0
4/21/2018 18:00,0.451,217.1,0
4/21/2018 19:00,0.452,217.1,0
4/21/2018 20:00,0.453,217.1,0
4/21/2018 21:00,0.453,217.1,0
4/21/2018 22:00,0.453,217.1,0
4/21/2018 23:00,0.453,217.1,0
4/22/2018 0:00,0.453,217.1,0
4/22/2018 1:00,0.453,217.1,0
4/22/2018 2:00,0.452,217.1,0
4/22/2018 3:00,0.451,217.1,0
4/22/2018 4:00,0.451,217.1,0
4/22/2018 5:00,0.451,217.1,0
4/22/2018 6:00,0.45,217.1,0
4/22/2018 7:00,0.45,217.1,0
4/22/2018 8:00,0.45,217.1,0
4/22/2018 9:00,0.449,217.1,0
4/22/2018 10:00,0.449,217.1,0
4/22/2018 11:00,0.449,217.1,0
4/22/2018 12:00,0.449,217.1,0
4/22/2018 13:00,0.448,217.1,0
4/22/2018 14:00,0.449,217.1,0
4/22/2018 15:00,0.449,217.1,0
4/22/2018 16:00,0.45,217.1,0
4/22/2018 17:00,0.451,217.1,0
4/22/2018 18:00,0.452,217.1,0
4/22/2018 19:00,0.453,217.1,0
4/22/2018 20:00,0.453,217.1,0
4/22/2018 21:00,0.454,217.1,0
4/22/2018 22:00,0.454,217.1,0
4/22/2018 23:00,0.453,217.1,0
4/23/2018 0:00,0.453,217.1,0
4/23/2018 1:00,0.453,217.1,0
4/23/2018 2:00,0.453,217.1,0
4/23/2018 3:00,0.452,217.1,0
4/23/2018 4:00,0.451,217.1,0
4/23/2018 5:00,0.451,217.1,0
4/23/2018 6:00,0.451,217.1,0
4/23/2018 7:00,0.45,217.1,0
4/23/2018 8:00,0.449,217.1,0
4/23/2018 9:00,0.449,217.1,0
4/23/2018 10:00,0.449,217.1,0
4/23/2018 11:00,0.448,217.1,0
4/23/2018 12:00,0.448,217.1,0
4/23/2018 13:00,0.448,217.1,0
4/23/2018 14:00,0.448,217.1,0
4/23/2018 15:00,0.449,217.1,0
4/23/2018 16:00,0.45,217.1,0
4/23/2018 17:00,0.451,217.1,0
4/23/2018 18:00,0.452,217.1,0
4/23/2018 19:00,0.453,217.1,0
4/23/2018 20:00,0.454,217.1,0
4/23/2018 21:00,0.454,217.1,0
4/23/2018 22:00,0.454,217.1,0
4/23/2018 23:00,0.454,217.1,0
4/24/2018 0:00,0.454,217.1,0
4/24/2018 1:00,0.454,217.1,0
4/24/2018 2:00,0.453,217.1,0
4/24/2018 3:00,0.453,217.1,0
4/24/2018 4:00,0.453,217.1,0
4/24/2018 5:00,0.452,217.1,0
4/24/2018 6:00,0.451,217.1,0
4/24/2018 7:00,0.451,217.1,0
4/24/2018 8:00,0.45,217.1,0
4/24/2018 9:00,0.45,217.1,0
4/24/2018 10:00,0.45,217.1,0
4/24/2018 11:00,0.45,217.1,0
4/24/2018 12:00,0.449,217.1,0
4/24/2018 13:00,0.45,217.1,0
4/24/2018 14:00,0.45,217.1,0
4/24/2018 15:00,0.45,217.1,0
4/24/2018 16:00,0.451,217.1,0
4/24/2018 17:00,0.452,217.1,0
4/24/2018 18:00,0.453,217.1,0
4/24/2018 19:00,0.454,217.1,0
4/24/2018 20:00,0.454,217.1,0
4/24/2018 21:00,0.455,217.1,0
4/24/2018 22:00,0.455,217.1,0
4/24/2018 23:00,0.455,217.1,0
4/25/2018 0:00,0.455,217.1,0
4/25/2018 1:00,0.455,217.1,0
4/25/2018 2:00,0.454,217.1,0
4/25/2018 3:00,0.453,217.1,0
4/25/2018 4:00,0.453,217.1,0
4/25/2018 5:00,0.452,217.1,0
4/25/2018 6:00,0.452,217.1,0
4/25/2018 7:00,0.451,217.1,0
4/25/2018 8:00,0.451,217.1,0
4/25/2018 9:00,0.451,217.1,0
4/25/2018 10:00,0.45,217.1,0
4/25/2018 11:00,0.45,217.1,0
4/25/2018 12:00,0.45,217.1,0
4/25/2018 13:00,0.45,217.1,0
4/25/2018 14:00,0.45,217.1,0
4/25/2018 15:00,0.451,217.1,0
4/25/2018 16:00,0.451,217.1,0
4/25/2018 17:00,0.448,217.1,0
4/25/2018 18:00,0.446,217.1,0
4/25/2018 19:00,0.447,217.1,0
4/25/2018 20:00,0.447,217.1,0
4/25/2018 21:00,0.448,217.1,0
4/25/2018 22:00,0.448,217.1,0
4/25/2018 23:00,0.448,217.1,0
4/26/2018 0:00,0.447,217.1,0
4/26/2018 1:00,0.447,217.1,0
4/26/2018 2:00,0.447,217.1,0
4/26/2018 3:00,0.446,217.1,0
4/26/2018 4:00,0.445,217.1,0
4/26/2018 5:00,0.445,217.1,0
4/26/2018 6:00,0.445,217.1,0
4/26/2018 7:00,0.444,217.1,0
4/26/2018 8:00,0.444,217.1,0
4/26/2018 9:00,0.443,217.1,0
4/26/2018 10:00,0.443,217.1,0
4/26/2018 11:00,0.442,217.1,0
4/26/2018 12:00,0.442,217.1,0
4/26/2018 13:00,0.442,217.1,0
4/26/2018 14:00,0.442,217.1,0
4/26/2018 15:00,0.443,217.1,0
4/26/2018 16:00,0.443,217.1,0
4/26/2018 17:00,0.443,217.1,0
4/26/2018 18:00,0.444,217.1,0
4/26/2018 19:00,0.445,217.1,0
4/26/2018 20:00,0.445,217.1,0
4/26/2018 21:00,0.445,217.1,0
4/26/2018 22:00,0.446,217.1,0
4/26/2018 23:00,0.445,217.1,0
4/27/2018 0:00,0.445,217.1,0
4/27/2018 1:00,0.445,217.1,0
4/27/2018 2:00,0.445,217.1,0
4/27/2018 3:00,0.444,217.1,0
4/27/2018 4:00,0.444,217.1,0
4/27/2018 5:00,0.443,217.1,0
4/27/2018 6:00,0.443,217.1,0
4/27/2018 7:00,0.442,217.1,0
4/27/2018 8:00,0.442,217.1,0
4/27/2018 9:00,0.442,217.1,0
4/27/2018 10:00,0.442,217.1,0
4/27/2018 11:00,0.441,217.1,0
4/27/2018 12:00,0.441,217.1,0
4/27/2018 13:00,0.441,217.1,0
4/27/2018 14:00,0.442,217.3,2
4/27/2018 15:00,0.443,217.5,2
4/27/2018 16:00,0.444,217.5,0
4/27/2018 17:00,0.444,217.5,0
4/27/2018 18:00,0.445,217.5,0
4/27/2018 19:00,0.445,217.5,0
4/27/2018 20:00,0.445,217.5,0
4/27/2018 21:00,0.445,217.5,0
4/27/2018 22:00,0.445,217.5,0
4/27/2018 23:00,0.445,217.5,0
4/28/2018 0:00,0.445,217.7,2
4/28/2018 1:00,0.451,218.1,4
4/28/2018 2:00,0.456,218.2,1
4/28/2018 3:00,0.454,218.2,0
4/28/2018 4:00,0.452,218.2,0
4/28/2018 5:00,0.449,218.2,0
4/28/2018 6:00,0.449,218.2,0
4/28/2018 7:00,0.447,218.2,0
4/28/2018 8:00,0.447,218.2,0
4/28/2018 9:00,0.446,218.2,0
4/28/2018 10:00,0.446,218.2,0
4/28/2018 11:00,0.447,218.2,0
4/28/2018 12:00,0.447,218.3,1
4/28/2018 13:00,0.447,218.3,0
4/28/2018 14:00,0.447,218.4,1
4/28/2018 15:00,0.45,218.4,0
4/28/2018 16:00,0.455,219.2,8
4/28/2018 17:00,0.455,219.2,0
4/28/2018 18:00,0.455,219.2,0
4/28/2018 19:00,0.455,219.2,0
4/28/2018 20:00,0.456,219.2,0
4/28/2018 21:00,0.456,219.2,0
4/28/2018 22:00,0.456,219.2,0
4/28/2018 23:00,0.453,219.2,0
4/29/2018 0:00,0.451,219.2,0
4/29/2018 1:00,0.45,219.2,0
4/29/2018 2:00,0.449,219.3,1
4/29/2018 3:00,0.45,219.3,0
4/29/2018 4:00,0.45,219.3,0
4/29/2018 5:00,0.45,219.4,1
4/29/2018 6:00,0.449,219.4,0
4/29/2018 7:00,0.448,219.4,0
4/29/2018 8:00,0.448,219.4,0
4/29/2018 9:00,0.447,219.4,0
4/29/2018 10:00,0.451,219.5,1
4/29/2018 11:00,0.451,219.5,0
4/29/2018 12:00,0.454,219.7,2
4/29/2018 13:00,0.453,219.7,0
4/29/2018 14:00,0.454,219.7,0
4/29/2018 15:00,0.455,219.7,0
4/29/2018 16:00,0.455,219.7,0
4/29/2018 17:00,0.453,219.7,0
4/29/2018 18:00,0.451,219.7,0
4/29/2018 19:00,0.45,219.7,0
4/29/2018 20:00,0.449,219.7,0
4/29/2018 21:00,0.448,219.7,0
4/29/2018 22:00,0.449,219.7,0
4/29/2018 23:00,0.448,219.7,0
4/30/2018 0:00,0.447,219.7,0
4/30/2018 1:00,0.447,219.7,0
4/30/2018 2:00,0.446,219.7,0
4/30/2018 3:00,0.445,219.7,0
4/30/2018 4:00,0.445,219.7,0
4/30/2018 5:00,0.444,219.7,0
4/30/2018 6:00,0.444,219.7,0
4/30/2018 7:00,0.443,219.7,0
4/30/2018 8:00,0.443,219.7,0
4/30/2018 9:00,0.443,219.7,0
4/30/2018 10:00,0.443,219.7,0
4/30/2018 11:00,0.442,219.7,0
4/30/2018 12:00,0.442,219.7,0
4/30/2018 13:00,0.442,219.7,0
4/30/2018 14:00,0.442,219.7,0
4/30/2018 15:00,0.442,219.7,0
4/30/2018 16:00,0.443,219.7,0
4/30/2018 17:00,0.443,219.7,0
4/30/2018 18:00,0.443,219.7,0
4/30/2018 19:00,0.444,219.7,0
4/30/2018 20:00,0.445,219.7,0
4/30/2018 21:00,0.445,219.7,0
4/30/2018 22:00,0.445,219.7,0
4/30/2018 23:00,0.445,219.7,0
5/1/2018 0:00,0.445,219.7,0
5/1/2018 1:00,0.444,219.7,0
5/1/2018 2:00,0.444,219.7,0
5/1/2018 3:00,0.444,219.7,0
5/1/2018 4:00,0.443,219.7,0
5/1/2018 5:00,0.443,219.7,0
5/1/2018 6:00,0.442,219.7,0
5/1/2018 7:00,0.441,219.7,0
5/1/2018 8:00,0.441,219.7,0
5/1/2018 9:00,0.441,219.7,0
5/1/2018 10:00,0.441,219.7,0
5/1/2018 11:00,0.44,219.7,0
5/1/2018 12:00,0.44,219.7,0
5/1/2018 13:00,0.44,219.7,0
5/1/2018 14:00,0.44,219.7,0
5/1/2018 15:00,0.441,219.7,0
5/1/2018 16:00,0.442,219.7,0
5/1/2018 17:00,0.443,219.7,0
5/1/2018 18:00,0.444,219.7,0
5/1/2018 19:00,0.445,219.7,0
5/1/2018 20:00,0.445,219.7,0
5/1/2018 21:00,0.446,219.7,0
5/1/2018 22:00,0.446,219.7,0
5/1/2018 23:00,0.446,219.7,0
5/2/2018 0:00,0.446,219.7,0
5/2/2018 1:00,0.446,219.7,0
5/2/2018 2:00,0.445,219.7,0
5/2/2018 3:00,0.445,219.7,0
5/2/2018 4:00,0.445,219.7,0
5/2/2018 5:00,0.444,219.7,0
5/2/2018 6:00,0.443,219.7,0
5/2/2018 7:00,0.443,219.7,0
5/2/2018 8:00,0.443,219.7,0
5/2/2018 9:00,0.443,219.7,0
5/2/2018 10:00,0.442,219.7,0
5/2/2018 11:00,0.441,219.7,0
5/2/2018 12:00,0.441,219.7,0
5/2/2018 13:00,0.441,219.7,0
5/2/2018 14:00,0.441,219.7,0
5/2/2018 15:00,0.443,219.7,0
5/2/2018 16:00,0.443,219.7,0
5/2/2018 17:00,0.445,219.7,0
5/2/2018 18:00,0.445,219.7,0
5/2/2018 19:00,0.446,219.7,0
5/2/2018 20:00,0.446,219.7,0
5/2/2018 21:00,0.447,219.7,0
5/2/2018 22:00,0.447,219.7,0
5/2/2018 23:00,0.447,219.7,0
5/3/2018 0:00,0.447,219.7,0
5/3/2018 1:00,0.446,219.7,0
5/3/2018 2:00,0.445,219.7,0
5/3/2018 3:00,0.445,219.7,0
5/3/2018 4:00,0.445,219.7,0
5/3/2018 5:00,0.444,219.7,0
5/3/2018 6:00,0.444,219.7,0
5/3/2018 7:00,0.443,219.7,0
5/3/2018 8:00,0.443,219.7,0
5/3/2018 9:00,0.443,219.7,0
5/3/2018 10:00,0.443,219.7,0
5/3/2018 11:00,0.442,219.7,0
5/3/2018 12:00,0.442,219.7,0
5/3/2018 13:00,0.441,219.7,0
5/3/2018 14:00,0.441,219.7,0
5/3/2018 15:00,0.443,219.7,0
5/3/2018 16:00,0.443,219.7,0
5/3/2018 17:00,0.444,219.7,0
5/3/2018 18:00,0.445,219.7,0
5/3/2018 19:00,0.446,219.7,0
5/3/2018 20:00,0.446,219.7,0
5/3/2018 21:00,0.447,219.7,0
5/3/2018 22:00,0.447,219.7,0
5/3/2018 23:00,0.447,219.7,0
5/4/2018 0:00,0.447,219.7,0
5/4/2018 1:00,0.446,219.7,0
5/4/2018 2:00,0.446,219.7,0
5/4/2018 3:00,0.446,219.7,0
5/4/2018 4:00,0.445,219.7,0
5/4/2018 5:00,0.445,219.7,0
5/4/2018 6:00,0.444,219.7,0
5/4/2018 7:00,0.443,219.7,0
5/4/2018 8:00,0.443,219.7,0
5/4/2018 9:00,0.443,219.7,0
5/4/2018 10:00,0.443,219.7,0
5/4/2018 11:00,0.442,219.7,0
5/4/2018 12:00,0.442,219.7,0
5/4/2018 13:00,0.442,219.7,0
5/4/2018 14:00,0.442,219.7,0
5/4/2018 15:00,0.443,219.7,0
5/4/2018 16:00,0.444,219.7,0
5/4/2018 17:00,0.445,219.7,0
5/4/2018 18:00,0.446,219.7,0
5/4/2018 19:00,0.446,219.7,0
5/4/2018 20:00,0.447,219.7,0
5/4/2018 21:00,0.447,219.7,0
5/4/2018 22:00,0.447,219.7,0
5/4/2018 23:00,0.447,219.7,0
5/5/2018 0:00,0.446,219.7,0
5/5/2018 1:00,0.447,219.7,0
5/5/2018 2:00,0.446,219.7,0
5/5/2018 3:00,0.445,219.7,0
5/5/2018 4:00,0.445,219.7,0
5/5/2018 5:00,0.444,219.7,0
5/5/2018 6:00,0.443,219.7,0
5/5/2018 7:00,0.443,219.7,0
5/5/2018 8:00,0.443,219.7,0
5/5/2018 9:00,0.443,219.7,0
5/5/2018 10:00,0.443,219.7,0
5/5/2018 11:00,0.442,219.7,0
5/5/2018 12:00,0.442,219.7,0
5/5/2018 13:00,0.442,219.7,0
5/5/2018 14:00,0.442,219.7,0
5/5/2018 15:00,0.443,219.7,0
5/5/2018 16:00,0.443,219.7,0
5/5/2018 17:00,0.437,219.7,0
5/5/2018 18:00,0.438,219.7,0
5/5/2018 19:00,0.439,219.7,0
5/5/2018 20:00,0.439,219.7,0
5/5/2018 21:00,0.44,219.7,0
5/5/2018 22:00,0.44,219.7,0
5/5/2018 23:00,0.44,219.7,0
5/6/2018 0:00,0.439,219.7,0
5/6/2018 1:00,0.439,219.7,0
5/6/2018 2:00,0.438,219.7,0
5/6/2018 3:00,0.438,219.7,0
5/6/2018 4:00,0.437,219.7,0
5/6/2018 5:00,0.437,219.7,0
5/6/2018 6:00,0.437,219.7,0
5/6/2018 7:00,0.435,219.7,0
5/6/2018 8:00,0.435,219.7,0
5/6/2018 9:00,0.435,219.7,0
5/6/2018 10:00,0.435,219.7,0
5/6/2018 11:00,0.435,219.7,0
5/6/2018 12:00,0.434,219.7,0
5/6/2018 13:00,0.434,219.7,0
5/6/2018 14:00,0.435,219.7,0
5/6/2018 15:00,0.435,219.7,0
5/6/2018 16:00,0.435,219.7,0
5/6/2018 17:00,0.436,219.7,0
5/6/2018 18:00,0.437,219.7,0
5/6/2018 19:00,0.438,219.7,0
5/6/2018 20:00,0.439,219.7,0
5/6/2018 21:00,0.439,219.7,0
5/6/2018 22:00,0.439,219.7,0
5/6/2018 23:00,0.439,219.7,0
5/7/2018 0:00,0.439,219.7,0
5/7/2018 1:00,0.438,219.7,0
5/7/2018 2:00,0.438,219.7,0
5/7/2018 3:00,0.437,219.7,0
5/7/2018 4:00,0.437,219.7,0
5/7/2018 5:00,0.436,219.7,0
5/7/2018 6:00,0.435,219.7,0
5/7/2018 7:00,0.435,219.7,0
5/7/2018 8:00,0.434,219.7,0
5/7/2018 9:00,0.434,219.7,0
5/7/2018 10:00,0.433,219.7,0
5/7/2018 11:00,0.432,219.7,0
5/7/2018 12:00,0.432,219.7,0
5/7/2018 13:00,0.432,219.7,0
5/7/2018 14:00,0.432,219.7,0
5/7/2018 15:00,0.433,219.7,0
5/7/2018 16:00,0.434,219.7,0
5/7/2018 17:00,0.434,219.7,0
5/7/2018 18:00,0.435,219.7,0
5/7/2018 19:00,0.436,219.7,0
5/7/2018 20:00,0.437,219.7,0
5/7/2018 21:00,0.438,219.7,0
5/7/2018 22:00,0.438,219.7,0
5/7/2018 23:00,0.437,219.7,0
5/8/2018 0:00,0.438,219.7,0
5/8/2018 1:00,0.437,219.7,0
5/8/2018 2:00,0.437,219.7,0
5/8/2018 3:00,0.436,219.7,0
5/8/2018 4:00,0.436,219.7,0
5/8/2018 5:00,0.435,219.7,0
5/8/2018 6:00,0.434,219.7,0
5/8/2018 7:00,0.434,219.7,0
5/8/2018 8:00,0.433,219.7,0
5/8/2018 9:00,0.433,219.7,0
5/8/2018 10:00,0.432,219.7,0
5/8/2018 11:00,0.432,219.7,0
5/8/2018 12:00,0.431,219.7,0
5/8/2018 13:00,0.431,219.7,0
5/8/2018 14:00,0.432,219.7,0
5/8/2018 15:00,0.433,219.7,0
5/8/2018 16:00,0.433,219.7,0
5/8/2018 17:00,0.434,219.7,0
5/8/2018 18:00,0.435,219.7,0
5/8/2018 19:00,0.435,219.7,0
5/8/2018 20:00,0.436,219.7,0
5/8/2018 21:00,0.436,219.7,0
5/8/2018 22:00,0.436,219.7,0
5/8/2018 23:00,0.435,219.7,0
5/9/2018 0:00,0.435,219.7,0
5/9/2018 1:00,0.435,219.7,0
5/9/2018 2:00,0.435,219.7,0
5/9/2018 3:00,0.435,219.7,0
5/9/2018 4:00,0.434,219.7,0
5/9/2018 5:00,0.433,219.7,0
5/9/2018 6:00,0.433,219.7,0
5/9/2018 7:00,0.433,219.7,0
5/9/2018 8:00,0.433,219.7,0
5/9/2018 9:00,0.433,219.7,0
5/9/2018 10:00,0.432,219.7,0
5/9/2018 11:00,0.432,219.7,0
5/9/2018 12:00,0.432,219.7,0
5/9/2018 13:00,0.432,219.7,0
5/9/2018 14:00,0.432,219.7,0
5/9/2018 15:00,0.433,219.7,0
5/9/2018 16:00,0.433,219.7,0
5/9/2018 17:00,0.434,219.7,0
5/9/2018 18:00,0.435,219.7,0
5/9/2018 19:00,0.436,219.7,0
5/9/2018 20:00,0.437,219.7,0
5/9/2018 21:00,0.437,219.7,0
5/9/2018 22:00,0.437,219.7,0
5/9/2018 23:00,0.437,219.7,0
5/10/2018 0:00,0.436,219.7,0
5/10/2018 1:00,0.435,219.7,0
5/10/2018 2:00,0.436,219.7,0
5/10/2018 3:00,0.435,219.7,0
5/10/2018 4:00,0.434,219.7,0
5/10/2018 5:00,0.434,219.7,0
5/10/2018 6:00,0.433,219.7,0
5/10/2018 7:00,0.433,219.7,0
5/10/2018 8:00,0.432,219.7,0
5/10/2018 9:00,0.432,219.7,0
5/10/2018 10:00,0.431,219.7,0
5/10/2018 11:00,0.431,219.7,0
5/10/2018 12:00,0.431,219.7,0
5/10/2018 13:00,0.431,219.7,0
5/10/2018 14:00,0.431,219.7,0
5/10/2018 15:00,0.431,219.7,0
5/10/2018 16:00,0.432,219.7,0
5/10/2018 17:00,0.433,219.7,0
5/10/2018 18:00,0.433,219.7,0
5/10/2018 19:00,0.434,219.7,0
5/10/2018 20:00,0.434,219.7,0
5/10/2018 21:00,0.434,219.7,0
5/10/2018 22:00,0.434,219.7,0
5/10/2018 23:00,0.434,219.7,0
5/11/2018 0:00,0.433,219.7,0
5/11/2018 1:00,0.433,219.7,0
5/11/2018 2:00,0.432,219.7,0
5/11/2018 3:00,0.432,219.7,0
5/11/2018 4:00,0.431,219.7,0
5/11/2018 5:00,0.431,219.7,0
5/11/2018 6:00,0.43,219.7,0
5/11/2018 7:00,0.43,219.7,0
5/11/2018 8:00,0.429,219.7,0
5/11/2018 9:00,0.429,219.7,0
5/11/2018 10:00,0.428,219.7,0
5/11/2018 11:00,0.428,219.7,0
5/11/2018 12:00,0.427,219.7,0
5/11/2018 13:00,0.427,219.7,0
5/11/2018 14:00,0.428,219.7,0
5/11/2018 15:00,0.428,219.7,0
5/11/2018 16:00,0.429,219.7,0
5/11/2018 17:00,0.429,219.7,0
5/11/2018 18:00,0.431,219.7,0
5/11/2018 19:00,0.432,219.7,0
5/11/2018 20:00,0.433,219.7,0
5/11/2018 21:00,0.433,219.7,0
5/11/2018 22:00,0.433,219.7,0
5/11/2018 23:00,0.433,219.7,0
5/12/2018 0:00,0.433,219.7,0
5/12/2018 1:00,0.432,219.7,0
5/12/2018 2:00,0.431,219.7,0
5/12/2018 3:00,0.431,219.7,0
5/12/2018 4:00,0.43,219.7,0
5/12/2018 5:00,0.429,219.7,0
5/12/2018 6:00,0.429,219.7,0
5/12/2018 7:00,0.428,219.7,0
5/12/2018 8:00,0.427,219.7,0
5/12/2018 9:00,0.428,219.7,0
5/12/2018 10:00,0.427,219.7,0
5/12/2018 11:00,0.426,219.7,0
5/12/2018 12:00,0.427,219.7,0
5/12/2018 13:00,0.426,219.7,0
5/12/2018 14:00,0.427,219.7,0
5/12/2018 15:00,0.427,219.7,0
5/12/2018 16:00,0.428,219.7,0
5/12/2018 17:00,0.429,219.7,0
5/12/2018 18:00,0.43,219.7,0
5/12/2018 19:00,0.431,219.7,0
5/12/2018 20:00,0.432,219.7,0
5/12/2018 21:00,0.432,219.7,0
5/12/2018 22:00,0.433,219.7,0
5/12/2018 23:00,0.432,219.7,0
5/13/2018 0:00,0.432,219.7,0
5/13/2018 1:00,0.432,219.7,0
5/13/2018 2:00,0.431,219.7,0
5/13/2018 3:00,0.431,219.7,0
5/13/2018 4:00,0.43,219.7,0
5/13/2018 5:00,0.429,219.7,0
5/13/2018 6:00,0.429,219.7,0
5/13/2018 7:00,0.428,219.7,0
5/13/2018 8:00,0.427,219.7,0
5/13/2018 9:00,0.428,219.7,0
5/13/2018 10:00,0.427,219.7,0
5/13/2018 11:00,0.426,219.7,0
5/13/2018 12:00,0.426,219.7,0
5/13/2018 13:00,0.426,219.7,0
5/13/2018 14:00,0.427,219.7,0
5/13/2018 15:00,0.427,219.7,0
5/13/2018 16:00,0.428,219.7,0
5/13/2018 17:00,0.428,219.7,0
5/13/2018 18:00,0.429,219.7,0
5/13/2018 19:00,0.429,219.7,0
5/13/2018 20:00,0.43,219.7,0
5/13/2018 21:00,0.43,219.7,0
5/13/2018 22:00,0.431,219.7,0
5/13/2018 23:00,0.43,219.7,0
5/14/2018 0:00,0.43,219.7,0
5/14/2018 1:00,0.429,219.7,0
5/14/2018 2:00,0.429,219.7,0
5/14/2018 3:00,0.428,219.7,0
5/14/2018 4:00,0.428,219.7,0
5/14/2018 5:00,0.427,219.7,0
5/14/2018 6:00,0.426,219.7,0
5/14/2018 7:00,0.426,219.7,0
5/14/2018 8:00,0.425,219.7,0
5/14/2018 9:00,0.425,219.7,0
5/14/2018 10:00,0.424,219.7,0
5/14/2018 11:00,0.423,219.7,0
5/14/2018 12:00,0.423,219.7,0
5/14/2018 13:00,0.423,219.7,0
5/14/2018 14:00,0.423,219.7,0
5/14/2018 15:00,0.424,219.7,0
5/14/2018 16:00,0.425,219.7,0
5/14/2018 17:00,0.426,219.7,0
5/14/2018 18:00,0.427,219.7,0
5/14/2018 19:00,0.428,219.7,0
5/14/2018 20:00,0.428,219.7,0
5/14/2018 21:00,0.429,219.7,0
5/14/2018 22:00,0.429,219.7,0
5/14/2018 23:00,0.429,219.7,0
5/15/2018 0:00,0.428,219.7,0
5/15/2018 1:00,0.428,219.7,0
5/15/2018 2:00,0.427,219.7,0
5/15/2018 3:00,0.427,219.7,0
5/15/2018 4:00,0.426,219.7,0
5/15/2018 5:00,0.425,219.7,0
5/15/2018 6:00,0.425,219.7,0
5/15/2018 7:00,0.424,219.7,0
5/15/2018 8:00,0.424,219.7,0
5/15/2018 9:00,0.423,219.7,0
5/15/2018 10:00,0.423,219.7,0
5/15/2018 11:00,0.423,219.7,0
5/15/2018 12:00,0.423,219.7,0
5/15/2018 13:00,0.422,219.7,0
5/15/2018 14:00,0.422,219.7,0
5/15/2018 15:00,0.422,219.7,0
5/15/2018 16:00,0.423,219.7,0
5/15/2018 17:00,0.424,219.7,0
5/15/2018 18:00,0.425,219.7,0
5/15/2018 19:00,0.425,219.9,2
5/15/2018 20:00,0.425,219.9,0
5/15/2018 21:00,0.425,219.9,0
5/15/2018 22:00,0.425,219.9,0
5/15/2018 23:00,0.425,219.9,0
5/16/2018 0:00,0.425,219.9,0
5/16/2018 1:00,0.425,219.9,0
5/16/2018 2:00,0.424,219.9,0
5/16/2018 3:00,0.423,219.9,0
5/16/2018 4:00,0.423,219.9,0
5/16/2018 5:00,0.423,219.9,0
5/16/2018 6:00,0.423,219.9,0
5/16/2018 7:00,0.422,220,1
5/16/2018 8:00,0.422,220,0
5/16/2018 9:00,0.422,220,0
5/16/2018 10:00,0.421,220,0
5/16/2018 11:00,0.421,220,0
5/16/2018 12:00,0.421,220,0
5/16/2018 13:00,0.421,220,0
5/16/2018 14:00,0.421,220,0
5/16/2018 15:00,0.422,220,0
5/16/2018 16:00,0.422,220,0
5/16/2018 17:00,0.422,220,0
5/16/2018 18:00,0.422,220,0
5/16/2018 19:00,0.422,220,0
5/16/2018 20:00,0.422,220,0
5/16/2018 21:00,0.422,220,0
5/16/2018 22:00,0.421,220,0
5/16/2018 23:00,0.421,220,0
5/17/2018 0:00,0.421,220,0
5/17/2018 1:00,0.421,220,0
5/17/2018 2:00,0.421,220,0
5/17/2018 3:00,0.42,220,0
5/17/2018 4:00,0.42,220,0
5/17/2018 5:00,0.42,220,0
5/17/2018 6:00,0.42,220,0
5/17/2018 7:00,0.42,220,0
5/17/2018 8:00,0.419,220,0
5/17/2018 9:00,0.419,220,0
5/17/2018 10:00,0.419,220,0
5/17/2018 11:00,0.419,220,0
5/17/2018 12:00,0.419,220,0
5/17/2018 13:00,0.419,220,0
5/17/2018 14:00,0.419,220,0
5/17/2018 15:00,0.42,220,0
5/17/2018 16:00,0.421,220,0
5/17/2018 17:00,0.422,220,0
5/17/2018 18:00,0.423,220,0
5/17/2018 19:00,0.424,220,0
5/17/2018 20:00,0.425,220,0
5/17/2018 21:00,0.425,220,0
5/17/2018 22:00,0.426,220,0
5/17/2018 23:00,0.426,220,0
5/18/2018 0:00,0.425,220,0
5/18/2018 1:00,0.425,220,0
5/18/2018 2:00,0.425,220,0
5/18/2018 3:00,0.424,220,0
5/18/2018 4:00,0.424,220,0
5/18/2018 5:00,0.423,220,0
5/18/2018 6:00,0.423,220.1,1
5/18/2018 7:00,0.422,220.1,0
5/18/2018 8:00,0.422,220.1,0
5/18/2018 9:00,0.421,220.1,0
5/18/2018 10:00,0.421,220.1,0
5/18/2018 11:00,0.421,220.1,0
5/18/2018 12:00,0.421,220.1,0
5/18/2018 13:00,0.421,220.1,0
5/18/2018 14:00,0.422,220.1,0
5/18/2018 15:00,0.422,220.1,0
5/18/2018 16:00,0.423,220.1,0
5/18/2018 17:00,0.424,220.1,0
5/18/2018 18:00,0.425,220.1,0
5/18/2018 19:00,0.426,220.1,0
5/18/2018 20:00,0.426,220.1,0
5/18/2018 21:00,0.426,220.1,0
5/18/2018 22:00,0.426,220.1,0
5/18/2018 23:00,0.426,220.1,0
5/19/2018 0:00,0.425,220.1,0
5/19/2018 1:00,0.425,220.1,0
5/19/2018 2:00,0.424,220.1,0
5/19/2018 3:00,0.424,220.1,0
5/19/2018 4:00,0.423,220.1,0
5/19/2018 5:00,0.423,220.1,0
5/19/2018 6:00,0.422,220.1,0
5/19/2018 7:00,0.422,220.1,0
5/19/2018 8:00,0.421,220.1,0
5/19/2018 9:00,0.421,220.1,0
5/19/2018 10:00,0.421,220.1,0
5/19/2018 11:00,0.421,220.1,0
5/19/2018 12:00,0.421,220.1,0
5/19/2018 13:00,0.419,220.1,0
5/19/2018 14:00,0.42,220.1,0
5/19/2018 15:00,0.421,220.1,0
5/19/2018 16:00,0.421,220.1,0
5/19/2018 17:00,0.422,220.1,0
5/19/2018 18:00,0.423,220.1,0
5/19/2018 19:00,0.424,220.1,0
5/19/2018 20:00,0.424,220.1,0
5/19/2018 21:00,0.425,220.1,0
5/19/2018 22:00,0.425,220.1,0
5/19/2018 23:00,0.424,220.1,0
5/20/2018 0:00,0.424,220.1,0
5/20/2018 1:00,0.423,220.1,0
5/20/2018 2:00,0.423,220.1,0
5/20/2018 3:00,0.422,220.1,0
5/20/2018 4:00,0.422,220.1,0
5/20/2018 5:00,0.421,220.1,0
5/20/2018 6:00,0.421,220.1,0
5/20/2018 7:00,0.42,220.1,0
5/20/2018 8:00,0.42,220.1,0
5/20/2018 9:00,0.419,220.1,0
5/20/2018 10:00,0.419,220.1,0
5/20/2018 11:00,0.419,220.1,0
5/20/2018 12:00,0.418,220.1,0
5/20/2018 13:00,0.418,220.1,0
5/20/2018 14:00,0.419,220.1,0
5/20/2018 15:00,0.419,220.1,0
5/20/2018 16:00,0.418,220.1,0
5/20/2018 17:00,0.419,220.1,0
5/20/2018 18:00,0.419,220.1,0
5/20/2018 19:00,0.419,220.1,0
5/20/2018 20:00,0.418,220.1,0
5/20/2018 21:00,0.418,220.1,0
5/20/2018 22:00,0.418,220.1,0
5/20/2018 23:00,0.418,220.1,0
5/21/2018 0:00,0.418,220.1,0
5/21/2018 1:00,0.417,220.1,0
5/21/2018 2:00,0.417,220.1,0
5/21/2018 3:00,0.417,220.1,0
5/21/2018 4:00,0.416,220.1,0
5/21/2018 5:00,0.416,220.1,0
5/21/2018 6:00,0.415,220.1,0
5/21/2018 7:00,0.415,220.1,0
5/21/2018 8:00,0.414,220.1,0
5/21/2018 9:00,0.415,220.1,0
5/21/2018 10:00,0.414,220.1,0
5/21/2018 11:00,0.414,220.1,0
5/21/2018 12:00,0.413,220.1,0
5/21/2018 13:00,0.414,220.1,0
5/21/2018 14:00,0.414,220.1,0
5/21/2018 15:00,0.415,220.1,0
5/21/2018 16:00,0.415,220.1,0
5/21/2018 17:00,0.417,220.1,0
5/21/2018 18:00,0.418,220.1,0
5/21/2018 19:00,0.419,220.1,0
5/21/2018 20:00,0.42,220.1,0
5/21/2018 21:00,0.419,220.1,0
5/21/2018 22:00,0.42,220.1,0
5/21/2018 23:00,0.42,220.1,0
5/22/2018 0:00,0.419,220.1,0
5/22/2018 1:00,0.419,220.1,0
5/22/2018 2:00,0.418,220.1,0
5/22/2018 3:00,0.417,220.1,0
5/22/2018 4:00,0.417,220.1,0
5/22/2018 5:00,0.416,220.1,0
5/22/2018 6:00,0.416,220.1,0
5/22/2018 7:00,0.415,220.1,0
5/22/2018 8:00,0.415,220.1,0
5/22/2018 9:00,0.415,220.1,0
5/22/2018 10:00,0.415,220.1,0
5/22/2018 11:00,0.414,220.1,0
5/22/2018 12:00,0.414,220.1,0
5/22/2018 13:00,0.413,220.1,0
5/22/2018 14:00,0.413,220.1,0
5/22/2018 15:00,0.414,220.1,0
5/22/2018 16:00,0.415,220.1,0
5/22/2018 17:00,0.416,220.1,0
5/22/2018 18:00,0.417,220.1,0
5/22/2018 19:00,0.417,220.1,0
5/22/2018 20:00,0.419,220.1,0
5/22/2018 21:00,0.419,220.1,0
5/22/2018 22:00,0.419,220.1,0
5/22/2018 23:00,0.419,220.1,0
5/23/2018 0:00,0.418,220.1,0
5/23/2018 1:00,0.418,220.1,0
5/23/2018 2:00,0.417,220.1,0
5/23/2018 3:00,0.417,220.1,0
5/23/2018 4:00,0.416,220.1,0
5/23/2018 5:00,0.415,220.1,0
5/23/2018 6:00,0.415,220.1,0
5/23/2018 7:00,0.414,220.1,0
5/23/2018 8:00,0.413,220.1,0
5/23/2018 9:00,0.412,220.1,0
5/23/2018 10:00,0.413,220.1,0
5/23/2018 11:00,0.412,220.1,0
5/23/2018 12:00,0.412,220.1,0
5/23/2018 13:00,0.412,220.1,0
5/23/2018 14:00,0.412,220.1,0
5/23/2018 15:00,0.412,220.1,0
5/23/2018 16:00,0.413,220.1,0
5/23/2018 17:00,0.414,220.1,0
5/23/2018 18:00,0.415,220.1,0
5/23/2018 19:00,0.415,220.1,0
5/23/2018 20:00,0.416,220.1,0
5/23/2018 21:00,0.417,220.1,0
5/23/2018 22:00,0.417,220.1,0
5/23/2018 23:00,0.416,220.1,0
5/24/2018 0:00,0.416,220.1,0
5/24/2018 1:00,0.415,220.1,0
5/24/2018 2:00,0.415,220.1,0
5/24/2018 3:00,0.414,220.1,0
5/24/2018 4:00,0.413,220.1,0
5/24/2018 5:00,0.412,220.1,0
5/24/2018 6:00,0.412,220.1,0
5/24/2018 7:00,0.412,220.1,0
5/24/2018 8:00,0.411,220.1,0
5/24/2018 9:00,0.411,220.1,0
5/24/2018 10:00,0.411,220.1,0
5/24/2018 11:00,0.41,220.1,0
5/24/2018 12:00,0.41,220.1,0
5/24/2018 13:00,0.409,220.1,0
5/24/2018 14:00,0.409,220.1,0
5/24/2018 15:00,0.409,220.1,0
5/24/2018 16:00,0.411,220.1,0
5/24/2018 17:00,0.411,220.1,0
5/24/2018 18:00,0.412,220.1,0
5/24/2018 19:00,0.413,220.1,0
5/24/2018 20:00,0.414,220.1,0
5/24/2018 21:00,0.413,220.1,0
5/24/2018 22:00,0.413,220.1,0
5/24/2018 23:00,0.413,220.1,0
5/25/2018 0:00,0.412,220.1,0
5/25/2018 1:00,0.412,220.1,0
5/25/2018 2:00,0.411,220.1,0
5/25/2018 3:00,0.41,220.1,0
5/25/2018 4:00,0.41,220.1,0
5/25/2018 5:00,0.409,220.2,1
5/25/2018 6:00,0.413,220.8,6
5/25/2018 7:00,0.415,220.8,0
5/25/2018 8:00,0.414,220.8,0
5/25/2018 9:00,0.412,220.8,0
5/25/2018 10:00,0.412,220.8,0
5/25/2018 11:00,0.411,220.8,0
5/25/2018 12:00,0.41,220.8,0
5/25/2018 13:00,0.411,220.8,0
5/25/2018 14:00,0.41,220.9,1
5/25/2018 15:00,0.41,221,1
5/25/2018 16:00,0.41,221.1,1
5/25/2018 17:00,0.41,221.3,2
5/25/2018 18:00,0.415,221.6,3
5/25/2018 19:00,0.422,221.7,1
5/25/2018 20:00,0.425,221.8,1
5/25/2018 21:00,0.425,221.8,0
5/25/2018 22:00,0.424,221.8,0
5/25/2018 23:00,0.423,221.8,0
5/26/2018 0:00,0.422,221.8,0
5/26/2018 1:00,0.421,221.8,0
5/26/2018 2:00,0.42,221.8,0
5/26/2018 3:00,0.419,221.8,0
5/26/2018 4:00,0.419,221.8,0
5/26/2018 5:00,0.418,221.8,0
5/26/2018 6:00,0.417,221.8,0
5/26/2018 7:00,0.417,221.8,0
5/26/2018 8:00,0.417,221.8,0
5/26/2018 9:00,0.416,221.9,1
5/26/2018 10:00,0.415,221.9,0
5/26/2018 11:00,0.415,221.9,0
5/26/2018 12:00,0.415,221.9,0
5/26/2018 13:00,0.414,221.9,0
5/26/2018 14:00,0.415,221.9,0
5/26/2018 15:00,0.415,221.9,0
5/26/2018 16:00,0.416,221.9,0
5/26/2018 17:00,0.416,221.9,0
5/26/2018 18:00,0.417,221.9,0
5/26/2018 19:00,0.418,221.9,0
5/26/2018 20:00,0.418,221.9,0
5/26/2018 21:00,0.418,221.9,0
5/26/2018 22:00,0.418,221.9,0
5/26/2018 23:00,0.418,221.9,0
5/27/2018 0:00,0.417,221.9,0
5/27/2018 1:00,0.417,221.9,0
5/27/2018 2:00,0.416,221.9,0
5/27/2018 3:00,0.416,221.9,0
5/27/2018 4:00,0.416,221.9,0
5/27/2018 5:00,0.415,221.9,0
5/27/2018 6:00,0.414,221.9,0
5/27/2018 7:00,0.414,221.9,0
5/27/2018 8:00,0.413,221.9,0
5/27/2018 9:00,0.413,221.9,0
5/27/2018 10:00,0.412,221.9,0
5/27/2018 11:00,0.412,221.9,0
5/27/2018 12:00,0.412,221.9,0
5/27/2018 13:00,0.411,221.9,0
5/27/2018 14:00,0.412,221.9,0
5/27/2018 15:00,0.412,221.9,0
5/27/2018 16:00,0.413,221.9,0
5/27/2018 17:00,0.414,221.9,0
5/27/2018 18:00,0.415,221.9,0
5/27/2018 19:00,0.416,221.9,0
5/27/2018 20:00,0.417,221.9,0
5/27/2018 21:00,0.417,221.9,0
5/27/2018 22:00,0.418,221.9,0
5/27/2018 23:00,0.418,221.9,0
5/28/2018 0:00,0.417,221.9,0
5/28/2018 1:00,0.417,221.9,0
5/28/2018 2:00,0.416,221.9,0
5/28/2018 3:00,0.415,221.9,0
5/28/2018 4:00,0.415,221.9,0
5/28/2018 5:00,0.414,221.9,0
5/28/2018 6:00,0.413,221.9,0
5/28/2018 7:00,0.412,221.9,0
5/28/2018 8:00,0.411,221.9,0
5/28/2018 9:00,0.411,221.9,0
5/28/2018 10:00,0.41,221.9,0
5/28/2018 11:00,0.41,221.9,0
5/28/2018 12:00,0.409,221.9,0
5/28/2018 13:00,0.409,221.9,0
5/28/2018 14:00,0.41,221.9,0
5/28/2018 15:00,0.41,221.9,0
5/28/2018 16:00,0.411,221.9,0
5/28/2018 17:00,0.413,221.9,0
5/28/2018 18:00,0.413,221.9,0
5/28/2018 19:00,0.415,221.9,0
5/28/2018 20:00,0.415,221.9,0
5/28/2018 21:00,0.415,221.9,0
5/28/2018 22:00,0.416,221.9,0
5/28/2018 23:00,0.415,221.9,0
5/29/2018 0:00,0.416,221.9,0
5/29/2018 1:00,0.415,221.9,0
5/29/2018 2:00,0.414,221.9,0
5/29/2018 3:00,0.413,221.9,0
5/29/2018 4:00,0.412,221.9,0
5/29/2018 5:00,0.411,221.9,0
5/29/2018 6:00,0.411,221.9,0
5/29/2018 7:00,0.41,221.9,0
5/29/2018 8:00,0.41,221.9,0
5/29/2018 9:00,0.409,221.9,0
5/29/2018 10:00,0.408,221.9,0
5/29/2018 11:00,0.408,221.9,0
5/29/2018 12:00,0.407,221.9,0
5/29/2018 13:00,0.407,221.9,0
5/29/2018 14:00,0.407,221.9,0
5/29/2018 15:00,0.407,221.9,0
5/29/2018 16:00,0.408,221.9,0
5/29/2018 17:00,0.409,221.9,0
5/29/2018 18:00,0.411,221.9,0
5/29/2018 19:00,0.411,221.9,0
5/29/2018 20:00,0.412,221.9,0
5/29/2018 21:00,0.412,221.9,0
5/29/2018 22:00,0.412,221.9,0
5/29/2018 23:00,0.411,221.9,0
5/30/2018 0:00,0.411,221.9,0
5/30/2018 1:00,0.411,221.9,0
5/30/2018 2:00,0.409,221.9,0
5/30/2018 3:00,0.409,221.9,0
5/30/2018 4:00,0.408,221.9,0
5/30/2018 5:00,0.408,221.9,0
5/30/2018 6:00,0.407,221.9,0
5/30/2018 7:00,0.406,221.9,0
5/30/2018 8:00,0.406,221.9,0
5/30/2018 9:00,0.406,221.9,0
5/30/2018 10:00,0.405,221.9,0
5/30/2018 11:00,0.404,221.9,0
5/30/2018 12:00,0.403,221.9,0
5/30/2018 13:00,0.403,221.9,0
5/30/2018 14:00,0.403,221.9,0
5/30/2018 15:00,0.404,221.9,0
5/30/2018 16:00,0.404,221.9,0
5/30/2018 17:00,0.406,221.9,0
5/30/2018 18:00,0.406,221.9,0
5/30/2018 19:00,0.406,221.9,0
5/30/2018 20:00,0.407,221.9,0
5/30/2018 21:00,0.407,221.9,0
5/30/2018 22:00,0.407,221.9,0
5/30/2018 23:00,0.406,221.9,0
5/31/2018 0:00,0.406,221.9,0
5/31/2018 1:00,0.405,221.9,0
5/31/2018 2:00,0.404,221.9,0
5/31/2018 3:00,0.404,221.9,0
5/31/2018 4:00,0.403,221.9,0
5/31/2018 5:00,0.402,221.9,0
5/31/2018 6:00,0.402,221.9,0
5/31/2018 7:00,0.401,221.9,0
5/31/2018 8:00,0.4,221.9,0
5/31/2018 9:00,0.4,221.9,0
5/31/2018 10:00,0.399,221.9,0
5/31/2018 11:00,0.399,221.9,0
5/31/2018 12:00,0.399,221.9,0
5/31/2018 13:00,0.398,221.9,0
5/31/2018 14:00,0.398,221.9,0
5/31/2018 15:00,0.397,221.9,0
5/31/2018 16:00,0.397,221.9,0
5/31/2018 17:00,0.398,221.9,0
5/31/2018 18:00,0.398,221.9,0
5/31/2018 19:00,0.398,221.9,0
5/31/2018 20:00,0.398,221.9,0
5/31/2018 21:00,0.398,221.9,0
5/31/2018 22:00,0.398,221.9,0
5/31/2018 23:00,0.398,221.9,0
6/1/2018 0:00,0.398,221.9,0
6/1/2018 1:00,0.397,221.9,0
6/1/2018 2:00,0.396,221.9,0
6/1/2018 3:00,0.396,221.9,0
6/1/2018 4:00,0.395,221.9,0
6/1/2018 5:00,0.394,221.9,0
6/1/2018 6:00,0.393,221.9,0
6/1/2018 7:00,0.393,221.9,0
6/1/2018 8:00,0.393,221.9,0
6/1/2018 9:00,0.392,221.9,0
6/1/2018 10:00,0.391,221.9,0
6/1/2018 11:00,0.391,221.9,0
6/1/2018 12:00,0.39,221.9,0
6/1/2018 13:00,0.39,221.9,0
6/1/2018 14:00,0.39,221.9,0
6/1/2018 15:00,0.39,221.9,0
6/1/2018 16:00,0.391,221.9,0
6/1/2018 17:00,0.393,221.9,0
6/1/2018 18:00,0.393,221.9,0
6/1/2018 19:00,0.395,221.9,0
6/1/2018 20:00,0.395,221.9,0
6/1/2018 21:00,0.396,221.9,0
6/1/2018 22:00,0.396,221.9,0
6/1/2018 23:00,0.396,221.9,0
6/2/2018 0:00,0.396,221.9,0
6/2/2018 1:00,0.395,221.9,0
6/2/2018 2:00,0.395,221.9,0
6/2/2018 3:00,0.394,221.9,0
6/2/2018 4:00,0.393,221.9,0
6/2/2018 5:00,0.392,221.9,0
6/2/2018 6:00,0.391,221.9,0
6/2/2018 7:00,0.391,221.9,0
6/2/2018 8:00,0.39,221.9,0
6/2/2018 9:00,0.39,221.9,0
6/2/2018 10:00,0.389,221.9,0
6/2/2018 11:00,0.388,221.9,0
6/2/2018 12:00,0.387,221.9,0
6/2/2018 13:00,0.387,221.9,0
6/2/2018 14:00,0.387,221.9,0
6/2/2018 15:00,0.387,221.9,0
6/2/2018 16:00,0.388,221.9,0
6/2/2018 17:00,0.389,221.9,0
6/2/2018 18:00,0.39,221.9,0
6/2/2018 19:00,0.39,221.9,0
6/2/2018 20:00,0.391,221.9,0
6/2/2018 21:00,0.392,221.9,0
6/2/2018 22:00,0.393,221.9,0
6/2/2018 23:00,0.392,221.9,0
6/3/2018 0:00,0.392,221.9,0
6/3/2018 1:00,0.392,221.9,0
6/3/2018 2:00,0.391,221.9,0
6/3/2018 3:00,0.39,221.9,0
6/3/2018 4:00,0.39,221.9,0
6/3/2018 5:00,0.388,221.9,0
6/3/2018 6:00,0.388,221.9,0
6/3/2018 7:00,0.387,221.9,0
6/3/2018 8:00,0.386,221.9,0
6/3/2018 9:00,0.386,221.9,0
6/3/2018 10:00,0.385,221.9,0
6/3/2018 11:00,0.384,221.9,0
6/3/2018 12:00,0.383,221.9,0
6/3/2018 13:00,0.382,221.9,0
6/3/2018 14:00,0.382,221.9,0
6/3/2018 15:00,0.382,221.9,0
6/3/2018 16:00,0.383,221.9,0
6/3/2018 17:00,0.384,221.9,0
6/3/2018 18:00,0.384,221.9,0
6/3/2018 19:00,0.385,221.9,0
6/3/2018 20:00,0.386,221.9,0
6/3/2018 21:00,0.386,221.9,0
6/3/2018 22:00,0.386,221.9,0
6/3/2018 23:00,0.386,221.9,0
6/4/2018 0:00,0.386,221.9,0
6/4/2018 1:00,0.385,221.9,0
6/4/2018 2:00,0.384,221.9,0
6/4/2018 3:00,0.383,221.9,0
6/4/2018 4:00,0.382,221.9,0
6/4/2018 5:00,0.381,221.9,0
6/4/2018 6:00,0.381,221.9,0
6/4/2018 7:00,0.38,221.9,0
6/4/2018 8:00,0.379,221.9,0
6/4/2018 9:00,0.378,221.9,0
6/4/2018 10:00,0.378,221.9,0
6/4/2018 11:00,0.378,221.9,0
6/4/2018 12:00,0.376,221.9,0
6/4/2018 13:00,0.375,221.9,0
6/4/2018 14:00,0.374,221.9,0
6/4/2018 15:00,0.374,221.9,0
6/4/2018 16:00,0.376,221.9,0
6/4/2018 17:00,0.376,221.9,0
6/4/2018 18:00,0.377,221.9,0
6/4/2018 19:00,0.378,221.9,0
6/4/2018 20:00,0.378,221.9,0
6/4/2018 21:00,0.379,221.9,0
6/4/2018 22:00,0.379,221.9,0
6/4/2018 23:00,0.379,221.9,0
6/5/2018 0:00,0.378,221.9,0
6/5/2018 1:00,0.378,221.9,0
6/5/2018 2:00,0.376,221.9,0
6/5/2018 3:00,0.375,221.9,0
6/5/2018 4:00,0.374,221.9,0
6/5/2018 5:00,0.373,221.9,0
6/5/2018 6:00,0.373,221.9,0
6/5/2018 7:00,0.372,221.9,0
6/5/2018 8:00,0.371,221.9,0
6/5/2018 9:00,0.37,221.9,0
6/5/2018 10:00,0.369,221.9,0
6/5/2018 11:00,0.368,221.9,0
6/5/2018 12:00,0.367,221.9,0
6/5/2018 13:00,0.366,221.9,0
6/5/2018 14:00,0.366,221.9,0
6/5/2018 15:00,0.366,221.9,0
6/5/2018 16:00,0.366,221.9,0
6/5/2018 17:00,0.367,221.9,0
6/5/2018 18:00,0.367,221.9,0
6/5/2018 19:00,0.368,221.9,0
6/5/2018 20:00,0.368,221.9,0
6/5/2018 21:00,0.368,221.9,0
6/5/2018 22:00,0.368,221.9,0
6/5/2018 23:00,0.367,221.9,0
6/6/2018 0:00,0.367,221.9,0
6/6/2018 1:00,0.366,221.9,0
6/6/2018 2:00,0.366,221.9,0
6/6/2018 3:00,0.365,221.9,0
6/6/2018 4:00,0.364,221.9,0
6/6/2018 5:00,0.363,221.9,0
6/6/2018 6:00,0.362,221.9,0
6/6/2018 7:00,0.361,221.9,0
6/6/2018 8:00,0.361,221.9,0
6/6/2018 9:00,0.36,221.9,0
6/6/2018 10:00,0.36,221.9,0
6/6/2018 11:00,0.359,221.9,0
6/6/2018 12:00,0.357,221.9,0
6/6/2018 13:00,0.357,221.9,0
6/6/2018 14:00,0.356,221.9,0
6/6/2018 15:00,0.356,221.9,0
6/6/2018 16:00,0.357,221.9,0
6/6/2018 17:00,0.357,221.9,0
6/6/2018 18:00,0.359,221.9,0
6/6/2018 19:00,0.359,221.9,0
6/6/2018 20:00,0.36,221.9,0
6/6/2018 21:00,0.361,221.9,0
6/6/2018 22:00,0.362,221.9,0
6/6/2018 23:00,0.361,221.9,0
6/7/2018 0:00,0.361,221.9,0
6/7/2018 1:00,0.36,221.9,0
6/7/2018 2:00,0.359,221.9,0
6/7/2018 3:00,0.358,221.9,0
6/7/2018 4:00,0.357,221.9,0
6/7/2018 5:00,0.357,221.9,0
6/7/2018 6:00,0.356,221.9,0
6/7/2018 7:00,0.355,221.9,0
6/7/2018 8:00,0.354,221.9,0
6/7/2018 9:00,0.354,221.9,0
6/7/2018 10:00,0.354,221.9,0
6/7/2018 11:00,0.352,221.9,0
6/7/2018 12:00,0.351,221.9,0
6/7/2018 13:00,0.35,221.9,0
6/7/2018 14:00,0.349,221.9,0
6/7/2018 15:00,0.349,221.9,0
6/7/2018 16:00,0.349,221.9,0
6/7/2018 17:00,0.35,221.9,0
6/7/2018 18:00,0.35,221.9,0
6/7/2018 19:00,0.352,221.9,0
6/7/2018 20:00,0.353,221.9,0
6/7/2018 21:00,0.353,221.9,0
6/7/2018 22:00,0.353,221.9,0
6/7/2018 23:00,0.353,221.9,0
6/8/2018 0:00,0.353,221.9,0
6/8/2018 1:00,0.351,221.9,0
6/8/2018 2:00,0.35,221.9,0
6/8/2018 3:00,0.35,221.9,0
6/8/2018 4:00,0.349,221.9,0
6/8/2018 5:00,0.347,221.9,0
6/8/2018 6:00,0.347,221.9,0
6/8/2018 7:00,0.345,221.9,0
6/8/2018 8:00,0.345,221.9,0
6/8/2018 9:00,0.344,221.9,0
6/8/2018 10:00,0.343,221.9,0
6/8/2018 11:00,0.34,221.9,0
6/8/2018 12:00,0.339,221.9,0
6/8/2018 13:00,0.338,221.9,0
6/8/2018 14:00,0.336,221.9,0
6/8/2018 15:00,0.337,221.9,0
6/8/2018 16:00,0.337,221.9,0
6/8/2018 17:00,0.337,221.9,0
6/8/2018 18:00,0.338,221.9,0
6/8/2018 19:00,0.339,221.9,0
6/8/2018 20:00,0.341,221.9,0
6/8/2018 21:00,0.341,221.9,0
6/8/2018 22:00,0.341,221.9,0
6/8/2018 23:00,0.341,221.9,0
6/9/2018 0:00,0.34,221.9,0
6/9/2018 1:00,0.339,221.9,0
6/9/2018 2:00,0.339,222.154,2.54
6/9/2018 3:00,0.339,222.23,0.76
6/9/2018 4:00,0.337,222.383,1.53
6/9/2018 5:00,0.337,222.433,0.5
6/9/2018 6:00,0.336,222.433,0
6/9/2018 7:00,0.335,222.433,0
6/9/2018 8:00,0.334,222.459,0.26
6/9/2018 9:00,0.334,222.459,0
6/9/2018 10:00,0.333,222.459,0
6/9/2018 11:00,0.333,222.459,0
6/9/2018 12:00,0.332,222.459,0
6/9/2018 13:00,0.33,222.459,0
6/9/2018 14:00,0.329,222.459,0
6/9/2018 15:00,0.329,222.459,0
6/9/2018 16:00,0.329,222.459,0
6/9/2018 17:00,0.329,222.459,0
6/9/2018 18:00,0.329,222.459,0
6/9/2018 19:00,0.329,222.459,0
6/9/2018 20:00,0.33,222.459,0
6/9/2018 21:00,0.33,222.459,0
6/9/2018 22:00,0.33,222.459,0
6/9/2018 23:00,0.33,222.459,0
6/10/2018 0:00,0.328,222.459,0
6/10/2018 1:00,0.328,222.459,0
6/10/2018 2:00,0.326,222.459,0
6/10/2018 3:00,0.325,222.459,0
6/10/2018 4:00,0.325,222.459,0
6/10/2018 5:00,0.324,222.459,0
6/10/2018 6:00,0.323,222.459,0
6/10/2018 7:00,0.322,222.459,0
6/10/2018 8:00,0.321,222.459,0
6/10/2018 9:00,0.321,222.459,0
6/10/2018 10:00,0.319,222.459,0
6/10/2018 11:00,0.318,222.459,0
6/10/2018 12:00,0.317,222.459,0
6/10/2018 13:00,0.316,222.459,0
6/10/2018 14:00,0.316,222.459,0
6/10/2018 15:00,0.316,222.459,0
6/10/2018 16:00,0.317,222.459,0
6/10/2018 17:00,0.318,222.459,0
6/10/2018 18:00,0.319,222.459,0
6/10/2018 19:00,0.321,222.459,0
6/10/2018 20:00,0.322,222.459,0
6/10/2018 21:00,0.323,222.459,0
6/10/2018 22:00,0.323,222.459,0
6/10/2018 23:00,0.323,222.459,0
6/11/2018 0:00,0.323,222.459,0
6/11/2018 1:00,0.322,222.459,0
6/11/2018 2:00,0.322,222.459,0
6/11/2018 3:00,0.321,222.459,0
6/11/2018 4:00,0.32,222.459,0
6/11/2018 5:00,0.319,222.459,0
6/11/2018 6:00,0.319,222.459,0
6/11/2018 7:00,0.318,222.459,0
6/11/2018 8:00,0.318,222.459,0
6/11/2018 9:00,0.317,222.459,0
6/11/2018 10:00,0.316,222.459,0
6/11/2018 11:00,0.315,222.459,0
6/11/2018 12:00,0.313,222.459,0
6/11/2018 13:00,0.312,222.459,0
6/11/2018 14:00,0.312,222.459,0
6/11/2018 15:00,0.312,222.459,0
6/11/2018 16:00,0.313,222.459,0
6/11/2018 17:00,0.314,222.459,0
6/11/2018 18:00,0.315,222.459,0
6/11/2018 19:00,0.317,222.459,0
6/11/2018 20:00,0.319,222.459,0
6/11/2018 21:00,0.319,222.459,0
6/11/2018 22:00,0.32,222.459,0
6/11/2018 23:00,0.319,222.459,0
6/12/2018 0:00,0.319,222.459,0
6/12/2018 1:00,0.319,222.459,0
6/12/2018 2:00,0.318,222.459,0
6/12/2018 3:00,0.316,222.459,0
6/12/2018 4:00,0.316,222.459,0
6/12/2018 5:00,0.314,222.459,0
6/12/2018 6:00,0.314,222.459,0
6/12/2018 7:00,0.313,222.459,0
6/12/2018 8:00,0.312,222.459,0
6/12/2018 9:00,0.312,222.459,0
6/12/2018 10:00,0.31,222.459,0
6/12/2018 11:00,0.309,222.459,0
6/12/2018 12:00,0.307,222.459,0
6/12/2018 13:00,0.306,222.459,0
6/12/2018 14:00,0.306,222.459,0
6/12/2018 15:00,0.306,222.459,0
6/12/2018 16:00,0.307,222.459,0
6/12/2018 17:00,0.309,222.459,0
6/12/2018 18:00,0.31,222.459,0
6/12/2018 19:00,0.311,222.459,0
6/12/2018 20:00,0.312,222.459,0
6/12/2018 21:00,0.313,222.459,0
6/12/2018 22:00,0.314,222.459,0
6/12/2018 23:00,0.314,222.459,0
6/13/2018 0:00,0.313,222.459,0
6/13/2018 1:00,0.312,222.459,0
6/13/2018 2:00,0.311,222.459,0
6/13/2018 3:00,0.31,222.459,0
6/13/2018 4:00,0.308,222.459,0
6/13/2018 5:00,0.308,222.459,0
6/13/2018 6:00,0.307,222.459,0
6/13/2018 7:00,0.306,222.459,0
6/13/2018 8:00,0.305,222.459,0
6/13/2018 9:00,0.305,222.459,0
6/13/2018 10:00,0.303,222.459,0
6/13/2018 11:00,0.302,222.459,0
6/13/2018 12:00,0.3,222.459,0
6/13/2018 13:00,0.3,222.459,0
6/13/2018 14:00,0.299,222.459,0
6/13/2018 15:00,0.3,222.459,0
6/13/2018 16:00,0.301,222.459,0
6/13/2018 17:00,0.302,222.459,0
6/13/2018 18:00,0.304,222.459,0
6/13/2018 19:00,0.306,222.459,0
6/13/2018 20:00,0.307,222.459,0
6/13/2018 21:00,0.308,222.459,0
6/13/2018 22:00,0.308,222.459,0
6/13/2018 23:00,0.307,222.459,0
6/14/2018 0:00,0.307,222.459,0
6/14/2018 1:00,0.306,222.459,0
6/14/2018 2:00,0.305,222.459,0
6/14/2018 3:00,0.304,222.459,0
6/14/2018 4:00,0.303,222.459,0
6/14/2018 5:00,0.302,222.459,0
6/14/2018 6:00,0.301,222.459,0
6/14/2018 7:00,0.3,222.459,0
6/14/2018 8:00,0.299,222.459,0
6/14/2018 9:00,0.299,222.459,0
6/14/2018 10:00,0.298,222.459,0
6/14/2018 11:00,0.296,222.459,0
6/14/2018 12:00,0.295,222.459,0
6/14/2018 13:00,0.294,222.459,0
6/14/2018 14:00,0.294,222.459,0
6/14/2018 15:00,0.294,222.459,0
6/14/2018 16:00,0.295,222.459,0
6/14/2018 17:00,0.297,222.459,0
6/14/2018 18:00,0.299,222.459,0
6/14/2018 19:00,0.3,222.459,0
6/14/2018 20:00,0.301,222.459,0
6/14/2018 21:00,0.302,222.459,0
6/14/2018 22:00,0.302,222.459,0
6/14/2018 23:00,0.302,222.459,0
6/15/2018 0:00,0.301,222.459,0
6/15/2018 1:00,0.3,222.459,0
6/15/2018 2:00,0.299,222.459,0
6/15/2018 3:00,0.297,222.459,0
6/15/2018 4:00,0.296,222.459,0
6/15/2018 5:00,0.295,222.459,0
6/15/2018 6:00,0.294,222.459,0
6/15/2018 7:00,0.293,222.459,0
6/15/2018 8:00,0.292,222.459,0
6/15/2018 9:00,0.291,222.459,0
6/15/2018 10:00,0.29,222.459,0
6/15/2018 11:00,0.289,222.459,0
6/15/2018 12:00,0.288,222.459,0
6/15/2018 13:00,0.287,222.459,0
6/15/2018 14:00,0.288,222.459,0
6/15/2018 15:00,0.288,222.459,0
6/15/2018 16:00,0.29,222.459,0
6/15/2018 17:00,0.291,222.459,0
6/15/2018 18:00,0.293,222.459,0
6/15/2018 19:00,0.294,222.459,0
6/15/2018 20:00,0.295,222.459,0
6/15/2018 21:00,0.296,222.459,0
6/15/2018 22:00,0.296,222.459,0
6/15/2018 23:00,0.296,222.459,0
6/16/2018 0:00,0.295,222.459,0
6/16/2018 1:00,0.294,222.459,0
6/16/2018 2:00,0.292,222.459,0
6/16/2018 3:00,0.291,222.459,0
6/16/2018 4:00,0.29,222.459,0
6/16/2018 5:00,0.289,222.459,0
6/16/2018 6:00,0.288,222.459,0
6/16/2018 7:00,0.287,222.459,0
6/16/2018 8:00,0.286,222.459,0
6/16/2018 9:00,0.286,222.459,0
6/16/2018 10:00,0.285,222.459,0
6/16/2018 11:00,0.284,222.459,0
6/16/2018 12:00,0.283,222.459,0
6/16/2018 13:00,0.282,222.459,0
6/16/2018 14:00,0.282,222.459,0
6/16/2018 15:00,0.283,222.459,0
6/16/2018 16:00,0.284,222.459,0
6/16/2018 17:00,0.286,222.459,0
6/16/2018 18:00,0.288,222.459,0
6/16/2018 19:00,0.289,222.459,0
6/16/2018 20:00,0.29,222.459,0
6/16/2018 21:00,0.291,222.459,0
6/16/2018 22:00,0.291,222.459,0
6/16/2018 23:00,0.291,222.459,0
6/17/2018 0:00,0.289,222.459,0
6/17/2018 1:00,0.289,222.459,0
6/17/2018 2:00,0.288,222.459,0
6/17/2018 3:00,0.287,222.459,0
6/17/2018 4:00,0.285,222.459,0
6/17/2018 5:00,0.284,222.459,0
6/17/2018 6:00,0.283,222.459,0
6/17/2018 7:00,0.281,222.459,0
6/17/2018 8:00,0.28,222.459,0
6/17/2018 9:00,0.279,222.459,0
6/17/2018 10:00,0.278,222.459,0
6/17/2018 11:00,0.276,222.459,0
6/17/2018 12:00,0.276,222.459,0
6/17/2018 13:00,0.275,222.459,0
6/17/2018 14:00,0.275,222.459,0
6/17/2018 15:00,0.276,222.459,0
6/17/2018 16:00,0.278,222.459,0
6/17/2018 17:00,0.28,222.459,0
6/17/2018 18:00,0.282,222.459,0
6/17/2018 19:00,0.283,222.459,0
6/17/2018 20:00,0.284,222.459,0
6/17/2018 21:00,0.285,222.459,0
6/17/2018 22:00,0.286,222.459,0
6/17/2018 23:00,0.286,222.459,0
6/18/2018 0:00,0.285,222.459,0
6/18/2018 1:00,0.284,222.459,0
6/18/2018 2:00,0.283,222.459,0
6/18/2018 3:00,0.282,222.459,0
6/18/2018 4:00,0.281,222.459,0
6/18/2018 5:00,0.279,222.459,0
6/18/2018 6:00,0.278,222.459,0
6/18/2018 7:00,0.277,222.459,0
6/18/2018 8:00,0.276,222.459,0
6/18/2018 9:00,0.276,222.459,0
6/18/2018 10:00,0.275,222.459,0
6/18/2018 11:00,0.274,222.459,0
6/18/2018 12:00,0.273,222.459,0
6/18/2018 13:00,0.272,222.459,0
6/18/2018 14:00,0.272,222.459,0
6/18/2018 15:00,0.273,222.459,0
6/18/2018 16:00,0.275,222.459,0
6/18/2018 17:00,0.277,222.459,0
6/18/2018 18:00,0.278,222.459,0
6/18/2018 19:00,0.28,222.459,0
6/18/2018 20:00,0.282,222.459,0
6/18/2018 21:00,0.282,222.459,0
6/18/2018 22:00,0.283,222.459,0
6/18/2018 23:00,0.283,222.459,0
6/19/2018 0:00,0.282,222.459,0
6/19/2018 1:00,0.281,222.459,0
6/19/2018 2:00,0.28,222.459,0
6/19/2018 3:00,0.279,222.459,0
6/19/2018 4:00,0.278,222.459,0
6/19/2018 5:00,0.277,222.459,0
6/19/2018 6:00,0.275,222.459,0
6/19/2018 7:00,0.274,222.459,0
6/19/2018 8:00,0.273,222.459,0
6/19/2018 9:00,0.273,222.459,0
6/19/2018 10:00,0.271,222.459,0
6/19/2018 11:00,0.27,222.459,0
6/19/2018 12:00,0.269,222.459,0
6/19/2018 13:00,0.269,222.459,0
6/19/2018 14:00,0.269,222.459,0
6/19/2018 15:00,0.27,222.459,0
6/19/2018 16:00,0.271,222.459,0
6/19/2018 17:00,0.273,222.459,0
6/19/2018 18:00,0.275,222.459,0
6/19/2018 19:00,0.277,222.459,0
6/19/2018 20:00,0.278,222.459,0
6/19/2018 21:00,0.279,222.459,0
6/19/2018 22:00,0.28,222.459,0
6/19/2018 23:00,0.279,222.459,0
6/20/2018 0:00,0.279,222.459,0
6/20/2018 1:00,0.278,222.459,0
6/20/2018 2:00,0.277,222.459,0
6/20/2018 3:00,0.275,222.459,0
6/20/2018 4:00,0.274,222.459,0
6/20/2018 5:00,0.273,222.459,0
6/20/2018 6:00,0.272,222.459,0
6/20/2018 7:00,0.271,222.459,0
6/20/2018 8:00,0.27,222.459,0
6/20/2018 9:00,0.269,222.459,0
6/20/2018 10:00,0.269,222.459,0
6/20/2018 11:00,0.267,222.459,0
6/20/2018 12:00,0.267,222.459,0
6/20/2018 13:00,0.266,222.459,0
6/20/2018 14:00,0.266,222.459,0
6/20/2018 15:00,0.267,222.459,0
6/20/2018 16:00,0.269,222.459,0
6/20/2018 17:00,0.27,222.459,0
6/20/2018 18:00,0.272,222.459,0
6/20/2018 19:00,0.274,222.459,0
6/20/2018 20:00,0.275,222.459,0
6/20/2018 21:00,0.276,222.459,0
6/20/2018 22:00,0.277,222.459,0
6/20/2018 23:00,0.276,222.459,0
6/21/2018 0:00,0.275,222.459,0
6/21/2018 1:00,0.275,222.459,0
6/21/2018 2:00,0.273,222.459,0
6/21/2018 3:00,0.271,222.459,0
6/21/2018 4:00,0.27,222.459,0
6/21/2018 5:00,0.269,222.459,0
6/21/2018 6:00,0.267,222.459,0
6/21/2018 7:00,0.266,222.459,0
6/21/2018 8:00,0.265,222.459,0
6/21/2018 9:00,0.264,222.459,0
6/21/2018 10:00,0.262,222.459,0
6/21/2018 11:00,0.261,222.459,0
6/21/2018 12:00,0.26,222.459,0
6/21/2018 13:00,0.261,222.459,0
6/21/2018 14:00,0.261,222.459,0
6/21/2018 15:00,0.262,222.459,0
6/21/2018 16:00,0.264,222.459,0
6/21/2018 17:00,0.266,222.459,0
6/21/2018 18:00,0.268,222.459,0
6/21/2018 19:00,0.269,222.459,0
6/21/2018 20:00,0.271,222.459,0
6/21/2018 21:00,0.272,222.459,0
6/21/2018 22:00,0.272,222.459,0
6/21/2018 23:00,0.272,222.459,0
6/22/2018 0:00,0.272,222.459,0
6/22/2018 1:00,0.271,222.459,0
6/22/2018 2:00,0.269,222.459,0
6/22/2018 3:00,0.268,222.459,0
6/22/2018 4:00,0.267,222.459,0
6/22/2018 5:00,0.265,222.459,0
6/22/2018 6:00,0.264,222.459,0
6/22/2018 7:00,0.263,222.459,0
6/22/2018 8:00,0.262,222.459,0
6/22/2018 9:00,0.262,222.459,0
6/22/2018 10:00,0.261,222.459,0
6/22/2018 11:00,0.26,222.459,0
6/22/2018 12:00,0.259,222.459,0
6/22/2018 13:00,0.259,222.459,0
6/22/2018 14:00,0.259,222.459,0
6/22/2018 15:00,0.26,222.459,0
6/22/2018 16:00,0.262,222.459,0
6/22/2018 17:00,0.264,222.459,0
6/22/2018 18:00,0.266,222.459,0
6/22/2018 19:00,0.268,222.459,0
6/22/2018 20:00,0.269,222.459,0
6/22/2018 21:00,0.271,222.459,0
6/22/2018 22:00,0.271,222.459,0
6/22/2018 23:00,0.27,222.459,0
6/23/2018 0:00,0.27,222.459,0
6/23/2018 1:00,0.269,222.459,0
6/23/2018 2:00,0.268,222.459,0
6/23/2018 3:00,0.267,222.459,0
6/23/2018 4:00,0.265,222.459,0
6/23/2018 5:00,0.264,222.459,0
6/23/2018 6:00,0.262,222.459,0
6/23/2018 7:00,0.261,222.459,0
6/23/2018 8:00,0.26,222.459,0
6/23/2018 9:00,0.259,222.459,0
6/23/2018 10:00,0.258,222.459,0
6/23/2018 11:00,0.256,222.459,0
6/23/2018 12:00,0.255,222.459,0
6/23/2018 13:00,0.255,222.459,0
6/23/2018 14:00,0.256,222.459,0
6/23/2018 15:00,0.257,222.459,0
6/23/2018 16:00,0.259,222.459,0
6/23/2018 17:00,0.261,222.459,0
6/23/2018 18:00,0.263,222.459,0
6/23/2018 19:00,0.265,222.459,0
6/23/2018 20:00,0.266,222.459,0
6/23/2018 21:00,0.267,222.459,0
6/23/2018 22:00,0.268,222.459,0
6/23/2018 23:00,0.268,222.459,0
6/24/2018 0:00,0.267,222.459,0
6/24/2018 1:00,0.266,222.459,0
6/24/2018 2:00,0.265,222.459,0
6/24/2018 3:00,0.264,222.459,0
6/24/2018 4:00,0.263,222.459,0
6/24/2018 5:00,0.262,222.459,0
6/24/2018 6:00,0.26,222.459,0
6/24/2018 7:00,0.259,222.459,0
6/24/2018 8:00,0.258,222.459,0
6/24/2018 9:00,0.257,222.459,0
6/24/2018 10:00,0.256,222.459,0
6/24/2018 11:00,0.255,222.459,0
6/24/2018 12:00,0.254,222.459,0
6/24/2018 13:00,0.254,222.459,0
6/24/2018 14:00,0.254,222.459,0
6/24/2018 15:00,0.256,222.459,0
6/24/2018 16:00,0.257,222.459,0
6/24/2018 17:00,0.26,222.459,0
6/24/2018 18:00,0.262,222.459,0
6/24/2018 19:00,0.263,222.459,0
6/24/2018 20:00,0.266,222.459,0
6/24/2018 21:00,0.267,222.459,0
6/24/2018 22:00,0.267,222.459,0
6/24/2018 23:00,0.267,222.459,0
6/25/2018 0:00,0.266,222.459,0
6/25/2018 1:00,0.266,222.459,0
6/25/2018 2:00,0.264,222.459,0
6/25/2018 3:00,0.263,222.459,0
6/25/2018 4:00,0.262,222.459,0
6/25/2018 5:00,0.261,222.459,0
6/25/2018 6:00,0.259,222.459,0
6/25/2018 7:00,0.258,222.459,0
6/25/2018 8:00,0.257,222.459,0
6/25/2018 9:00,0.256,222.459,0
6/25/2018 10:00,0.256,222.459,0
6/25/2018 11:00,0.255,222.459,0
6/25/2018 12:00,0.254,222.459,0
6/25/2018 13:00,0.253,222.459,0
6/25/2018 14:00,0.254,222.459,0
6/25/2018 15:00,0.255,222.459,0
6/25/2018 16:00,0.257,222.459,0
6/25/2018 17:00,0.259,222.459,0
6/25/2018 18:00,0.26,222.459,0
6/25/2018 19:00,0.263,222.459,0
6/25/2018 20:00,0.264,222.459,0
6/25/2018 21:00,0.265,222.459,0
6/25/2018 22:00,0.265,222.459,0
6/25/2018 23:00,0.265,222.459,0
6/26/2018 0:00,0.263,222.459,0
6/26/2018 1:00,0.262,222.459,0
6/26/2018 2:00,0.261,222.459,0
6/26/2018 3:00,0.259,222.459,0
6/26/2018 4:00,0.258,222.459,0
6/26/2018 5:00,0.256,222.459,0
6/26/2018 6:00,0.256,222.459,0
6/26/2018 7:00,0.254,222.459,0
6/26/2018 8:00,0.253,222.459,0
6/26/2018 9:00,0.253,222.459,0
6/26/2018 10:00,0.251,222.459,0
6/26/2018 11:00,0.25,222.459,0
6/26/2018 12:00,0.249,222.459,0
6/26/2018 13:00,0.25,222.459,0
6/26/2018 14:00,0.25,222.459,0
6/26/2018 15:00,0.251,222.459,0
6/26/2018 16:00,0.253,222.459,0
6/26/2018 17:00,0.255,222.459,0
6/26/2018 18:00,0.257,222.459,0
6/26/2018 19:00,0.259,222.459,0
6/26/2018 20:00,0.26,222.459,0
6/26/2018 21:00,0.262,222.459,0
6/26/2018 22:00,0.262,222.459,0
6/26/2018 23:00,0.262,222.459,0
6/27/2018 0:00,0.261,222.459,0
6/27/2018 1:00,0.26,222.459,0
6/27/2018 2:00,0.26,222.459,0
6/27/2018 3:00,0.258,222.459,0
6/27/2018 4:00,0.257,222.459,0
6/27/2018 5:00,0.256,222.459,0
6/27/2018 6:00,0.255,222.459,0
6/27/2018 7:00,0.253,222.459,0
6/27/2018 8:00,0.252,222.459,0
6/27/2018 9:00,0.251,222.459,0
6/27/2018 10:00,0.25,222.459,0
6/27/2018 11:00,0.249,222.459,0
6/27/2018 12:00,0.249,222.459,0
6/27/2018 13:00,0.249,222.459,0
6/27/2018 14:00,0.249,222.459,0
6/27/2018 15:00,0.25,222.459,0
6/27/2018 16:00,0.252,222.459,0
6/27/2018 17:00,0.254,222.459,0
6/27/2018 18:00,0.256,222.459,0
6/27/2018 19:00,0.258,222.459,0
6/27/2018 20:00,0.259,222.459,0
6/27/2018 21:00,0.26,222.459,0
6/27/2018 22:00,0.261,222.459,0
6/27/2018 23:00,0.261,222.459,0
6/28/2018 0:00,0.259,222.459,0
6/28/2018 1:00,0.258,222.459,0
6/28/2018 2:00,0.257,222.459,0
6/28/2018 3:00,0.255,222.459,0
6/28/2018 4:00,0.254,222.459,0
6/28/2018 5:00,0.253,222.459,0
6/28/2018 6:00,0.251,222.459,0
6/28/2018 7:00,0.25,222.459,0
6/28/2018 8:00,0.25,222.459,0
6/28/2018 9:00,0.249,222.459,0
6/28/2018 10:00,0.248,222.459,0
6/28/2018 11:00,0.247,222.459,0
6/28/2018 12:00,0.247,222.459,0
6/28/2018 13:00,0.246,222.459,0
6/28/2018 14:00,0.247,222.459,0
6/28/2018 15:00,0.248,222.459,0
6/28/2018 16:00,0.249,222.459,0
6/28/2018 17:00,0.251,222.459,0
6/28/2018 18:00,0.253,222.459,0
6/28/2018 19:00,0.255,222.459,0
6/28/2018 20:00,0.257,222.459,0
6/28/2018 21:00,0.257,222.459,0
6/28/2018 22:00,0.257,222.459,0
6/28/2018 23:00,0.258,222.459,0
6/29/2018 0:00,0.257,222.459,0
6/29/2018 1:00,0.256,222.459,0
6/29/2018 2:00,0.255,222.459,0
6/29/2018 3:00,0.253,222.459,0
6/29/2018 4:00,0.252,222.459,0
6/29/2018 5:00,0.251,222.459,0
6/29/2018 6:00,0.249,222.459,0
6/29/2018 7:00,0.248,222.459,0
6/29/2018 8:00,0.246,222.459,0
6/29/2018 9:00,0.246,222.459,0
6/29/2018 10:00,0.245,222.459,0
6/29/2018 11:00,0.243,222.459,0
6/29/2018 12:00,0.243,222.459,0
6/29/2018 13:00,0.243,222.459,0
6/29/2018 14:00,0.243,222.459,0
6/29/2018 15:00,0.245,222.459,0
6/29/2018 16:00,0.246,222.459,0
6/29/2018 17:00,0.248,222.459,0
6/29/2018 18:00,0.25,222.459,0
6/29/2018 19:00,0.252,222.459,0
6/29/2018 20:00,0.254,222.459,0
6/29/2018 21:00,0.255,222.459,0
6/29/2018 22:00,0.256,222.459,0
6/29/2018 23:00,0.255,222.459,0
6/30/2018 0:00,0.255,222.459,0
6/30/2018 1:00,0.254,222.459,0
6/30/2018 2:00,0.253,222.459,0
6/30/2018 3:00,0.252,222.459,0
6/30/2018 4:00,0.251,222.459,0
6/30/2018 5:00,0.249,222.459,0
6/30/2018 6:00,0.248,222.459,0
6/30/2018 7:00,0.247,222.459,0
6/30/2018 8:00,0.246,222.459,0
6/30/2018 9:00,0.245,222.459,0
6/30/2018 10:00,0.244,222.459,0
6/30/2018 11:00,0.243,222.459,0
6/30/2018 12:00,0.242,222.459,0
6/30/2018 13:00,0.243,222.459,0
6/30/2018 14:00,0.243,222.459,0
6/30/2018 15:00,0.244,222.459,0
6/30/2018 16:00,0.246,222.459,0
6/30/2018 17:00,0.248,222.459,0
6/30/2018 18:00,0.25,222.459,0
6/30/2018 19:00,0.252,222.459,0
6/30/2018 20:00,0.255,222.459,0
6/30/2018 21:00,0.256,222.459,0
6/30/2018 22:00,0.256,222.459,0
6/30/2018 23:00,0.256,222.459,0
7/1/2018 0:00,0.257,222.459,0
7/1/2018 1:00,0.256,222.459,0
7/1/2018 2:00,0.254,222.459,0
7/1/2018 3:00,0.253,222.459,0
7/1/2018 4:00,0.253,222.459,0
7/1/2018 5:00,0.251,222.459,0
7/1/2018 6:00,0.25,222.459,0
7/1/2018 7:00,0.248,222.459,0
7/1/2018 8:00,0.247,222.459,0
7/1/2018 9:00,0.247,222.459,0
7/1/2018 10:00,0.245,222.459,0
7/1/2018 11:00,0.245,222.459,0
7/1/2018 12:00,0.244,222.459,0
7/1/2018 13:00,0.244,222.459,0
7/1/2018 14:00,0.244,222.459,0
7/1/2018 15:00,0.245,222.459,0
7/1/2018 16:00,0.246,222.459,0
7/1/2018 17:00,0.249,222.459,0
7/1/2018 18:00,0.251,222.459,0
7/1/2018 19:00,0.253,222.459,0
7/1/2018 20:00,0.256,222.459,0
7/1/2018 21:00,0.256,222.459,0
7/1/2018 22:00,0.257,222.459,0
7/1/2018 23:00,0.257,222.459,0
7/2/2018 0:00,0.256,222.459,0
7/2/2018 1:00,0.255,222.459,0
7/2/2018 2:00,0.254,222.459,0
7/2/2018 3:00,0.253,222.459,0
7/2/2018 4:00,0.251,222.459,0
7/2/2018 5:00,0.25,222.459,0
7/2/2018 6:00,0.249,222.459,0
7/2/2018 7:00,0.247,222.459,0
7/2/2018 8:00,0.246,222.459,0
7/2/2018 9:00,0.246,222.459,0
7/2/2018 10:00,0.244,222.459,0
7/2/2018 11:00,0.243,222.459,0
7/2/2018 12:00,0.242,222.459,0
7/2/2018 13:00,0.242,222.459,0
7/2/2018 14:00,0.242,222.459,0
7/2/2018 15:00,0.244,222.459,0
7/2/2018 16:00,0.245,222.459,0
7/2/2018 17:00,0.247,222.459,0
7/2/2018 18:00,0.25,222.459,0
7/2/2018 19:00,0.251,222.459,0
7/2/2018 20:00,0.253,222.459,0
7/2/2018 21:00,0.253,222.459,0
7/2/2018 22:00,0.254,222.459,0
7/2/2018 23:00,0.254,222.459,0
7/3/2018 0:00,0.253,222.459,0
7/3/2018 1:00,0.252,222.459,0
7/3/2018 2:00,0.251,222.459,0
7/3/2018 3:00,0.249,222.459,0
7/3/2018 4:00,0.248,222.459,0
7/3/2018 5:00,0.246,222.459,0
7/3/2018 6:00,0.245,222.459,0
7/3/2018 7:00,0.244,222.459,0
7/3/2018 8:00,0.242,222.459,0
7/3/2018 9:00,0.242,222.459,0
7/3/2018 10:00,0.241,222.459,0
7/3/2018 11:00,0.24,222.459,0
7/3/2018 12:00,0.238,222.459,0
7/3/2018 13:00,0.238,222.459,0
7/3/2018 14:00,0.239,222.459,0
7/3/2018 15:00,0.239,222.459,0
7/3/2018 16:00,0.241,222.459,0
7/3/2018 17:00,0.244,222.459,0
7/3/2018 18:00,0.246,222.459,0
7/3/2018 19:00,0.248,222.459,0
7/3/2018 20:00,0.249,222.459,0
7/3/2018 21:00,0.251,222.459,0
7/3/2018 22:00,0.251,222.459,0
7/3/2018 23:00,0.251,222.459,0
7/4/2018 0:00,0.251,222.459,0
7/4/2018 1:00,0.249,222.459,0
7/4/2018 2:00,0.248,222.459,0
7/4/2018 3:00,0.247,222.459,0
7/4/2018 4:00,0.245,222.459,0
7/4/2018 5:00,0.245,222.459,0
7/4/2018 6:00,0.243,222.459,0
7/4/2018 7:00,0.242,222.459,0
7/4/2018 8:00,0.241,222.459,0
7/4/2018 9:00,0.24,222.459,0
7/4/2018 10:00,0.239,222.459,0
7/4/2018 11:00,0.238,222.459,0
7/4/2018 12:00,0.238,222.459,0
7/4/2018 13:00,0.237,222.459,0
7/4/2018 14:00,0.238,222.459,0
7/4/2018 15:00,0.239,222.459,0
7/4/2018 16:00,0.24,222.459,0
7/4/2018 17:00,0.242,222.459,0
7/4/2018 18:00,0.245,222.459,0
7/4/2018 19:00,0.247,222.459,0
7/4/2018 20:00,0.248,222.459,0
7/4/2018 21:00,0.249,222.459,0
7/4/2018 22:00,0.25,222.459,0
7/4/2018 23:00,0.249,222.459,0
7/5/2018 0:00,0.249,222.459,0
7/5/2018 1:00,0.248,222.459,0
7/5/2018 2:00,0.247,222.459,0
7/5/2018 3:00,0.246,222.459,0
7/5/2018 4:00,0.245,222.459,0
7/5/2018 5:00,0.243,222.459,0
7/5/2018 6:00,0.242,222.459,0
7/5/2018 7:00,0.241,222.459,0
7/5/2018 8:00,0.24,222.459,0
7/5/2018 9:00,0.24,222.459,0
7/5/2018 10:00,0.239,222.459,0
7/5/2018 11:00,0.238,222.459,0
7/5/2018 12:00,0.237,222.459,0
7/5/2018 13:00,0.237,222.459,0
7/5/2018 14:00,0.237,222.459,0
7/5/2018 15:00,0.239,222.459,0
7/5/2018 16:00,0.24,222.459,0
7/5/2018 17:00,0.243,222.459,0
7/5/2018 18:00,0.245,222.459,0
7/5/2018 19:00,0.247,222.459,0
7/5/2018 20:00,0.248,222.459,0
7/5/2018 21:00,0.248,222.459,0
7/5/2018 22:00,0.249,222.459,0
7/5/2018 23:00,0.249,222.459,0
7/6/2018 0:00,0.248,222.459,0
7/6/2018 1:00,0.247,222.459,0
7/6/2018 2:00,0.247,222.459,0
7/6/2018 3:00,0.245,222.459,0
7/6/2018 4:00,0.244,222.459,0
7/6/2018 5:00,0.243,222.459,0
7/6/2018 6:00,0.242,222.459,0
7/6/2018 7:00,0.241,222.459,0
7/6/2018 8:00,0.24,222.459,0
7/6/2018 9:00,0.239,222.459,0
7/6/2018 10:00,0.239,222.459,0
7/6/2018 11:00,0.238,222.459,0
7/6/2018 12:00,0.238,222.459,0
7/6/2018 13:00,0.238,222.459,0
7/6/2018 14:00,0.238,222.459,0
7/6/2018 15:00,0.238,222.459,0
7/6/2018 16:00,0.24,222.459,0
7/6/2018 17:00,0.241,222.459,0
7/6/2018 18:00,0.243,222.459,0
7/6/2018 19:00,0.245,222.459,0
7/6/2018 20:00,0.246,222.459,0
7/6/2018 21:00,0.247,222.459,0
7/6/2018 22:00,0.248,222.459,0
7/6/2018 23:00,0.248,222.459,0
7/7/2018 0:00,0.247,222.459,0
7/7/2018 1:00,0.247,222.459,0
7/7/2018 2:00,0.246,222.459,0
7/7/2018 3:00,0.244,222.459,0
7/7/2018 4:00,0.243,222.459,0
7/7/2018 5:00,0.242,222.459,0
7/7/2018 6:00,0.241,222.459,0
7/7/2018 7:00,0.24,222.459,0
7/7/2018 8:00,0.239,222.459,0
7/7/2018 9:00,0.238,222.459,0
7/7/2018 10:00,0.238,222.459,0
7/7/2018 11:00,0.238,222.459,0
7/7/2018 12:00,0.237,222.459,0
7/7/2018 13:00,0.237,222.459,0
7/7/2018 14:00,0.237,222.459,0
7/7/2018 15:00,0.238,222.459,0
7/7/2018 16:00,0.24,222.459,0
7/7/2018 17:00,0.242,222.459,0
7/7/2018 18:00,0.244,222.459,0
7/7/2018 19:00,0.246,222.459,0
7/7/2018 20:00,0.248,222.459,0
7/7/2018 21:00,0.249,222.459,0
7/7/2018 22:00,0.249,222.459,0
7/7/2018 23:00,0.249,222.459,0
7/8/2018 0:00,0.248,222.459,0
7/8/2018 1:00,0.247,222.459,0
7/8/2018 2:00,0.246,222.459,0
7/8/2018 3:00,0.245,222.459,0
7/8/2018 4:00,0.244,222.459,0
7/8/2018 5:00,0.243,222.459,0
7/8/2018 6:00,0.242,222.459,0
7/8/2018 7:00,0.24,222.459,0
7/8/2018 8:00,0.24,222.459,0
7/8/2018 9:00,0.24,222.459,0
7/8/2018 10:00,0.239,222.459,0
7/8/2018 11:00,0.238,222.459,0
7/8/2018 12:00,0.237,222.459,0
7/8/2018 13:00,0.237,222.459,0
7/8/2018 14:00,0.238,222.459,0
7/8/2018 15:00,0.239,222.459,0
7/8/2018 16:00,0.241,222.459,0
7/8/2018 17:00,0.242,222.459,0
7/8/2018 18:00,0.244,222.459,0
7/8/2018 19:00,0.246,222.459,0
7/8/2018 20:00,0.248,222.459,0
7/8/2018 21:00,0.249,222.459,0
7/8/2018 22:00,0.25,222.459,0
7/8/2018 23:00,0.249,222.459,0
7/9/2018 0:00,0.248,222.459,0
7/9/2018 1:00,0.247,222.459,0
7/9/2018 2:00,0.246,222.459,0
7/9/2018 3:00,0.245,222.459,0
7/9/2018 4:00,0.244,222.459,0
7/9/2018 5:00,0.243,222.459,0
7/9/2018 6:00,0.241,222.459,0
7/9/2018 7:00,0.239,222.459,0
7/9/2018 8:00,0.238,222.459,0
7/9/2018 9:00,0.238,222.459,0
7/9/2018 10:00,0.237,222.459,0
7/9/2018 11:00,0.236,222.459,0
7/9/2018 12:00,0.236,222.459,0
7/9/2018 13:00,0.236,222.459,0
7/9/2018 14:00,0.236,222.459,0
7/9/2018 15:00,0.237,222.459,0
7/9/2018 16:00,0.239,222.459,0
7/9/2018 17:00,0.241,222.459,0
7/9/2018 18:00,0.243,222.459,0
7/9/2018 19:00,0.245,222.459,0
7/9/2018 20:00,0.247,222.459,0
7/9/2018 21:00,0.248,222.459,0
7/9/2018 22:00,0.248,222.459,0
7/9/2018 23:00,0.249,222.459,0
7/10/2018 0:00,0.248,222.459,0
7/10/2018 1:00,0.247,222.459,0
7/10/2018 2:00,0.246,222.459,0
7/10/2018 3:00,0.245,222.459,0
7/10/2018 4:00,0.244,222.459,0
7/10/2018 5:00,0.242,222.459,0
7/10/2018 6:00,0.241,222.459,0
7/10/2018 7:00,0.24,222.459,0
7/10/2018 8:00,0.238,222.459,0
7/10/2018 9:00,0.238,222.459,0
7/10/2018 10:00,0.236,222.459,0
7/10/2018 11:00,0.235,222.459,0
7/10/2018 12:00,0.235,222.459,0
7/10/2018 13:00,0.234,222.459,0
7/10/2018 14:00,0.234,222.459,0
7/10/2018 15:00,0.235,222.459,0
7/10/2018 16:00,0.237,222.459,0
7/10/2018 17:00,0.24,222.459,0
7/10/2018 18:00,0.242,222.459,0
7/10/2018 19:00,0.244,222.459,0
7/10/2018 20:00,0.246,222.459,0
7/10/2018 21:00,0.247,222.459,0
7/10/2018 22:00,0.247,222.459,0
7/10/2018 23:00,0.248,222.459,0
7/11/2018 0:00,0.247,222.459,0
7/11/2018 1:00,0.246,222.459,0
7/11/2018 2:00,0.245,222.459,0
7/11/2018 3:00,0.244,222.459,0
7/11/2018 4:00,0.243,222.459,0
7/11/2018 5:00,0.242,222.459,0
7/11/2018 6:00,0.24,222.459,0
7/11/2018 7:00,0.239,222.459,0
7/11/2018 8:00,0.238,222.459,0
7/11/2018 9:00,0.238,222.459,0
7/11/2018 10:00,0.236,222.459,0
7/11/2018 11:00,0.236,222.459,0
7/11/2018 12:00,0.235,222.459,0
7/11/2018 13:00,0.235,222.459,0
7/11/2018 14:00,0.235,222.459,0
7/11/2018 15:00,0.236,222.459,0
7/11/2018 16:00,0.238,222.459,0
7/11/2018 17:00,0.24,222.459,0
7/11/2018 18:00,0.243,222.459,0
7/11/2018 19:00,0.245,222.459,0
7/11/2018 20:00,0.247,222.459,0
7/11/2018 21:00,0.248,222.459,0
7/11/2018 22:00,0.249,222.459,0
7/11/2018 23:00,0.25,222.459,0
7/12/2018 0:00,0.249,222.459,0
7/12/2018 1:00,0.248,222.459,0
7/12/2018 2:00,0.247,222.459,0
7/12/2018 3:00,0.247,222.459,0
7/12/2018 4:00,0.246,222.459,0
7/12/2018 5:00,0.245,222.459,0
7/12/2018 6:00,0.243,222.459,0
7/12/2018 7:00,0.242,222.459,0
7/12/2018 8:00,0.241,222.459,0
7/12/2018 9:00,0.241,222.459,0
7/12/2018 10:00,0.24,222.459,0
7/12/2018 11:00,0.238,222.459,0
7/12/2018 12:00,0.238,222.459,0
7/12/2018 13:00,0.238,222.459,0
7/12/2018 14:00,0.238,222.459,0
7/12/2018 15:00,0.239,222.459,0
7/12/2018 16:00,0.241,222.459,0
7/12/2018 17:00,0.243,222.459,0
7/12/2018 18:00,0.245,222.459,0
7/12/2018 19:00,0.248,222.459,0
7/12/2018 20:00,0.249,222.459,0
7/12/2018 21:00,0.25,222.459,0
7/12/2018 22:00,0.25,222.459,0
7/12/2018 23:00,0.25,222.459,0
7/13/2018 0:00,0.25,222.459,0
7/13/2018 1:00,0.249,222.459,0
7/13/2018 2:00,0.249,222.459,0
7/13/2018 3:00,0.247,222.459,0
7/13/2018 4:00,0.246,222.459,0
7/13/2018 5:00,0.245,222.459,0
7/13/2018 6:00,0.244,222.459,0
7/13/2018 7:00,0.243,222.459,0
7/13/2018 8:00,0.243,222.459,0
7/13/2018 9:00,0.242,222.459,0
7/13/2018 10:00,0.241,222.459,0
7/13/2018 11:00,0.241,222.459,0
7/13/2018 12:00,0.24,222.459,0
7/13/2018 13:00,0.24,222.459,0
7/13/2018 14:00,0.24,222.459,0
7/13/2018 15:00,0.241,222.459,0
7/13/2018 16:00,0.242,222.459,0
7/13/2018 17:00,0.243,222.459,0
7/13/2018 18:00,0.244,222.459,0
7/13/2018 19:00,0.245,222.459,0
7/13/2018 20:00,0.245,222.459,0
7/13/2018 21:00,0.245,222.459,0
7/13/2018 22:00,0.245,222.459,0
7/13/2018 23:00,0.245,222.459,0
7/14/2018 0:00,0.244,222.459,0
7/14/2018 1:00,0.244,222.459,0
7/14/2018 2:00,0.243,222.459,0
7/14/2018 3:00,0.242,222.459,0
7/14/2018 4:00,0.242,222.459,0
7/14/2018 5:00,0.241,222.459,0
7/14/2018 6:00,0.24,222.459,0
7/14/2018 7:00,0.239,222.459,0
7/14/2018 8:00,0.238,222.459,0
7/14/2018 9:00,0.239,222.459,0
7/14/2018 10:00,0.237,222.459,0
7/14/2018 11:00,0.236,222.459,0
7/14/2018 12:00,0.236,222.459,0
7/14/2018 13:00,0.235,222.459,0
7/14/2018 14:00,0.236,222.459,0
7/14/2018 15:00,0.237,222.459,0
7/14/2018 16:00,0.239,222.459,0
7/14/2018 17:00,0.241,222.459,0
7/14/2018 18:00,0.243,222.459,0
7/14/2018 19:00,0.246,222.459,0
7/14/2018 20:00,0.247,222.459,0
7/14/2018 21:00,0.248,222.459,0
7/14/2018 22:00,0.249,222.459,0
7/14/2018 23:00,0.249,222.459,0
7/15/2018 0:00,0.248,222.459,0
7/15/2018 1:00,0.248,222.459,0
7/15/2018 2:00,0.247,222.459,0
7/15/2018 3:00,0.247,222.459,0
7/15/2018 4:00,0.246,222.459,0
7/15/2018 5:00,0.245,222.459,0
7/15/2018 6:00,0.244,222.459,0
7/15/2018 7:00,0.243,222.459,0
7/15/2018 8:00,0.242,222.459,0
7/15/2018 9:00,0.241,222.459,0
7/15/2018 10:00,0.24,222.459,0
7/15/2018 11:00,0.24,222.459,0
7/15/2018 12:00,0.239,222.459,0
7/15/2018 13:00,0.238,222.459,0
7/15/2018 14:00,0.239,222.459,0
7/15/2018 15:00,0.241,222.459,0
7/15/2018 16:00,0.242,222.459,0
7/15/2018 17:00,0.244,222.459,0
7/15/2018 18:00,0.246,222.459,0
7/15/2018 19:00,0.248,222.459,0
7/15/2018 20:00,0.248,222.459,0
7/15/2018 21:00,0.249,222.459,0
7/15/2018 22:00,0.25,222.459,0
7/15/2018 23:00,0.25,222.459,0
7/16/2018 0:00,0.249,222.459,0
7/16/2018 1:00,0.249,222.459,0
7/16/2018 2:00,0.248,222.459,0
7/16/2018 3:00,0.248,222.459,0
7/16/2018 4:00,0.246,222.459,0
7/16/2018 5:00,0.246,222.459,0
7/16/2018 6:00,0.245,222.459,0
7/16/2018 7:00,0.244,222.459,0
7/16/2018 8:00,0.242,222.459,0
7/16/2018 9:00,0.24,222.459,0
7/16/2018 10:00,0.24,222.459,0
7/16/2018 11:00,0.24,222.459,0
7/16/2018 12:00,0.239,222.459,0
7/16/2018 13:00,0.238,222.459,0
7/16/2018 14:00,0.239,222.459,0
7/16/2018 15:00,0.24,222.459,0
7/16/2018 16:00,0.242,222.459,0
7/16/2018 17:00,0.244,222.459,0
7/16/2018 18:00,0.245,222.459,0
7/16/2018 19:00,0.247,222.459,0
7/16/2018 20:00,0.248,222.459,0
7/16/2018 21:00,0.249,222.459,0
7/16/2018 22:00,0.249,222.459,0
7/16/2018 23:00,0.249,222.459,0
7/17/2018 0:00,0.249,222.459,0
7/17/2018 1:00,0.248,222.459,0
7/17/2018 2:00,0.248,222.459,0
7/17/2018 3:00,0.247,222.459,0
7/17/2018 4:00,0.246,222.459,0
7/17/2018 5:00,0.245,222.459,0
7/17/2018 6:00,0.244,222.459,0
7/17/2018 7:00,0.243,222.459,0
7/17/2018 8:00,0.242,222.459,0
7/17/2018 9:00,0.239,222.459,0
7/17/2018 10:00,0.239,222.459,0
7/17/2018 11:00,0.239,222.459,0
7/17/2018 12:00,0.239,222.459,0
7/17/2018 13:00,0.239,222.459,0
7/17/2018 14:00,0.239,222.459,0
7/17/2018 15:00,0.24,222.459,0
7/17/2018 16:00,0.242,222.459,0
7/17/2018 17:00,0.243,222.459,0
7/17/2018 18:00,0.245,222.459,0
7/17/2018 19:00,0.246,222.459,0
7/17/2018 20:00,0.247,222.459,0
7/17/2018 21:00,0.248,222.459,0
7/17/2018 22:00,0.248,222.459,0
7/17/2018 23:00,0.249,222.459,0
7/18/2018 0:00,0.248,222.459,0
7/18/2018 1:00,0.248,222.459,0
7/18/2018 2:00,0.247,222.459,0
7/18/2018 3:00,0.245,222.459,0
7/18/2018 4:00,0.245,222.459,0
7/18/2018 5:00,0.244,222.459,0
7/18/2018 6:00,0.243,222.459,0
7/18/2018 7:00,0.242,222.459,0
7/18/2018 8:00,0.241,222.459,0
7/18/2018 9:00,0.238,222.459,0
7/18/2018 10:00,0.237,222.459,0
7/18/2018 11:00,0.238,222.459,0
7/18/2018 12:00,0.237,222.459,0
7/18/2018 13:00,0.237,222.459,0
7/18/2018 14:00,0.237,222.459,0
7/18/2018 15:00,0.238,222.459,0
7/18/2018 16:00,0.239,222.459,0
7/18/2018 17:00,0.241,222.459,0
7/18/2018 18:00,0.242,222.459,0
7/18/2018 19:00,0.243,222.459,0
7/18/2018 20:00,0.244,222.459,0
7/18/2018 21:00,0.246,222.459,0
7/18/2018 22:00,0.246,222.459,0
7/18/2018 23:00,0.246,222.459,0
7/19/2018 0:00,0.246,222.459,0
7/19/2018 1:00,0.245,222.459,0
7/19/2018 2:00,0.245,222.459,0
7/19/2018 3:00,0.244,222.459,0
7/19/2018 4:00,0.243,222.459,0
7/19/2018 5:00,0.242,222.459,0
7/19/2018 6:00,0.241,222.459,0
7/19/2018 7:00,0.24,222.459,0
7/19/2018 8:00,0.239,222.459,0
7/19/2018 9:00,0.235,222.459,0
7/19/2018 10:00,0.235,222.459,0
7/19/2018 11:00,0.236,222.459,0
7/19/2018 12:00,0.235,222.459,0
7/19/2018 13:00,0.235,222.459,0
7/19/2018 14:00,0.236,222.459,0
7/19/2018 15:00,0.236,222.459,0
7/19/2018 16:00,0.238,222.459,0
7/19/2018 17:00,0.239,222.459,0
7/19/2018 18:00,0.24,222.459,0
7/19/2018 19:00,0.242,222.459,0
7/19/2018 20:00,0.243,222.459,0
7/19/2018 21:00,0.244,222.459,0
7/19/2018 22:00,0.244,222.459,0
7/19/2018 23:00,0.244,222.459,0
7/20/2018 0:00,0.244,222.459,0
7/20/2018 1:00,0.243,222.459,0
7/20/2018 2:00,0.243,222.459,0
7/20/2018 3:00,0.242,222.459,0
7/20/2018 4:00,0.241,222.459,0
7/20/2018 5:00,0.24,222.459,0
7/20/2018 6:00,0.239,222.459,0
7/20/2018 7:00,0.238,222.459,0
7/20/2018 8:00,0.236,222.459,0
7/20/2018 9:00,0.233,222.459,0
7/20/2018 10:00,0.233,222.459,0
7/20/2018 11:00,0.233,222.459,0
7/20/2018 12:00,0.233,222.459,0
7/20/2018 13:00,0.233,222.459,0
7/20/2018 14:00,0.233,222.459,0
7/20/2018 15:00,0.234,222.459,0
7/20/2018 16:00,0.236,222.459,0
7/20/2018 17:00,0.238,222.459,0
7/20/2018 18:00,0.239,222.459,0
7/20/2018 19:00,0.24,222.459,0
7/20/2018 20:00,0.242,222.459,0
7/20/2018 21:00,0.242,222.459,0
7/20/2018 22:00,0.242,222.459,0
7/20/2018 23:00,0.243,222.459,0
7/21/2018 0:00,0.242,222.459,0
7/21/2018 1:00,0.242,222.459,0
7/21/2018 2:00,0.241,222.459,0
7/21/2018 3:00,0.241,222.459,0
7/21/2018 4:00,0.239,222.459,0
7/21/2018 5:00,0.239,222.459,0
7/21/2018 6:00,0.238,222.459,0
7/21/2018 7:00,0.237,222.459,0
7/21/2018 8:00,0.236,222.459,0
7/21/2018 9:00,0.232,222.459,0
7/21/2018 10:00,0.233,222.459,0
7/21/2018 11:00,0.233,222.459,0
7/21/2018 12:00,0.232,222.459,0
7/21/2018 13:00,0.232,222.459,0
7/21/2018 14:00,0.233,222.459,0
7/21/2018 15:00,0.233,222.459,0
7/21/2018 16:00,0.235,222.459,0
7/21/2018 17:00,0.237,222.459,0
7/21/2018 18:00,0.238,222.459,0
7/21/2018 19:00,0.239,222.459,0
7/21/2018 20:00,0.241,222.459,0
7/21/2018 21:00,0.241,222.459,0
7/21/2018 22:00,0.242,222.459,0
7/21/2018 23:00,0.242,222.459,0
7/22/2018 0:00,0.241,222.459,0
7/22/2018 1:00,0.241,222.459,0
7/22/2018 2:00,0.241,222.459,0
7/22/2018 3:00,0.24,222.459,0
7/22/2018 4:00,0.239,222.459,0
7/22/2018 5:00,0.238,222.459,0
7/22/2018 6:00,0.238,222.459,0
7/22/2018 7:00,0.237,222.459,0
7/22/2018 8:00,0.236,222.459,0
7/22/2018 9:00,0.233,222.459,0
7/22/2018 10:00,0.233,222.459,0
7/22/2018 11:00,0.233,222.459,0
7/22/2018 12:00,0.233,222.459,0
7/22/2018 13:00,0.233,222.459,0
7/22/2018 14:00,0.234,222.459,0
7/22/2018 15:00,0.235,222.459,0
7/22/2018 16:00,0.236,222.459,0
7/22/2018 17:00,0.237,222.459,0
7/22/2018 18:00,0.238,222.459,0
7/22/2018 19:00,0.24,222.459,0
7/22/2018 20:00,0.241,222.459,0
7/22/2018 21:00,0.243,222.459,0
7/22/2018 22:00,0.242,222.459,0
7/22/2018 23:00,0.243,222.459,0
7/23/2018 0:00,0.242,222.459,0
7/23/2018 1:00,0.241,222.459,0
7/23/2018 2:00,0.241,222.459,0
7/23/2018 3:00,0.24,222.459,0
7/23/2018 4:00,0.239,222.459,0
7/23/2018 5:00,0.239,222.459,0
7/23/2018 6:00,0.238,222.459,0
7/23/2018 7:00,0.237,222.459,0
7/23/2018 8:00,0.236,222.459,0
7/23/2018 9:00,0.233,222.459,0
7/23/2018 10:00,0.233,222.459,0
7/23/2018 11:00,0.233,222.459,0
7/23/2018 12:00,0.233,222.459,0
7/23/2018 13:00,0.233,222.459,0
7/23/2018 14:00,0.233,222.459,0
7/23/2018 15:00,0.234,222.459,0
7/23/2018 16:00,0.235,222.459,0
7/23/2018 17:00,0.237,222.459,0
7/23/2018 18:00,0.238,222.459,0
7/23/2018 19:00,0.24,222.459,0
7/23/2018 20:00,0.241,222.459,0
7/23/2018 21:00,0.242,222.459,0
7/23/2018 22:00,0.243,222.459,0
7/23/2018 23:00,0.243,222.459,0
7/24/2018 0:00,0.243,222.459,0
7/24/2018 1:00,0.242,222.459,0
7/24/2018 2:00,0.24,222.459,0
7/24/2018 3:00,0.239,222.459,0
7/24/2018 4:00,0.239,222.459,0
7/24/2018 5:00,0.237,222.459,0
7/24/2018 6:00,0.237,222.459,0
7/24/2018 7:00,0.236,222.459,0
7/24/2018 8:00,0.235,222.459,0
7/24/2018 9:00,0.233,222.459,0
7/24/2018 10:00,0.232,222.459,0
7/24/2018 11:00,0.232,222.459,0
7/24/2018 12:00,0.233,222.459,0
7/24/2018 13:00,0.232,222.459,0
7/24/2018 14:00,0.233,222.459,0
7/24/2018 15:00,0.233,222.459,0
7/24/2018 16:00,0.234,222.459,0
7/24/2018 17:00,0.236,222.459,0
7/24/2018 18:00,0.237,222.459,0
7/24/2018 19:00,0.239,222.459,0
7/24/2018 20:00,0.241,222.459,0
7/24/2018 21:00,0.242,222.459,0
7/24/2018 22:00,0.243,222.459,0
7/24/2018 23:00,0.243,222.459,0
7/25/2018 0:00,0.242,222.459,0
7/25/2018 1:00,0.242,222.459,0
7/25/2018 2:00,0.24,222.459,0
7/25/2018 3:00,0.239,222.459,0
7/25/2018 4:00,0.238,222.459,0
7/25/2018 5:00,0.237,222.459,0
7/25/2018 6:00,0.236,222.459,0
7/25/2018 7:00,0.235,222.459,0
7/25/2018 8:00,0.234,222.459,0
7/25/2018 9:00,0.233,222.459,0
7/25/2018 10:00,0.231,222.459,0
7/25/2018 11:00,0.23,222.459,0
7/25/2018 12:00,0.23,222.459,0
7/25/2018 13:00,0.231,222.459,0
7/25/2018 14:00,0.231,222.459,0
7/25/2018 15:00,0.231,222.459,0
7/25/2018 16:00,0.233,222.459,0
7/25/2018 17:00,0.234,222.459,0
7/25/2018 18:00,0.235,222.459,0
7/25/2018 19:00,0.237,222.459,0
7/25/2018 20:00,0.24,222.459,0
7/25/2018 21:00,0.241,222.459,0
7/25/2018 22:00,0.241,222.459,0
7/25/2018 23:00,0.241,222.459,0
7/26/2018 0:00,0.241,222.459,0
7/26/2018 1:00,0.24,222.459,0
7/26/2018 2:00,0.239,222.459,0
7/26/2018 3:00,0.237,222.459,0
7/26/2018 4:00,0.236,222.459,0
7/26/2018 5:00,0.235,222.459,0
7/26/2018 6:00,0.234,222.459,0
7/26/2018 7:00,0.233,222.459,0
7/26/2018 8:00,0.231,222.459,0
7/26/2018 9:00,0.23,222.459,0
7/26/2018 10:00,0.23,222.459,0
7/26/2018 11:00,0.228,222.459,0
7/26/2018 12:00,0.229,222.459,0
7/26/2018 13:00,0.229,222.459,0
7/26/2018 14:00,0.229,222.459,0
7/26/2018 15:00,0.23,222.459,0
7/26/2018 16:00,0.231,222.459,0
7/26/2018 17:00,0.233,222.459,0
7/26/2018 18:00,0.234,222.459,0
7/26/2018 19:00,0.236,222.459,0
7/26/2018 20:00,0.238,222.459,0
7/26/2018 21:00,0.239,222.459,0
7/26/2018 22:00,0.239,222.459,0
7/26/2018 23:00,0.24,222.459,0
7/27/2018 0:00,0.239,222.459,0
7/27/2018 1:00,0.238,222.459,0
7/27/2018 2:00,0.237,222.459,0
7/27/2018 3:00,0.236,222.459,0
7/27/2018 4:00,0.235,222.459,0
7/27/2018 5:00,0.234,222.459,0
7/27/2018 6:00,0.233,222.459,0
7/27/2018 7:00,0.231,222.459,0
7/27/2018 8:00,0.23,222.459,0
7/27/2018 9:00,0.229,222.459,0
7/27/2018 10:00,0.228,222.459,0
7/27/2018 11:00,0.227,222.459,0
7/27/2018 12:00,0.227,222.459,0
7/27/2018 13:00,0.227,222.459,0
7/27/2018 14:00,0.228,222.459,0
7/27/2018 15:00,0.228,222.459,0
7/27/2018 16:00,0.229,222.459,0
7/27/2018 17:00,0.231,222.459,0
7/27/2018 18:00,0.232,222.459,0
7/27/2018 19:00,0.234,222.459,0
7/27/2018 20:00,0.235,222.459,0
7/27/2018 21:00,0.236,222.459,0
7/27/2018 22:00,0.236,222.459,0
7/27/2018 23:00,0.236,222.459,0
7/28/2018 0:00,0.236,222.459,0
7/28/2018 1:00,0.235,222.459,0
7/28/2018 2:00,0.233,222.459,0
7/28/2018 3:00,0.232,222.459,0
7/28/2018 4:00,0.231,222.459,0
7/28/2018 5:00,0.23,222.459,0
7/28/2018 6:00,0.229,222.459,0
7/28/2018 7:00,0.228,222.459,0
7/28/2018 8:00,0.227,222.459,0
7/28/2018 9:00,0.225,222.459,0
7/28/2018 10:00,0.224,222.459,0
7/28/2018 11:00,0.225,222.459,0
7/28/2018 12:00,0.224,222.459,0
7/28/2018 13:00,0.224,222.459,0
7/28/2018 14:00,0.224,222.459,0
7/28/2018 15:00,0.225,222.459,0
7/28/2018 16:00,0.226,222.459,0
7/28/2018 17:00,0.228,222.459,0
7/28/2018 18:00,0.229,222.459,0
7/28/2018 19:00,0.23,222.459,0
7/28/2018 20:00,0.232,222.459,0
7/28/2018 21:00,0.233,222.459,0
7/28/2018 22:00,0.235,222.459,0
7/28/2018 23:00,0.234,222.459,0
7/29/2018 0:00,0.234,222.459,0
7/29/2018 1:00,0.233,222.459,0
7/29/2018 2:00,0.231,222.459,0
7/29/2018 3:00,0.231,222.459,0
7/29/2018 4:00,0.23,222.459,0
7/29/2018 5:00,0.229,222.459,0
7/29/2018 6:00,0.228,222.459,0
7/29/2018 7:00,0.227,222.459,0
7/29/2018 8:00,0.226,222.459,0
7/29/2018 9:00,0.223,222.459,0
7/29/2018 10:00,0.222,222.459,0
7/29/2018 11:00,0.223,222.459,0
7/29/2018 12:00,0.222,222.459,0
7/29/2018 13:00,0.223,222.459,0
7/29/2018 14:00,0.223,222.459,0
7/29/2018 15:00,0.224,222.459,0
7/29/2018 16:00,0.225,222.459,0
7/29/2018 17:00,0.227,222.459,0
7/29/2018 18:00,0.228,222.459,0
7/29/2018 19:00,0.229,222.459,0
7/29/2018 20:00,0.23,222.459,0
7/29/2018 21:00,0.231,222.459,0
7/29/2018 22:00,0.232,222.459,0
7/29/2018 23:00,0.232,222.459,0
7/30/2018 0:00,0.232,222.459,0
7/30/2018 1:00,0.231,222.459,0
7/30/2018 2:00,0.23,222.459,0
7/30/2018 3:00,0.228,222.459,0
7/30/2018 4:00,0.228,222.459,0
7/30/2018 5:00,0.227,222.459,0
7/30/2018 6:00,0.226,222.459,0
7/30/2018 7:00,0.225,222.459,0
7/30/2018 8:00,0.225,222.459,0
7/30/2018 9:00,0.222,222.459,0
7/30/2018 10:00,0.221,222.459,0
7/30/2018 11:00,0.222,222.459,0
7/30/2018 12:00,0.221,222.459,0
7/30/2018 13:00,0.221,222.459,0
7/30/2018 14:00,0.221,222.459,0
7/30/2018 15:00,0.222,222.459,0
7/30/2018 16:00,0.224,222.459,0
7/30/2018 17:00,0.225,222.459,0
7/30/2018 18:00,0.226,222.459,0
7/30/2018 19:00,0.228,222.459,0
7/30/2018 20:00,0.229,222.459,0
7/30/2018 21:00,0.23,222.459,0
7/30/2018 22:00,0.23,222.459,0
7/30/2018 23:00,0.231,222.459,0
7/31/2018 0:00,0.23,222.459,0
7/31/2018 1:00,0.229,222.459,0
7/31/2018 2:00,0.228,222.459,0
7/31/2018 3:00,0.228,222.459,0
7/31/2018 4:00,0.227,222.459,0
7/31/2018 5:00,0.226,222.459,0
7/31/2018 6:00,0.225,222.459,0
7/31/2018 7:00,0.224,222.459,0
7/31/2018 8:00,0.223,222.459,0
7/31/2018 9:00,0.22,222.459,0
7/31/2018 10:00,0.219,222.459,0
7/31/2018 11:00,0.219,222.459,0
7/31/2018 12:00,0.22,222.459,0
7/31/2018 13:00,0.22,222.459,0
7/31/2018 14:00,0.22,222.459,0
7/31/2018 15:00,0.221,222.459,0
7/31/2018 16:00,0.222,222.459,0
7/31/2018 17:00,0.223,222.459,0
7/31/2018 18:00,0.224,222.459,0
7/31/2018 19:00,0.225,222.459,0
7/31/2018 20:00,0.226,222.459,0
7/31/2018 21:00,0.227,222.459,0
7/31/2018 22:00,0.228,222.459,0
7/31/2018 23:00,0.228,222.459,0
8/1/2018 0:00,0.227,222.459,0
8/1/2018 1:00,0.227,222.459,0
8/1/2018 2:00,0.226,222.459,0
8/1/2018 3:00,0.225,222.459,0
8/1/2018 4:00,0.224,222.459,0
8/1/2018 5:00,0.223,222.459,0
8/1/2018 6:00,0.222,222.459,0
8/1/2018 7:00,0.221,222.459,0
8/1/2018 8:00,0.22,222.459,0
8/1/2018 9:00,0.217,222.459,0
8/1/2018 10:00,0.217,222.459,0
8/1/2018 11:00,0.218,222.459,0
8/1/2018 12:00,0.218,222.459,0
8/1/2018 13:00,0.218,222.459,0
8/1/2018 14:00,0.218,222.459,0
8/1/2018 15:00,0.219,222.459,0
8/1/2018 16:00,0.22,222.459,0
8/1/2018 17:00,0.221,222.459,0
8/1/2018 18:00,0.223,222.459,0
8/1/2018 19:00,0.223,222.459,0
8/1/2018 20:00,0.225,222.459,0
8/1/2018 21:00,0.226,222.459,0
8/1/2018 22:00,0.226,222.459,0
8/1/2018 23:00,0.226,222.459,0
8/2/2018 0:00,0.225,222.459,0
8/2/2018 1:00,0.225,222.459,0
8/2/2018 2:00,0.224,222.459,0
8/2/2018 3:00,0.223,222.459,0
8/2/2018 4:00,0.222,222.459,0
8/2/2018 5:00,0.222,222.459,0
8/2/2018 6:00,0.221,222.459,0
8/2/2018 7:00,0.22,222.459,0
8/2/2018 8:00,0.219,222.459,0
8/2/2018 9:00,0.217,222.459,0
8/2/2018 10:00,0.215,222.459,0
8/2/2018 11:00,0.216,222.459,0
8/2/2018 12:00,0.216,222.459,0
8/2/2018 13:00,0.217,222.459,0
8/2/2018 14:00,0.216,222.459,0
8/2/2018 15:00,0.217,222.459,0
8/2/2018 16:00,0.218,222.459,0
8/2/2018 17:00,0.22,222.459,0
8/2/2018 18:00,0.22,222.459,0
8/2/2018 19:00,0.221,222.459,0
8/2/2018 20:00,0.223,222.459,0
8/2/2018 21:00,0.223,222.459,0
8/2/2018 22:00,0.224,222.459,0
8/2/2018 23:00,0.224,222.459,0
8/3/2018 0:00,0.224,222.459,0
8/3/2018 1:00,0.223,222.459,0
8/3/2018 2:00,0.222,222.459,0
8/3/2018 3:00,0.221,222.459,0
8/3/2018 4:00,0.221,222.459,0
8/3/2018 5:00,0.22,222.459,0
8/3/2018 6:00,0.219,222.459,0
8/3/2018 7:00,0.217,222.459,0
8/3/2018 8:00,0.217,222.459,0
8/3/2018 9:00,0.213,222.459,0
8/3/2018 10:00,0.214,222.459,0
8/3/2018 11:00,0.214,222.459,0
8/3/2018 12:00,0.214,222.459,0
8/3/2018 13:00,0.214,222.459,0
8/3/2018 14:00,0.214,222.459,0
8/3/2018 15:00,0.215,222.459,0
8/3/2018 16:00,0.216,222.459,0
8/3/2018 17:00,0.218,222.459,0
8/3/2018 18:00,0.219,222.459,0
8/3/2018 19:00,0.22,222.459,0
8/3/2018 20:00,0.221,222.459,0
8/3/2018 21:00,0.222,222.459,0
8/3/2018 22:00,0.222,222.459,0
8/3/2018 23:00,0.223,222.459,0
8/4/2018 0:00,0.222,222.459,0
8/4/2018 1:00,0.222,222.459,0
8/4/2018 2:00,0.221,222.459,0
8/4/2018 3:00,0.221,222.459,0
8/4/2018 4:00,0.22,222.459,0
8/4/2018 5:00,0.219,222.459,0
8/4/2018 6:00,0.218,222.459,0
8/4/2018 7:00,0.217,222.459,0
8/4/2018 8:00,0.215,222.459,0
8/4/2018 9:00,0.212,222.459,0
8/4/2018 10:00,0.212,222.459,0
8/4/2018 11:00,0.213,222.459,0
8/4/2018 12:00,0.212,222.459,0
8/4/2018 13:00,0.212,222.459,0
8/4/2018 14:00,0.212,222.459,0
8/4/2018 15:00,0.213,222.459,0
8/4/2018 16:00,0.215,222.459,0
8/4/2018 17:00,0.216,222.459,0
8/4/2018 18:00,0.217,222.459,0
8/4/2018 19:00,0.219,222.459,0
8/4/2018 20:00,0.219,222.459,0
8/4/2018 21:00,0.221,222.459,0
8/4/2018 22:00,0.221,222.459,0
8/4/2018 23:00,0.221,222.459,0
8/5/2018 0:00,0.221,222.459,0
8/5/2018 1:00,0.221,222.459,0
8/5/2018 2:00,0.22,222.459,0
8/5/2018 3:00,0.219,222.459,0
8/5/2018 4:00,0.218,222.459,0
8/5/2018 5:00,0.217,222.459,0
8/5/2018 6:00,0.216,222.459,0
8/5/2018 7:00,0.215,222.459,0
8/5/2018 8:00,0.215,222.459,0
8/5/2018 9:00,0.212,222.459,0
8/5/2018 10:00,0.212,222.459,0
8/5/2018 11:00,0.212,222.459,0
8/5/2018 12:00,0.212,222.459,0
8/5/2018 13:00,0.211,222.459,0
8/5/2018 14:00,0.211,222.459,0
8/5/2018 15:00,0.212,222.459,0
8/5/2018 16:00,0.214,222.459,0
8/5/2018 17:00,0.215,222.459,0
8/5/2018 18:00,0.216,222.459,0
8/5/2018 19:00,0.217,222.459,0
8/5/2018 20:00,0.218,222.459,0
8/5/2018 21:00,0.219,222.459,0
8/5/2018 22:00,0.219,222.459,0
8/5/2018 23:00,0.219,222.459,0
8/6/2018 0:00,0.219,222.459,0
8/6/2018 1:00,0.219,222.459,0
8/6/2018 2:00,0.218,222.459,0
8/6/2018 3:00,0.217,222.459,0
8/6/2018 4:00,0.217,222.459,0
8/6/2018 5:00,0.216,222.459,0
8/6/2018 6:00,0.214,222.459,0
8/6/2018 7:00,0.214,222.459,0
8/6/2018 8:00,0.213,222.459,0
8/6/2018 9:00,0.21,222.459,0
8/6/2018 10:00,0.21,222.459,0
8/6/2018 11:00,0.21,222.459,0
8/6/2018 12:00,0.21,222.459,0
8/6/2018 13:00,0.209,222.459,0
8/6/2018 14:00,0.209,222.459,0
8/6/2018 15:00,0.21,222.459,0
8/6/2018 16:00,0.212,222.459,0
8/6/2018 17:00,0.214,222.459,0
8/6/2018 18:00,0.216,222.459,0
8/6/2018 19:00,0.217,222.459,0
8/6/2018 20:00,0.218,222.459,0
8/6/2018 21:00,0.219,222.459,0
8/6/2018 22:00,0.22,222.459,0
8/6/2018 23:00,0.219,222.459,0
8/7/2018 0:00,0.219,222.459,0
8/7/2018 1:00,0.219,222.459,0
8/7/2018 2:00,0.218,222.459,0
8/7/2018 3:00,0.218,222.459,0
8/7/2018 4:00,0.217,222.459,0
8/7/2018 5:00,0.216,222.459,0
8/7/2018 6:00,0.216,222.459,0
8/7/2018 7:00,0.214,222.459,0
8/7/2018 8:00,0.213,222.459,0
8/7/2018 9:00,0.21,222.459,0
8/7/2018 10:00,0.21,222.459,0
8/7/2018 11:00,0.209,222.459,0
8/7/2018 12:00,0.21,222.459,0
8/7/2018 13:00,0.21,222.459,0
8/7/2018 14:00,0.21,222.459,0
8/7/2018 15:00,0.211,222.459,0
8/7/2018 16:00,0.212,222.459,0
8/7/2018 17:00,0.213,222.459,0
8/7/2018 18:00,0.213,222.459,0
8/7/2018 19:00,0.214,222.459,0
8/7/2018 20:00,0.215,222.459,0
8/7/2018 21:00,0.216,222.459,0
8/7/2018 22:00,0.216,222.459,0
8/7/2018 23:00,0.216,222.459,0
8/8/2018 0:00,0.215,222.459,0
8/8/2018 1:00,0.215,222.459,0
8/8/2018 2:00,0.214,222.459,0
8/8/2018 3:00,0.214,222.459,0
8/8/2018 4:00,0.213,222.459,0
8/8/2018 5:00,0.212,222.459,0
8/8/2018 6:00,0.211,222.459,0
8/8/2018 7:00,0.21,222.459,0
8/8/2018 8:00,0.21,222.459,0
8/8/2018 9:00,0.208,222.459,0
8/8/2018 10:00,0.208,222.459,0
8/8/2018 11:00,0.208,222.459,0
8/8/2018 12:00,0.207,222.459,0
8/8/2018 13:00,0.207,222.459,0
8/8/2018 14:00,0.208,222.459,0
8/8/2018 15:00,0.208,222.459,0
8/8/2018 16:00,0.209,222.459,0
8/8/2018 17:00,0.211,222.459,0
8/8/2018 18:00,0.213,222.459,0
8/8/2018 19:00,0.213,222.459,0
8/8/2018 20:00,0.215,222.459,0
8/8/2018 21:00,0.215,222.459,0
8/8/2018 22:00,0.216,222.459,0
8/8/2018 23:00,0.216,222.459,0
8/9/2018 0:00,0.216,222.459,0
8/9/2018 1:00,0.215,222.459,0
8/9/2018 2:00,0.215,222.459,0
8/9/2018 3:00,0.215,222.459,0
8/9/2018 4:00,0.214,222.459,0
8/9/2018 5:00,0.213,222.459,0
8/9/2018 6:00,0.212,222.459,0
8/9/2018 7:00,0.211,222.459,0
8/9/2018 8:00,0.211,222.459,0
8/9/2018 9:00,0.209,222.459,0
8/9/2018 10:00,0.208,222.459,0
8/9/2018 11:00,0.208,222.459,0
8/9/2018 12:00,0.209,222.459,0
8/9/2018 13:00,0.208,222.459,0
8/9/2018 14:00,0.209,222.459,0
8/9/2018 15:00,0.209,222.459,0
8/9/2018 16:00,0.211,222.459,0
8/9/2018 17:00,0.212,222.459,0
8/9/2018 18:00,0.213,222.459,0
8/9/2018 19:00,0.214,222.459,0
8/9/2018 20:00,0.215,222.459,0
8/9/2018 21:00,0.215,222.459,0
8/9/2018 22:00,0.216,222.459,0
8/9/2018 23:00,0.216,222.459,0
8/10/2018 0:00,0.216,222.459,0
8/10/2018 1:00,0.215,222.459,0
8/10/2018 2:00,0.214,222.459,0
8/10/2018 3:00,0.214,222.459,0
8/10/2018 4:00,0.214,222.459,0
8/10/2018 5:00,0.213,222.459,0
8/10/2018 6:00,0.212,222.459,0
8/10/2018 7:00,0.211,222.459,0
8/10/2018 8:00,0.21,222.459,0
8/10/2018 9:00,0.208,222.459,0
8/10/2018 10:00,0.208,222.459,0
8/10/2018 11:00,0.208,222.459,0
8/10/2018 12:00,0.208,222.459,0
8/10/2018 13:00,0.207,222.459,0
8/10/2018 14:00,0.207,222.459,0
8/10/2018 15:00,0.209,222.459,0
8/10/2018 16:00,0.21,222.459,0
8/10/2018 17:00,0.212,222.459,0
8/10/2018 18:00,0.213,222.459,0
8/10/2018 19:00,0.214,222.459,0
8/10/2018 20:00,0.215,222.459,0
8/10/2018 21:00,0.216,222.459,0
8/10/2018 22:00,0.217,222.459,0
8/10/2018 23:00,0.216,222.459,0
8/11/2018 0:00,0.216,222.459,0
8/11/2018 1:00,0.216,222.459,0
8/11/2018 2:00,0.215,222.459,0
8/11/2018 3:00,0.214,222.459,0
8/11/2018 4:00,0.213,222.459,0
8/11/2018 5:00,0.213,222.459,0
8/11/2018 6:00,0.213,222.459,0
8/11/2018 7:00,0.212,222.459,0
8/11/2018 8:00,0.211,222.459,0
8/11/2018 9:00,0.209,222.459,0
8/11/2018 10:00,0.207,222.459,0
8/11/2018 11:00,0.208,222.459,0
8/11/2018 12:00,0.208,222.459,0
8/11/2018 13:00,0.208,222.459,0
8/11/2018 14:00,0.208,222.459,0
8/11/2018 15:00,0.209,222.459,0
8/11/2018 16:00,0.21,222.459,0
8/11/2018 17:00,0.211,222.459,0
8/11/2018 18:00,0.212,222.459,0
8/11/2018 19:00,0.213,222.459,0
8/11/2018 20:00,0.214,222.459,0
8/11/2018 21:00,0.215,222.459,0
8/11/2018 22:00,0.215,222.459,0
8/11/2018 23:00,0.215,222.459,0
8/12/2018 0:00,0.215,222.459,0
8/12/2018 1:00,0.214,222.459,0
8/12/2018 2:00,0.214,222.459,0
8/12/2018 3:00,0.213,222.459,0
8/12/2018 4:00,0.213,222.459,0
8/12/2018 5:00,0.211,222.459,0
8/12/2018 6:00,0.211,222.459,0
8/12/2018 7:00,0.21,222.459,0
8/12/2018 8:00,0.209,222.459,0
8/12/2018 9:00,0.205,222.459,0
8/12/2018 10:00,0.206,222.459,0
8/12/2018 11:00,0.206,222.459,0
8/12/2018 12:00,0.206,222.459,0
8/12/2018 13:00,0.206,222.459,0
8/12/2018 14:00,0.206,222.459,0
8/12/2018 15:00,0.207,222.459,0
8/12/2018 16:00,0.208,222.459,0
8/12/2018 17:00,0.209,222.459,0
8/12/2018 18:00,0.211,222.459,0
8/12/2018 19:00,0.212,222.459,0
8/12/2018 20:00,0.213,222.459,0
8/12/2018 21:00,0.214,222.459,0
8/12/2018 22:00,0.215,222.459,0
8/12/2018 23:00,0.214,222.459,0
8/13/2018 0:00,0.214,222.459,0
8/13/2018 1:00,0.213,222.459,0
8/13/2018 2:00,0.212,222.459,0
8/13/2018 3:00,0.212,222.459,0
8/13/2018 4:00,0.211,222.459,0
8/13/2018 5:00,0.211,222.459,0
8/13/2018 6:00,0.21,222.459,0
8/13/2018 7:00,0.209,222.459,0
8/13/2018 8:00,0.207,222.459,0
8/13/2018 9:00,0.205,222.459,0
8/13/2018 10:00,0.205,222.459,0
8/13/2018 11:00,0.206,222.459,0
8/13/2018 12:00,0.205,222.459,0
8/13/2018 13:00,0.205,222.459,0
8/13/2018 14:00,0.205,222.459,0
8/13/2018 15:00,0.206,222.459,0
8/13/2018 16:00,0.207,222.459,0
8/13/2018 17:00,0.208,222.459,0
8/13/2018 18:00,0.209,222.459,0
8/13/2018 19:00,0.21,222.459,0
8/13/2018 20:00,0.212,222.459,0
8/13/2018 21:00,0.213,222.459,0
8/13/2018 22:00,0.213,222.459,0
8/13/2018 23:00,0.213,222.459,0
8/14/2018 0:00,0.213,222.459,0
8/14/2018 1:00,0.212,222.459,0
8/14/2018 2:00,0.212,222.459,0
8/14/2018 3:00,0.211,222.459,0
8/14/2018 4:00,0.211,222.459,0
8/14/2018 5:00,0.21,222.459,0
8/14/2018 6:00,0.209,222.459,0
8/14/2018 7:00,0.208,222.459,0
8/14/2018 8:00,0.207,222.459,0
8/14/2018 9:00,0.203,222.459,0
8/14/2018 10:00,0.203,222.459,0
8/14/2018 11:00,0.204,222.459,0
8/14/2018 12:00,0.204,222.459,0
8/14/2018 13:00,0.203,222.459,0
8/14/2018 14:00,0.204,222.459,0
8/14/2018 15:00,0.205,222.459,0
8/14/2018 16:00,0.206,222.459,0
8/14/2018 17:00,0.207,222.459,0
8/14/2018 18:00,0.208,222.459,0
8/14/2018 19:00,0.209,222.459,0
8/14/2018 20:00,0.21,222.459,0
8/14/2018 21:00,0.211,222.459,0
8/14/2018 22:00,0.211,222.459,0
8/14/2018 23:00,0.212,222.459,0
8/15/2018 0:00,0.211,222.459,0
8/15/2018 1:00,0.21,222.459,0
8/15/2018 2:00,0.21,222.459,0
8/15/2018 3:00,0.21,222.459,0
8/15/2018 4:00,0.209,222.459,0
8/15/2018 5:00,0.208,222.459,0
8/15/2018 6:00,0.207,222.459,0
8/15/2018 7:00,0.206,222.459,0
8/15/2018 8:00,0.205,222.459,0
8/15/2018 9:00,0.202,222.459,0
8/15/2018 10:00,0.202,222.459,0
8/15/2018 11:00,0.204,222.459,0
8/15/2018 12:00,0.202,222.459,0
8/15/2018 13:00,0.202,222.459,0
8/15/2018 14:00,0.203,222.459,0
8/15/2018 15:00,0.204,222.459,0
8/15/2018 16:00,0.205,222.459,0
8/15/2018 17:00,0.206,222.459,0
8/15/2018 18:00,0.207,222.459,0
8/15/2018 19:00,0.208,222.459,0
8/15/2018 20:00,0.208,222.459,0
8/15/2018 21:00,0.21,222.459,0
8/15/2018 22:00,0.209,222.459,0
8/15/2018 23:00,0.21,222.459,0
8/16/2018 0:00,0.209,222.459,0
8/16/2018 1:00,0.209,222.459,0
8/16/2018 2:00,0.209,222.459,0
8/16/2018 3:00,0.208,222.459,0
8/16/2018 4:00,0.207,222.459,0
8/16/2018 5:00,0.207,222.459,0
8/16/2018 6:00,0.206,222.459,0
8/16/2018 7:00,0.205,222.459,0
8/16/2018 8:00,0.204,222.459,0
8/16/2018 9:00,0.202,222.459,0
8/16/2018 10:00,0.201,222.459,0
8/16/2018 11:00,0.202,222.459,0
8/16/2018 12:00,0.201,222.459,0
8/16/2018 13:00,0.201,222.459,0
8/16/2018 14:00,0.202,222.459,0
8/16/2018 15:00,0.203,222.459,0
8/16/2018 16:00,0.204,222.459,0
8/16/2018 17:00,0.205,222.459,0
8/16/2018 18:00,0.206,222.459,0
8/16/2018 19:00,0.207,222.459,0
8/16/2018 20:00,0.208,222.459,0
8/16/2018 21:00,0.209,222.459,0
8/16/2018 22:00,0.208,222.459,0
8/16/2018 23:00,0.209,222.459,0
8/17/2018 0:00,0.208,222.459,0
8/17/2018 1:00,0.208,222.459,0
8/17/2018 2:00,0.207,222.459,0
8/17/2018 3:00,0.207,222.459,0
8/17/2018 4:00,0.206,222.459,0
8/17/2018 5:00,0.206,222.459,0
8/17/2018 6:00,0.205,222.459,0
8/17/2018 7:00,0.204,222.459,0
8/17/2018 8:00,0.203,222.459,0
8/17/2018 9:00,0.2,222.459,0
8/17/2018 10:00,0.201,222.459,0
8/17/2018 11:00,0.2,222.459,0
8/17/2018 12:00,0.201,222.459,0
8/17/2018 13:00,0.2,222.459,0
8/17/2018 14:00,0.2,222.459,0
8/17/2018 15:00,0.201,222.459,0
8/17/2018 16:00,0.202,222.459,0
8/17/2018 17:00,0.204,222.459,0
8/17/2018 18:00,0.205,222.459,0
8/17/2018 19:00,0.206,222.459,0
8/17/2018 20:00,0.207,222.459,0
8/17/2018 21:00,0.208,222.459,0
8/17/2018 22:00,0.207,222.459,0
8/17/2018 23:00,0.208,222.459,0
8/18/2018 0:00,0.208,222.459,0
8/18/2018 1:00,0.207,222.459,0
8/18/2018 2:00,0.207,222.459,0
8/18/2018 3:00,0.206,222.459,0
8/18/2018 4:00,0.205,222.459,0
8/18/2018 5:00,0.205,222.459,0
8/18/2018 6:00,0.204,222.459,0
8/18/2018 7:00,0.202,222.459,0
8/18/2018 8:00,0.202,222.459,0
8/18/2018 9:00,0.2,222.459,0
8/18/2018 10:00,0.2,222.459,0
8/18/2018 11:00,0.2,222.459,0
8/18/2018 12:00,0.199,222.459,0
8/18/2018 13:00,0.199,222.459,0
8/18/2018 14:00,0.199,222.459,0
8/18/2018 15:00,0.2,222.459,0
8/18/2018 16:00,0.201,222.459,0
8/18/2018 17:00,0.203,222.459,0
8/18/2018 18:00,0.205,222.459,0
8/18/2018 19:00,0.206,222.459,0
8/18/2018 20:00,0.207,222.459,0
8/18/2018 21:00,0.207,222.459,0
8/18/2018 22:00,0.208,222.459,0
8/18/2018 23:00,0.208,222.459,0
8/19/2018 0:00,0.207,222.459,0
8/19/2018 1:00,0.207,222.459,0
8/19/2018 2:00,0.206,222.459,0
8/19/2018 3:00,0.206,222.459,0
8/19/2018 4:00,0.206,222.459,0
8/19/2018 5:00,0.205,222.459,0
8/19/2018 6:00,0.204,222.459,0
8/19/2018 7:00,0.203,222.459,0
8/19/2018 8:00,0.202,222.459,0
8/19/2018 9:00,0.199,222.459,0
8/19/2018 10:00,0.2,222.459,0
8/19/2018 11:00,0.199,222.459,0
8/19/2018 12:00,0.199,222.459,0
8/19/2018 13:00,0.199,222.459,0
8/19/2018 14:00,0.2,222.459,0
8/19/2018 15:00,0.2,222.459,0
8/19/2018 16:00,0.201,222.459,0
8/19/2018 17:00,0.203,222.459,0
8/19/2018 18:00,0.204,222.459,0
8/19/2018 19:00,0.205,222.459,0
8/19/2018 20:00,0.206,222.459,0
8/19/2018 21:00,0.206,222.459,0
8/19/2018 22:00,0.207,222.459,0
8/19/2018 23:00,0.207,222.459,0
8/20/2018 0:00,0.206,222.459,0
8/20/2018 1:00,0.206,222.459,0
8/20/2018 2:00,0.206,222.459,0
8/20/2018 3:00,0.205,222.459,0
8/20/2018 4:00,0.204,222.459,0
8/20/2018 5:00,0.203,222.459,0
8/20/2018 6:00,0.202,222.459,0
8/20/2018 7:00,0.201,222.459,0
8/20/2018 8:00,0.201,222.459,0
8/20/2018 9:00,0.198,222.459,0
8/20/2018 10:00,0.197,222.459,0
8/20/2018 11:00,0.197,222.459,0
8/20/2018 12:00,0.197,222.459,0
8/20/2018 13:00,0.196,222.459,0
8/20/2018 14:00,0.197,222.459,0
8/20/2018 15:00,0.197,222.459,0
8/20/2018 16:00,0.198,222.459,0
8/20/2018 17:00,0.2,222.459,0
8/20/2018 18:00,0.201,222.459,0
8/20/2018 19:00,0.202,222.459,0
8/20/2018 20:00,0.203,222.459,0
8/20/2018 21:00,0.204,222.459,0
8/20/2018 22:00,0.204,222.459,0
8/20/2018 23:00,0.204,222.459,0
8/21/2018 0:00,0.204,222.459,0
8/21/2018 1:00,0.204,222.459,0
8/21/2018 2:00,0.203,222.459,0
8/21/2018 3:00,0.202,222.459,0
8/21/2018 4:00,0.202,222.459,0
8/21/2018 5:00,0.2,222.459,0
8/21/2018 6:00,0.199,222.459,0
8/21/2018 7:00,0.199,222.459,0
8/21/2018 8:00,0.198,222.459,0
8/21/2018 9:00,0.197,222.459,0
8/21/2018 10:00,0.197,222.459,0
8/21/2018 11:00,0.197,222.459,0
8/21/2018 12:00,0.197,222.459,0
8/21/2018 13:00,0.196,222.459,0
8/21/2018 14:00,0.197,222.459,0
8/21/2018 15:00,0.197,222.459,0
8/21/2018 16:00,0.198,222.459,0
8/21/2018 17:00,0.2,222.459,0
8/21/2018 18:00,0.201,222.459,0
8/21/2018 19:00,0.203,222.459,0
8/21/2018 20:00,0.203,222.459,0
8/21/2018 21:00,0.204,222.459,0
8/21/2018 22:00,0.204,222.459,0
8/21/2018 23:00,0.204,222.459,0
8/22/2018 0:00,0.204,222.459,0
8/22/2018 1:00,0.204,222.459,0
8/22/2018 2:00,0.203,222.459,0
8/22/2018 3:00,0.202,222.459,0
8/22/2018 4:00,0.201,222.459,0
8/22/2018 5:00,0.201,222.459,0
8/22/2018 6:00,0.199,222.459,0
8/22/2018 7:00,0.199,222.459,0
8/22/2018 8:00,0.198,222.459,0
8/22/2018 9:00,0.197,222.459,0
8/22/2018 10:00,0.197,222.459,0
8/22/2018 11:00,0.197,222.459,0
8/22/2018 12:00,0.196,222.459,0
8/22/2018 13:00,0.196,222.459,0
8/22/2018 14:00,0.196,222.459,0
8/22/2018 15:00,0.197,222.459,0
8/22/2018 16:00,0.199,222.459,0
8/22/2018 17:00,0.2,222.459,0
8/22/2018 18:00,0.201,222.459,0
8/22/2018 19:00,0.202,222.459,0
8/22/2018 20:00,0.204,222.459,0
8/22/2018 21:00,0.203,222.459,0
8/22/2018 22:00,0.204,222.459,0
8/22/2018 23:00,0.204,222.459,0
8/23/2018 0:00,0.203,222.459,0
8/23/2018 1:00,0.203,222.459,0
8/23/2018 2:00,0.203,222.459,0
8/23/2018 3:00,0.202,222.459,0
8/23/2018 4:00,0.2,222.459,0
8/23/2018 5:00,0.2,222.459,0
8/23/2018 6:00,0.198,222.459,0
8/23/2018 7:00,0.198,222.459,0
8/23/2018 8:00,0.197,222.459,0
8/23/2018 9:00,0.196,222.459,0
8/23/2018 10:00,0.195,222.459,0
8/23/2018 11:00,0.196,222.459,0
8/23/2018 12:00,0.195,222.459,0
8/23/2018 13:00,0.195,222.459,0
8/23/2018 14:00,0.195,222.459,0
8/23/2018 15:00,0.196,222.459,0
8/23/2018 16:00,0.197,222.459,0
8/23/2018 17:00,0.198,222.459,0
8/23/2018 18:00,0.2,222.459,0
8/23/2018 19:00,0.2,222.459,0
8/23/2018 20:00,0.201,222.459,0
8/23/2018 21:00,0.202,222.459,0
8/23/2018 22:00,0.202,222.459,0
8/23/2018 23:00,0.202,222.459,0
8/24/2018 0:00,0.202,222.459,0
8/24/2018 1:00,0.201,222.459,0
8/24/2018 2:00,0.2,222.459,0
8/24/2018 3:00,0.199,222.459,0
8/24/2018 4:00,0.198,222.459,0
8/24/2018 5:00,0.198,222.459,0
8/24/2018 6:00,0.197,222.459,0
8/24/2018 7:00,0.196,222.459,0
8/24/2018 8:00,0.195,222.459,0
8/24/2018 9:00,0.195,222.459,0
8/24/2018 10:00,0.195,222.459,0
8/24/2018 11:00,0.194,222.459,0
8/24/2018 12:00,0.194,222.459,0
8/24/2018 13:00,0.194,222.459,0
8/24/2018 14:00,0.194,222.459,0
8/24/2018 15:00,0.195,222.459,0
8/24/2018 16:00,0.196,222.459,0
8/24/2018 17:00,0.197,222.459,0
8/24/2018 18:00,0.199,222.459,0
8/24/2018 19:00,0.2,222.459,0
8/24/2018 20:00,0.201,222.459,0
8/24/2018 21:00,0.202,222.459,0
8/24/2018 22:00,0.202,222.459,0
8/24/2018 23:00,0.203,222.459,0
8/25/2018 0:00,0.202,222.459,0
8/25/2018 1:00,0.201,222.459,0
8/25/2018 2:00,0.2,222.459,0
8/25/2018 3:00,0.199,222.459,0
8/25/2018 4:00,0.198,222.459,0
8/25/2018 5:00,0.197,222.459,0
8/25/2018 6:00,0.196,222.459,0
8/25/2018 7:00,0.195,222.459,0
8/25/2018 8:00,0.194,222.459,0
8/25/2018 9:00,0.194,222.459,0
8/25/2018 10:00,0.194,222.459,0
8/25/2018 11:00,0.193,222.459,0
8/25/2018 12:00,0.192,222.459,0
8/25/2018 13:00,0.192,222.459,0
8/25/2018 14:00,0.192,222.459,0
8/25/2018 15:00,0.193,222.459,0
8/25/2018 16:00,0.194,222.459,0
8/25/2018 17:00,0.195,222.459,0
8/25/2018 18:00,0.196,222.459,0
8/25/2018 19:00,0.199,222.459,0
8/25/2018 20:00,0.199,222.459,0
8/25/2018 21:00,0.2,222.459,0
8/25/2018 22:00,0.2,222.459,0
8/25/2018 23:00,0.2,222.459,0
8/26/2018 0:00,0.2,222.459,0
8/26/2018 1:00,0.199,222.459,0
8/26/2018 2:00,0.199,222.459,0
8/26/2018 3:00,0.197,222.459,0
8/26/2018 4:00,0.197,222.459,0
8/26/2018 5:00,0.195,222.459,0
8/26/2018 6:00,0.195,222.459,0
8/26/2018 7:00,0.194,222.459,0
8/26/2018 8:00,0.193,222.459,0
8/26/2018 9:00,0.193,222.459,0
8/26/2018 10:00,0.193,222.459,0
8/26/2018 11:00,0.191,222.459,0
8/26/2018 12:00,0.191,222.459,0
8/26/2018 13:00,0.191,222.459,0
8/26/2018 14:00,0.191,222.459,0
8/26/2018 15:00,0.191,222.459,0
8/26/2018 16:00,0.193,222.459,0
8/26/2018 17:00,0.194,222.459,0
8/26/2018 18:00,0.196,222.459,0
8/26/2018 19:00,0.197,222.459,0
8/26/2018 20:00,0.198,222.459,0
8/26/2018 21:00,0.199,222.459,0
8/26/2018 22:00,0.2,222.459,0
8/26/2018 23:00,0.199,222.459,0
8/27/2018 0:00,0.199,222.459,0
8/27/2018 1:00,0.199,222.459,0
8/27/2018 2:00,0.198,222.459,0
8/27/2018 3:00,0.197,222.459,0
8/27/2018 4:00,0.196,222.459,0
8/27/2018 5:00,0.195,222.459,0
8/27/2018 6:00,0.194,222.459,0
8/27/2018 7:00,0.193,222.459,0
8/27/2018 8:00,0.193,222.459,0
8/27/2018 9:00,0.192,222.459,0
8/27/2018 10:00,0.192,222.459,0
8/27/2018 11:00,0.192,222.459,0
8/27/2018 12:00,0.192,222.459,0
8/27/2018 13:00,0.191,222.459,0
8/27/2018 14:00,0.192,222.459,0
8/27/2018 15:00,0.192,222.459,0
8/27/2018 16:00,0.193,222.459,0
8/27/2018 17:00,0.195,222.459,0
8/27/2018 18:00,0.196,222.459,0
8/27/2018 19:00,0.197,222.459,0
8/27/2018 20:00,0.198,222.459,0
8/27/2018 21:00,0.199,222.459,0
8/27/2018 22:00,0.2,222.459,0
8/27/2018 23:00,0.199,222.459,0
8/28/2018 0:00,0.198,222.459,0
8/28/2018 1:00,0.198,222.459,0
8/28/2018 2:00,0.198,222.459,0
8/28/2018 3:00,0.197,222.459,0
8/28/2018 4:00,0.196,222.459,0
8/28/2018 5:00,0.195,222.459,0
8/28/2018 6:00,0.194,222.459,0
8/28/2018 7:00,0.193,222.459,0
8/28/2018 8:00,0.193,222.459,0
8/28/2018 9:00,0.193,222.459,0
8/28/2018 10:00,0.192,222.459,0
8/28/2018 11:00,0.192,222.459,0
8/28/2018 12:00,0.191,222.459,0
8/28/2018 13:00,0.191,222.459,0
8/28/2018 14:00,0.191,222.459,0
8/28/2018 15:00,0.192,222.459,0
8/28/2018 16:00,0.193,222.459,0
8/28/2018 17:00,0.195,222.459,0
8/28/2018 18:00,0.196,222.459,0
8/28/2018 19:00,0.197,222.459,0
8/28/2018 20:00,0.198,222.459,0
8/28/2018 21:00,0.199,222.459,0
8/28/2018 22:00,0.199,222.459,0
8/28/2018 23:00,0.199,222.459,0
8/29/2018 0:00,0.198,222.459,0
8/29/2018 1:00,0.198,222.459,0
8/29/2018 2:00,0.197,222.459,0
8/29/2018 3:00,0.197,222.459,0
8/29/2018 4:00,0.196,222.459,0
8/29/2018 5:00,0.195,222.459,0
8/29/2018 6:00,0.194,222.459,0
8/29/2018 7:00,0.193,222.459,0
8/29/2018 8:00,0.192,222.459,0
8/29/2018 9:00,0.192,222.459,0
8/29/2018 10:00,0.192,222.459,0
8/29/2018 11:00,0.191,222.459,0
8/29/2018 12:00,0.19,222.459,0
8/29/2018 13:00,0.19,222.459,0
8/29/2018 14:00,0.19,222.459,0
8/29/2018 15:00,0.191,222.459,0
8/29/2018 16:00,0.192,222.459,0
8/29/2018 17:00,0.194,222.459,0
8/29/2018 18:00,0.195,222.459,0
8/29/2018 19:00,0.197,222.459,0
8/29/2018 20:00,0.198,222.459,0
8/29/2018 21:00,0.198,222.459,0
8/29/2018 22:00,0.198,222.459,0
8/29/2018 23:00,0.198,222.459,0
8/30/2018 0:00,0.197,222.459,0
8/30/2018 1:00,0.197,222.459,0
8/30/2018 2:00,0.196,222.459,0
8/30/2018 3:00,0.195,222.459,0
8/30/2018 4:00,0.194,222.459,0
8/30/2018 5:00,0.194,222.459,0
8/30/2018 6:00,0.193,222.459,0
8/30/2018 7:00,0.192,222.459,0
8/30/2018 8:00,0.191,222.459,0
8/30/2018 9:00,0.191,222.459,0
8/30/2018 10:00,0.191,222.459,0
8/30/2018 11:00,0.191,222.459,0
8/30/2018 12:00,0.19,222.459,0
8/30/2018 13:00,0.19,222.459,0
8/30/2018 14:00,0.19,222.459,0
8/30/2018 15:00,0.191,222.459,0
8/30/2018 16:00,0.191,222.459,0
8/30/2018 17:00,0.193,222.459,0
8/30/2018 18:00,0.194,222.459,0
8/30/2018 19:00,0.195,222.459,0
8/30/2018 20:00,0.196,222.459,0
8/30/2018 21:00,0.197,222.459,0
8/30/2018 22:00,0.197,222.459,0
8/30/2018 23:00,0.197,222.459,0
8/31/2018 0:00,0.197,222.459,0
8/31/2018 1:00,0.196,222.459,0
8/31/2018 2:00,0.195,222.459,0
8/31/2018 3:00,0.194,222.459,0
8/31/2018 4:00,0.193,222.459,0
8/31/2018 5:00,0.193,222.459,0
8/31/2018 6:00,0.192,222.459,0
8/31/2018 7:00,0.191,222.459,0
8/31/2018 8:00,0.191,222.459,0
8/31/2018 9:00,0.19,222.459,0
8/31/2018 10:00,0.191,222.459,0
8/31/2018 11:00,0.19,222.459,0
8/31/2018 12:00,0.19,222.459,0
8/31/2018 13:00,0.189,222.459,0
8/31/2018 14:00,0.19,222.459,0
8/31/2018 15:00,0.19,222.459,0
8/31/2018 16:00,0.191,222.459,0
8/31/2018 17:00,0.193,222.459,0
8/31/2018 18:00,0.194,222.459,0
8/31/2018 19:00,0.195,222.459,0
8/31/2018 20:00,0.196,222.459,0
8/31/2018 21:00,0.197,222.459,0
8/31/2018 22:00,0.197,222.459,0
8/31/2018 23:00,0.197,222.459,0
9/1/2018 0:00,0.197,222.459,0
9/1/2018 1:00,0.195,222.459,0
9/1/2018 2:00,0.195,222.459,0
9/1/2018 3:00,0.194,222.459,0
9/1/2018 4:00,0.193,222.459,0
9/1/2018 5:00,0.192,222.459,0
9/1/2018 6:00,0.191,222.459,0
9/1/2018 7:00,0.191,222.459,0
9/1/2018 8:00,0.19,222.459,0
9/1/2018 9:00,0.19,222.459,0
9/1/2018 10:00,0.19,222.459,0
9/1/2018 11:00,0.189,222.459,0
9/1/2018 12:00,0.188,222.459,0
9/1/2018 13:00,0.188,222.459,0
9/1/2018 14:00,0.189,222.459,0
9/1/2018 15:00,0.189,222.459,0
9/1/2018 16:00,0.19,222.459,0
9/1/2018 17:00,0.191,222.459,0
9/1/2018 18:00,0.193,222.459,0
9/1/2018 19:00,0.194,222.459,0
9/1/2018 20:00,0.195,222.459,0
9/1/2018 21:00,0.196,222.459,0
9/1/2018 22:00,0.196,222.459,0
9/1/2018 23:00,0.196,222.459,0
9/2/2018 0:00,0.196,222.459,0
9/2/2018 1:00,0.195,222.459,0
9/2/2018 2:00,0.194,222.459,0
9/2/2018 3:00,0.193,222.459,0
9/2/2018 4:00,0.193,222.459,0
9/2/2018 5:00,0.192,222.459,0
9/2/2018 6:00,0.191,222.459,0
9/2/2018 7:00,0.19,222.459,0
9/2/2018 8:00,0.189,222.459,0
9/2/2018 9:00,0.19,222.459,0
9/2/2018 10:00,0.189,222.459,0
9/2/2018 11:00,0.188,222.459,0
9/2/2018 12:00,0.188,222.459,0
9/2/2018 13:00,0.187,222.459,0
9/2/2018 14:00,0.188,222.459,0
9/2/2018 15:00,0.188,222.459,0
9/2/2018 16:00,0.189,222.459,0
9/2/2018 17:00,0.191,222.459,0
9/2/2018 18:00,0.193,222.459,0
9/2/2018 19:00,0.194,222.459,0
9/2/2018 20:00,0.196,222.459,0
9/2/2018 21:00,0.196,222.459,0
9/2/2018 22:00,0.196,222.459,0
9/2/2018 23:00,0.197,222.459,0
9/3/2018 0:00,0.196,222.459,0
9/3/2018 1:00,0.196,222.459,0
9/3/2018 2:00,0.196,222.459,0
9/3/2018 3:00,0.195,222.459,0
9/3/2018 4:00,0.194,222.459,0
9/3/2018 5:00,0.193,222.459,0
9/3/2018 6:00,0.192,222.459,0
9/3/2018 7:00,0.191,222.459,0
9/3/2018 8:00,0.191,222.459,0
9/3/2018 9:00,0.191,222.459,0
9/3/2018 10:00,0.191,222.459,0
9/3/2018 11:00,0.189,222.459,0
9/3/2018 12:00,0.189,222.459,0
9/3/2018 13:00,0.189,222.459,0
9/3/2018 14:00,0.188,222.459,0
9/3/2018 15:00,0.189,222.459,0
9/3/2018 16:00,0.191,222.459,0
9/3/2018 17:00,0.192,222.459,0
9/3/2018 18:00,0.193,222.459,0
9/3/2018 19:00,0.195,222.459,0
9/3/2018 20:00,0.196,222.459,0
9/3/2018 21:00,0.197,222.459,0
9/3/2018 22:00,0.197,222.459,0
9/3/2018 23:00,0.198,222.459,0
9/4/2018 0:00,0.197,222.459,0
9/4/2018 1:00,0.196,222.459,0
9/4/2018 2:00,0.196,222.459,0
9/4/2018 3:00,0.194,222.459,0
9/4/2018 4:00,0.194,222.459,0
9/4/2018 5:00,0.193,222.459,0
9/4/2018 6:00,0.192,222.459,0
9/4/2018 7:00,0.191,222.459,0
9/4/2018 8:00,0.191,222.459,0
9/4/2018 9:00,0.19,222.459,0
9/4/2018 10:00,0.19,222.459,0
9/4/2018 11:00,0.188,222.459,0
9/4/2018 12:00,0.188,222.459,0
9/4/2018 13:00,0.188,222.459,0
9/4/2018 14:00,0.188,222.459,0
9/4/2018 15:00,0.189,222.459,0
9/4/2018 16:00,0.189,222.459,0
9/4/2018 17:00,0.191,222.459,0
9/4/2018 18:00,0.193,222.459,0
9/4/2018 19:00,0.194,222.459,0
9/4/2018 20:00,0.195,222.459,0
9/4/2018 21:00,0.197,222.459,0
9/4/2018 22:00,0.196,222.459,0
9/4/2018 23:00,0.197,222.459,0
9/5/2018 0:00,0.196,222.459,0
9/5/2018 1:00,0.196,222.459,0
9/5/2018 2:00,0.195,222.459,0
9/5/2018 3:00,0.195,222.459,0
9/5/2018 4:00,0.193,222.459,0
9/5/2018 5:00,0.192,222.459,0
9/5/2018 6:00,0.192,222.459,0
9/5/2018 7:00,0.191,222.459,0
9/5/2018 8:00,0.191,222.459,0
9/5/2018 9:00,0.19,222.459,0
9/5/2018 10:00,0.19,222.459,0
9/5/2018 11:00,0.188,222.459,0
9/5/2018 12:00,0.188,222.459,0
9/5/2018 13:00,0.188,222.459,0
9/5/2018 14:00,0.188,222.459,0
9/5/2018 15:00,0.189,222.459,0
9/5/2018 16:00,0.19,222.459,0
9/5/2018 17:00,0.191,222.459,0
9/5/2018 18:00,0.192,222.459,0
9/5/2018 19:00,0.194,222.459,0
9/5/2018 20:00,0.195,222.459,0
9/5/2018 21:00,0.196,222.459,0
9/5/2018 22:00,0.196,222.459,0
9/5/2018 23:00,0.196,222.459,0
9/6/2018 0:00,0.196,222.459,0
9/6/2018 1:00,0.195,222.459,0
9/6/2018 2:00,0.194,222.459,0
9/6/2018 3:00,0.194,222.459,0
9/6/2018 4:00,0.193,222.459,0
9/6/2018 5:00,0.192,222.459,0
9/6/2018 6:00,0.191,222.459,0
9/6/2018 7:00,0.19,222.459,0
9/6/2018 8:00,0.189,222.459,0
9/6/2018 9:00,0.189,222.459,0
9/6/2018 10:00,0.189,222.459,0
9/6/2018 11:00,0.188,222.459,0
9/6/2018 12:00,0.187,222.459,0
9/6/2018 13:00,0.187,222.459,0
9/6/2018 14:00,0.187,222.459,0
9/6/2018 15:00,0.188,222.459,0
9/6/2018 16:00,0.189,222.459,0
9/6/2018 17:00,0.19,222.459,0
9/6/2018 18:00,0.192,222.459,0
9/6/2018 19:00,0.194,222.459,0
9/6/2018 20:00,0.194,222.459,0
9/6/2018 21:00,0.195,222.459,0
9/6/2018 22:00,0.196,222.459,0
9/6/2018 23:00,0.195,222.459,0
9/7/2018 0:00,0.195,222.459,0
9/7/2018 1:00,0.194,222.459,0
9/7/2018 2:00,0.193,222.459,0
9/7/2018 3:00,0.192,222.459,0
9/7/2018 4:00,0.191,222.459,0
9/7/2018 5:00,0.19,222.459,0
9/7/2018 6:00,0.189,222.459,0
9/7/2018 7:00,0.188,222.459,0
9/7/2018 8:00,0.187,222.459,0
9/7/2018 9:00,0.187,222.459,0
9/7/2018 10:00,0.187,222.459,0
9/7/2018 11:00,0.186,222.459,0
9/7/2018 12:00,0.185,222.459,0
9/7/2018 13:00,0.185,222.459,0
9/7/2018 14:00,0.185,222.459,0
9/7/2018 15:00,0.186,222.459,0
9/7/2018 16:00,0.187,222.459,0
9/7/2018 17:00,0.189,222.459,0
9/7/2018 18:00,0.19,222.459,0
9/7/2018 19:00,0.191,222.459,0
9/7/2018 20:00,0.192,222.459,0
9/7/2018 21:00,0.192,222.459,0
9/7/2018 22:00,0.193,222.459,0
9/7/2018 23:00,0.192,222.459,0
9/8/2018 0:00,0.192,222.459,0
9/8/2018 1:00,0.191,222.459,0
9/8/2018 2:00,0.19,222.459,0
9/8/2018 3:00,0.19,222.459,0
9/8/2018 4:00,0.189,222.459,0
9/8/2018 5:00,0.188,222.459,0
9/8/2018 6:00,0.187,222.459,0
9/8/2018 7:00,0.186,222.459,0
9/8/2018 8:00,0.186,222.459,0
9/8/2018 9:00,0.186,222.459,0
9/8/2018 10:00,0.186,222.459,0
9/8/2018 11:00,0.185,222.459,0
9/8/2018 12:00,0.185,222.459,0
9/8/2018 13:00,0.184,222.459,0
9/8/2018 14:00,0.185,222.459,0
9/8/2018 15:00,0.185,222.459,0
9/8/2018 16:00,0.186,222.459,0
9/8/2018 17:00,0.187,222.459,0
9/8/2018 18:00,0.189,222.459,0
9/8/2018 19:00,0.19,222.459,0
9/8/2018 20:00,0.191,222.459,0
9/8/2018 21:00,0.192,222.459,0
9/8/2018 22:00,0.192,222.459,0
9/8/2018 23:00,0.191,222.459,0
9/9/2018 0:00,0.191,222.459,0
9/9/2018 1:00,0.19,222.459,0
9/9/2018 2:00,0.19,222.459,0
9/9/2018 3:00,0.189,222.459,0
9/9/2018 4:00,0.188,222.459,0
9/9/2018 5:00,0.187,222.459,0
9/9/2018 6:00,0.186,222.459,0
9/9/2018 7:00,0.185,222.459,0
9/9/2018 8:00,0.184,222.459,0
9/9/2018 9:00,0.184,222.459,0
9/9/2018 10:00,0.184,222.459,0
9/9/2018 11:00,0.182,222.459,0
9/9/2018 12:00,0.182,222.459,0
9/9/2018 13:00,0.182,222.459,0
9/9/2018 14:00,0.182,222.459,0
9/9/2018 15:00,0.183,222.459,0
9/9/2018 16:00,0.183,222.459,0
9/9/2018 17:00,0.185,222.459,0
9/9/2018 18:00,0.186,222.459,0
9/9/2018 19:00,0.187,222.459,0
9/9/2018 20:00,0.188,222.459,0
9/9/2018 21:00,0.189,222.459,0
9/9/2018 22:00,0.189,222.459,0
9/9/2018 23:00,0.189,222.459,0
9/10/2018 0:00,0.188,222.459,0
9/10/2018 1:00,0.187,222.459,0
9/10/2018 2:00,0.187,222.459,0
9/10/2018 3:00,0.186,222.459,0
9/10/2018 4:00,0.185,222.459,0
9/10/2018 5:00,0.184,222.459,0
9/10/2018 6:00,0.184,222.459,0
9/10/2018 7:00,0.183,222.459,0
9/10/2018 8:00,0.182,222.459,0
9/10/2018 9:00,0.182,222.459,0
9/10/2018 10:00,0.182,222.459,0
9/10/2018 11:00,0.181,222.459,0
9/10/2018 12:00,0.18,222.459,0
9/10/2018 13:00,0.18,222.459,0
9/10/2018 14:00,0.18,222.459,0
9/10/2018 15:00,0.181,222.459,0
9/10/2018 16:00,0.182,222.459,0
9/10/2018 17:00,0.183,222.459,0
9/10/2018 18:00,0.184,222.459,0
9/10/2018 19:00,0.186,222.459,0
9/10/2018 20:00,0.186,222.459,0
9/10/2018 21:00,0.187,222.459,0
9/10/2018 22:00,0.187,222.459,0
9/10/2018 23:00,0.187,222.459,0
9/11/2018 0:00,0.187,222.459,0
9/11/2018 1:00,0.186,222.459,0
9/11/2018 2:00,0.185,222.459,0
9/11/2018 3:00,0.185,222.459,0
9/11/2018 4:00,0.184,222.459,0
9/11/2018 5:00,0.183,222.459,0
9/11/2018 6:00,0.183,222.459,0
9/11/2018 7:00,0.182,222.459,0
9/11/2018 8:00,0.182,222.459,0
9/11/2018 9:00,0.181,222.459,0
9/11/2018 10:00,0.181,222.459,0
9/11/2018 11:00,0.18,222.459,0
9/11/2018 12:00,0.18,222.459,0
9/11/2018 13:00,0.18,222.459,0
9/11/2018 14:00,0.18,222.459,0
9/11/2018 15:00,0.18,222.459,0
9/11/2018 16:00,0.181,222.459,0
9/11/2018 17:00,0.182,222.459,0
9/11/2018 18:00,0.183,222.459,0
9/11/2018 19:00,0.184,222.459,0
9/11/2018 20:00,0.184,222.459,0
9/11/2018 21:00,0.184,222.459,0
9/11/2018 22:00,0.185,222.459,0
9/11/2018 23:00,0.184,222.459,0
9/12/2018 0:00,0.184,222.459,0
9/12/2018 1:00,0.183,222.459,0
9/12/2018 2:00,0.183,222.459,0
9/12/2018 3:00,0.182,222.459,0
9/12/2018 4:00,0.181,222.459,0
9/12/2018 5:00,0.18,222.459,0
9/12/2018 6:00,0.18,222.459,0
9/12/2018 7:00,0.179,222.459,0
9/12/2018 8:00,0.179,222.459,0
9/12/2018 9:00,0.179,222.459,0
9/12/2018 10:00,0.179,222.459,0
9/12/2018 11:00,0.178,222.459,0
9/12/2018 12:00,0.177,222.459,0
9/12/2018 13:00,0.178,222.459,0
9/12/2018 14:00,0.178,222.459,0
9/12/2018 15:00,0.178,222.459,0
9/12/2018 16:00,0.179,222.459,0
9/12/2018 17:00,0.18,222.459,0
9/12/2018 18:00,0.181,222.459,0
9/12/2018 19:00,0.181,222.459,0
9/12/2018 20:00,0.182,222.459,0
9/12/2018 21:00,0.183,222.459,0
9/12/2018 22:00,0.183,222.459,0
9/12/2018 23:00,0.183,222.459,0
9/13/2018 0:00,0.182,222.459,0
9/13/2018 1:00,0.182,222.459,0
9/13/2018 2:00,0.181,222.459,0
9/13/2018 3:00,0.18,222.459,0
9/13/2018 4:00,0.179,222.459,0
9/13/2018 5:00,0.179,222.459,0
9/13/2018 6:00,0.178,222.459,0
9/13/2018 7:00,0.177,222.459,0
9/13/2018 8:00,0.177,222.459,0
9/13/2018 9:00,0.176,222.459,0
9/13/2018 10:00,0.176,222.459,0
9/13/2018 11:00,0.176,222.459,0
9/13/2018 12:00,0.175,222.459,0
9/13/2018 13:00,0.175,222.459,0
9/13/2018 14:00,0.175,222.459,0
9/13/2018 15:00,0.176,222.459,0
9/13/2018 16:00,0.177,222.459,0
9/13/2018 17:00,0.178,222.459,0
9/13/2018 18:00,0.179,222.459,0
9/13/2018 19:00,0.18,222.459,0
9/13/2018 20:00,0.181,222.459,0
9/13/2018 21:00,0.181,222.459,0
9/13/2018 22:00,0.181,222.459,0
9/13/2018 23:00,0.181,222.459,0
9/14/2018 0:00,0.181,222.459,0
9/14/2018 1:00,0.18,222.459,0
9/14/2018 2:00,0.18,222.459,0
9/14/2018 3:00,0.179,222.459,0
9/14/2018 4:00,0.179,222.459,0
9/14/2018 5:00,0.178,222.459,0
9/14/2018 6:00,0.177,222.459,0
9/14/2018 7:00,0.177,222.459,0
9/14/2018 8:00,0.176,222.459,0
9/14/2018 9:00,0.175,222.459,0
9/14/2018 10:00,0.175,222.459,0
9/14/2018 11:00,0.174,222.459,0
9/14/2018 12:00,0.174,222.459,0
9/14/2018 13:00,0.174,222.459,0
9/14/2018 14:00,0.174,222.459,0
9/14/2018 15:00,0.175,222.459,0
9/14/2018 16:00,0.176,222.459,0
9/14/2018 17:00,0.177,222.459,0
9/14/2018 18:00,0.178,222.459,0
9/14/2018 19:00,0.179,222.459,0
9/14/2018 20:00,0.18,222.459,0
9/14/2018 21:00,0.18,222.459,0
9/14/2018 22:00,0.181,222.459,0
9/14/2018 23:00,0.181,222.459,0
9/15/2018 0:00,0.18,222.459,0
9/15/2018 1:00,0.18,222.459,0
9/15/2018 2:00,0.179,222.459,0
9/15/2018 3:00,0.178,222.459,0
9/15/2018 4:00,0.178,222.459,0
9/15/2018 5:00,0.177,222.459,0
9/15/2018 6:00,0.176,222.459,0
9/15/2018 7:00,0.176,222.459,0
9/15/2018 8:00,0.175,222.459,0
9/15/2018 9:00,0.174,222.459,0
9/15/2018 10:00,0.175,222.459,0
9/15/2018 11:00,0.174,222.459,0
9/15/2018 12:00,0.173,222.459,0
9/15/2018 13:00,0.173,222.459,0
9/15/2018 14:00,0.173,222.459,0
9/15/2018 15:00,0.174,222.459,0
9/15/2018 16:00,0.174,222.459,0
9/15/2018 17:00,0.176,222.459,0
9/15/2018 18:00,0.176,222.459,0
9/15/2018 19:00,0.178,222.459,0
9/15/2018 20:00,0.178,222.459,0
9/15/2018 21:00,0.179,222.459,0
9/15/2018 22:00,0.179,222.459,0
9/15/2018 23:00,0.179,222.459,0
9/16/2018 0:00,0.179,222.459,0
9/16/2018 1:00,0.179,222.459,0
9/16/2018 2:00,0.178,222.459,0
9/16/2018 3:00,0.178,222.459,0
9/16/2018 4:00,0.176,222.459,0
9/16/2018 5:00,0.176,222.459,0
9/16/2018 6:00,0.175,222.459,0
9/16/2018 7:00,0.175,222.459,0
9/16/2018 8:00,0.174,222.459,0
9/16/2018 9:00,0.174,222.459,0
9/16/2018 10:00,0.173,222.459,0
9/16/2018 11:00,0.173,222.459,0
9/16/2018 12:00,0.172,222.459,0
9/16/2018 13:00,0.172,222.459,0
9/16/2018 14:00,0.172,222.459,0
9/16/2018 15:00,0.173,222.459,0
9/16/2018 16:00,0.174,222.459,0
9/16/2018 17:00,0.175,222.459,0
9/16/2018 18:00,0.176,222.459,0
9/16/2018 19:00,0.176,222.459,0
9/16/2018 20:00,0.178,222.459,0
9/16/2018 21:00,0.178,222.459,0
9/16/2018 22:00,0.179,222.459,0
9/16/2018 23:00,0.179,222.459,0
9/17/2018 0:00,0.178,222.459,0
9/17/2018 1:00,0.177,222.459,0
9/17/2018 2:00,0.177,222.459,0
9/17/2018 3:00,0.177,222.459,0
9/17/2018 4:00,0.176,222.459,0
9/17/2018 5:00,0.176,222.459,0
9/17/2018 6:00,0.175,222.459,0
9/17/2018 7:00,0.174,222.459,0
9/17/2018 8:00,0.174,222.459,0
9/17/2018 9:00,0.174,222.459,0
9/17/2018 10:00,0.174,222.459,0
9/17/2018 11:00,0.174,222.459,0
9/17/2018 12:00,0.173,222.459,0
9/17/2018 13:00,0.173,222.459,0
9/17/2018 14:00,0.173,222.459,0
9/17/2018 15:00,0.174,222.459,0
9/17/2018 16:00,0.175,222.459,0
9/17/2018 17:00,0.176,222.459,0
9/17/2018 18:00,0.177,222.459,0
9/17/2018 19:00,0.178,222.459,0
9/17/2018 20:00,0.179,222.459,0
9/17/2018 21:00,0.179,222.459,0
9/17/2018 22:00,0.179,222.459,0
9/17/2018 23:00,0.179,222.459,0
9/18/2018 0:00,0.179,222.459,0
9/18/2018 1:00,0.178,222.459,0
9/18/2018 2:00,0.178,222.459,0
9/18/2018 3:00,0.177,222.459,0
9/18/2018 4:00,0.177,222.459,0
9/18/2018 5:00,0.176,222.459,0
9/18/2018 6:00,0.175,222.459,0
9/18/2018 7:00,0.175,222.459,0
9/18/2018 8:00,0.175,222.459,0
9/18/2018 9:00,0.175,222.459,0
9/18/2018 10:00,0.175,222.459,0
9/18/2018 11:00,0.174,222.459,0
9/18/2018 12:00,0.174,222.459,0
9/18/2018 13:00,0.174,222.459,0
9/18/2018 14:00,0.174,222.459,0
9/18/2018 15:00,0.175,222.459,0
9/18/2018 16:00,0.175,222.459,0
9/18/2018 17:00,0.177,222.459,0
9/18/2018 18:00,0.178,222.459,0
9/18/2018 19:00,0.178,222.459,0
9/18/2018 20:00,0.179,222.459,0
9/18/2018 21:00,0.179,222.459,0
9/18/2018 22:00,0.179,222.459,0
9/18/2018 23:00,0.179,222.459,0
9/19/2018 0:00,0.179,222.459,0
9/19/2018 1:00,0.178,222.459,0
9/19/2018 2:00,0.177,222.459,0
9/19/2018 3:00,0.177,222.459,0
9/19/2018 4:00,0.176,222.459,0
9/19/2018 5:00,0.176,222.459,0
9/19/2018 6:00,0.176,222.459,0
9/19/2018 7:00,0.175,222.459,0
9/19/2018 8:00,0.175,222.459,0
9/19/2018 9:00,0.174,222.459,0
9/19/2018 10:00,0.174,222.459,0
9/19/2018 11:00,0.174,222.459,0
9/19/2018 12:00,0.173,222.459,0
9/19/2018 13:00,0.173,222.459,0
9/19/2018 14:00,0.173,222.459,0
9/19/2018 15:00,0.174,222.459,0
9/19/2018 16:00,0.175,222.459,0
9/19/2018 17:00,0.175,222.459,0
9/19/2018 18:00,0.177,222.459,0
9/19/2018 19:00,0.177,222.459,0
9/19/2018 20:00,0.178,222.459,0
9/19/2018 21:00,0.178,222.459,0
9/19/2018 22:00,0.179,222.459,0
9/19/2018 23:00,0.178,222.459,0
9/20/2018 0:00,0.178,222.459,0
9/20/2018 1:00,0.177,222.459,0
9/20/2018 2:00,0.177,222.459,0
9/20/2018 3:00,0.176,222.459,0
9/20/2018 4:00,0.175,222.459,0
9/20/2018 5:00,0.174,222.459,0
9/20/2018 6:00,0.174,222.459,0
9/20/2018 7:00,0.173,222.459,0
9/20/2018 8:00,0.173,222.459,0
9/20/2018 9:00,0.172,222.459,0
9/20/2018 10:00,0.172,222.459,0
9/20/2018 11:00,0.172,222.459,0
9/20/2018 12:00,0.171,222.459,0
9/20/2018 13:00,0.17,222.459,0
9/20/2018 14:00,0.171,222.459,0
9/20/2018 15:00,0.171,222.459,0
9/20/2018 16:00,0.172,222.459,0
9/20/2018 17:00,0.173,222.459,0
9/20/2018 18:00,0.174,222.459,0
9/20/2018 19:00,0.175,222.459,0
9/20/2018 20:00,0.176,222.459,0
9/20/2018 21:00,0.177,222.459,0
9/20/2018 22:00,0.177,222.459,0
9/20/2018 23:00,0.177,222.459,0
9/21/2018 0:00,0.177,222.459,0
9/21/2018 1:00,0.177,222.459,0
9/21/2018 2:00,0.176,222.459,0
9/21/2018 3:00,0.175,222.459,0
9/21/2018 4:00,0.175,222.459,0
9/21/2018 5:00,0.175,222.459,0
9/21/2018 6:00,0.174,222.459,0
9/21/2018 7:00,0.173,222.459,0
9/21/2018 8:00,0.173,222.459,0
9/21/2018 9:00,0.172,222.459,0
9/21/2018 10:00,0.172,222.459,0
9/21/2018 11:00,0.171,222.459,0
9/21/2018 12:00,0.171,222.459,0
9/21/2018 13:00,0.171,222.459,0
9/21/2018 14:00,0.171,222.459,0
9/21/2018 15:00,0.172,222.459,0
9/21/2018 16:00,0.172,222.459,0
9/21/2018 17:00,0.174,222.459,0
9/21/2018 18:00,0.175,222.459,0
9/21/2018 19:00,0.176,222.459,0
9/21/2018 20:00,0.177,222.459,0
9/21/2018 21:00,0.177,222.459,0
9/21/2018 22:00,0.177,222.459,0
9/21/2018 23:00,0.177,222.459,0
9/22/2018 0:00,0.177,222.459,0
9/22/2018 1:00,0.176,222.459,0
9/22/2018 2:00,0.177,222.459,0
9/22/2018 3:00,0.176,222.459,0
9/22/2018 4:00,0.175,222.459,0
9/22/2018 5:00,0.175,222.459,0
9/22/2018 6:00,0.174,222.459,0
9/22/2018 7:00,0.173,222.459,0
9/22/2018 8:00,0.173,222.459,0
9/22/2018 9:00,0.173,222.459,0
9/22/2018 10:00,0.172,222.459,0
9/22/2018 11:00,0.172,222.459,0
9/22/2018 12:00,0.171,222.459,0
9/22/2018 13:00,0.172,222.459,0
9/22/2018 14:00,0.172,222.459,0
9/22/2018 15:00,0.172,222.459,0
9/22/2018 16:00,0.172,222.459,0
9/22/2018 17:00,0.173,222.459,0
9/22/2018 18:00,0.175,222.459,0
9/22/2018 19:00,0.175,222.459,0
9/22/2018 20:00,0.176,222.459,0
9/22/2018 21:00,0.176,222.459,0
9/22/2018 22:00,0.176,222.459,0
9/22/2018 23:00,0.177,222.459,0
9/23/2018 0:00,0.176,222.459,0
9/23/2018 1:00,0.176,222.459,0
9/23/2018 2:00,0.175,222.459,0
9/23/2018 3:00,0.175,222.459,0
9/23/2018 4:00,0.175,222.459,0
9/23/2018 5:00,0.174,222.459,0
9/23/2018 6:00,0.174,222.459,0
9/23/2018 7:00,0.173,222.459,0
9/23/2018 8:00,0.173,222.459,0
9/23/2018 9:00,0.173,222.459,0
9/23/2018 10:00,0.173,222.459,0
9/23/2018 11:00,0.172,222.459,0
9/23/2018 12:00,0.172,222.459,0
9/23/2018 13:00,0.172,222.459,0
9/23/2018 14:00,0.172,222.459,0
9/23/2018 15:00,0.173,222.459,0
9/23/2018 16:00,0.173,222.459,0
9/23/2018 17:00,0.174,222.459,0
9/23/2018 18:00,0.175,222.459,0
9/23/2018 19:00,0.176,222.459,0
9/23/2018 20:00,0.176,222.459,0
9/23/2018 21:00,0.177,222.459,0
9/23/2018 22:00,0.177,222.459,0
9/23/2018 23:00,0.177,222.459,0
9/24/2018 0:00,0.176,222.459,0
9/24/2018 1:00,0.176,222.459,0
9/24/2018 2:00,0.175,222.459,0
9/24/2018 3:00,0.174,222.459,0
9/24/2018 4:00,0.174,222.459,0
9/24/2018 5:00,0.174,222.459,0
9/24/2018 6:00,0.173,222.459,0
9/24/2018 7:00,0.172,222.459,0
9/24/2018 8:00,0.172,222.459,0
9/24/2018 9:00,0.171,222.459,0
9/24/2018 10:00,0.171,222.459,0
9/24/2018 11:00,0.17,222.459,0
9/24/2018 12:00,0.17,222.459,0
9/24/2018 13:00,0.17,222.459,0
9/24/2018 14:00,0.17,222.459,0
9/24/2018 15:00,0.17,222.459,0
9/24/2018 16:00,0.171,222.459,0
9/24/2018 17:00,0.172,222.459,0
9/24/2018 18:00,0.173,222.459,0
9/24/2018 19:00,0.174,222.459,0
9/24/2018 20:00,0.175,222.459,0
9/24/2018 21:00,0.176,222.459,0
9/24/2018 22:00,0.176,222.459,0
9/24/2018 23:00,0.176,222.459,0
9/25/2018 0:00,0.175,222.459,0
9/25/2018 1:00,0.175,222.459,0
9/25/2018 2:00,0.174,222.459,0
9/25/2018 3:00,0.174,222.459,0
9/25/2018 4:00,0.174,222.459,0
9/25/2018 5:00,0.173,222.459,0
9/25/2018 6:00,0.173,222.459,0
9/25/2018 7:00,0.172,222.459,0
9/25/2018 8:00,0.172,222.459,0
9/25/2018 9:00,0.171,222.459,0
9/25/2018 10:00,0.171,222.459,0
9/25/2018 11:00,0.17,222.459,0
9/25/2018 12:00,0.171,222.459,0
9/25/2018 13:00,0.17,222.459,0
9/25/2018 14:00,0.17,222.459,0
9/25/2018 15:00,0.171,222.459,0
9/25/2018 16:00,0.172,222.459,0
9/25/2018 17:00,0.173,222.459,0
9/25/2018 18:00,0.173,222.459,0
9/25/2018 19:00,0.175,222.459,0
9/25/2018 20:00,0.176,222.459,0
9/25/2018 21:00,0.176,222.459,0
9/25/2018 22:00,0.176,222.459,0
9/25/2018 23:00,0.176,222.459,0
9/26/2018 0:00,0.177,222.459,0
9/26/2018 1:00,0.176,222.459,0
9/26/2018 2:00,0.176,222.459,0
9/26/2018 3:00,0.175,222.459,0
9/26/2018 4:00,0.175,222.459,0
9/26/2018 5:00,0.174,222.459,0
9/26/2018 6:00,0.174,222.459,0
9/26/2018 7:00,0.173,222.459,0
9/26/2018 8:00,0.173,222.459,0
9/26/2018 9:00,0.172,222.459,0
9/26/2018 10:00,0.172,222.459,0
9/26/2018 11:00,0.172,222.459,0
9/26/2018 12:00,0.171,222.459,0
9/26/2018 13:00,0.171,222.459,0
9/26/2018 14:00,0.171,222.459,0
9/26/2018 15:00,0.171,222.459,0
9/26/2018 16:00,0.173,222.459,0
9/26/2018 17:00,0.173,222.459,0
9/26/2018 18:00,0.175,222.459,0
9/26/2018 19:00,0.175,222.459,0
9/26/2018 20:00,0.176,222.459,0
9/26/2018 21:00,0.177,222.459,0
9/26/2018 22:00,0.177,222.459,0
9/26/2018 23:00,0.176,222.459,0
9/27/2018 0:00,0.177,222.459,0
9/27/2018 1:00,0.176,222.459,0
9/27/2018 2:00,0.176,222.459,0
9/27/2018 3:00,0.175,222.459,0
9/27/2018 4:00,0.175,222.459,0
9/27/2018 5:00,0.174,222.459,0
9/27/2018 6:00,0.174,222.459,0
9/27/2018 7:00,0.173,222.459,0
9/27/2018 8:00,0.173,222.459,0
9/27/2018 9:00,0.172,222.459,0
9/27/2018 10:00,0.172,222.459,0
9/27/2018 11:00,0.172,222.459,0
9/27/2018 12:00,0.171,222.459,0
9/27/2018 13:00,0.171,222.459,0
9/27/2018 14:00,0.171,222.459,0
9/27/2018 15:00,0.172,222.459,0
9/27/2018 16:00,0.173,222.459,0
9/27/2018 17:00,0.173,222.459,0
9/27/2018 18:00,0.175,222.459,0
9/27/2018 19:00,0.176,222.459,0
9/27/2018 20:00,0.176,222.459,0
9/27/2018 21:00,0.177,222.459,0
9/27/2018 22:00,0.177,222.459,0
9/27/2018 23:00,0.177,222.459,0
9/28/2018 0:00,0.177,222.459,0
9/28/2018 1:00,0.177,222.459,0
9/28/2018 2:00,0.176,222.459,0
9/28/2018 3:00,0.176,222.459,0
9/28/2018 4:00,0.175,222.459,0
9/28/2018 5:00,0.175,222.459,0
9/28/2018 6:00,0.174,222.459,0
9/28/2018 7:00,0.174,222.459,0
9/28/2018 8:00,0.173,222.459,0
9/28/2018 9:00,0.173,222.459,0
9/28/2018 10:00,0.173,222.459,0
9/28/2018 11:00,0.173,222.459,0
9/28/2018 12:00,0.172,222.459,0
9/28/2018 13:00,0.172,222.459,0
9/28/2018 14:00,0.172,222.459,0
9/28/2018 15:00,0.173,222.459,0
9/28/2018 16:00,0.174,222.459,0
9/28/2018 17:00,0.174,222.459,0
9/28/2018 18:00,0.175,222.459,0
9/28/2018 19:00,0.176,222.459,0
9/28/2018 20:00,0.177,222.459,0
9/28/2018 21:00,0.177,222.459,0
9/28/2018 22:00,0.177,222.459,0
9/28/2018 23:00,0.177,222.459,0
9/29/2018 0:00,0.177,222.459,0
9/29/2018 1:00,0.176,222.459,0
9/29/2018 2:00,0.175,222.459,0
9/29/2018 3:00,0.175,222.459,0
9/29/2018 4:00,0.175,222.459,0
9/29/2018 5:00,0.174,222.459,0
9/29/2018 6:00,0.173,222.459,0
9/29/2018 7:00,0.173,222.459,0
9/29/2018 8:00,0.173,222.459,0
9/29/2018 9:00,0.173,222.459,0
9/29/2018 10:00,0.173,222.459,0
9/29/2018 11:00,0.172,222.459,0
9/29/2018 12:00,0.172,222.459,0
9/29/2018 13:00,0.171,222.459,0
9/29/2018 14:00,0.171,222.459,0
9/29/2018 15:00,0.171,222.484,0.25
9/29/2018 16:00,0.171,222.484,0
9/29/2018 17:00,0.171,222.484,0
9/29/2018 18:00,0.171,222.51,0.26
9/29/2018 19:00,0.172,222.51,0
9/29/2018 20:00,0.172,222.611,1.01
9/29/2018 21:00,0.172,222.611,0
9/29/2018 22:00,0.172,222.611,0
9/29/2018 23:00,0.171,222.611,0
9/30/2018 0:00,0.171,222.611,0
9/30/2018 1:00,0.171,222.611,0
9/30/2018 2:00,0.171,222.611,0
9/30/2018 3:00,0.17,222.611,0
9/30/2018 4:00,0.17,222.637,0.26
9/30/2018 5:00,0.169,222.637,0
9/30/2018 6:00,0.169,222.637,0
9/30/2018 7:00,0.169,222.637,0
9/30/2018 8:00,0.169,222.637,0
9/30/2018 9:00,0.168,222.637,0
9/30/2018 10:00,0.168,222.637,0
9/30/2018 11:00,0.168,222.637,0
9/30/2018 12:00,0.168,222.637,0
9/30/2018 13:00,0.168,222.637,0
9/30/2018 14:00,0.168,222.637,0
9/30/2018 15:00,0.168,222.637,0
9/30/2018 16:00,0.169,222.637,0
9/30/2018 17:00,0.17,222.637,0
9/30/2018 18:00,0.17,222.637,0
9/30/2018 19:00,0.17,222.637,0
9/30/2018 20:00,0.17,222.637,0
9/30/2018 21:00,0.171,222.637,0
9/30/2018 22:00,0.171,222.637,0
9/30/2018 23:00,0.171,222.637,0
10/1/2018 0:00,0.171,222.637,0
10/1/2018 1:00,0.17,222.637,0
10/1/2018 2:00,0.17,222.637,0
10/1/2018 3:00,0.169,222.637,0
10/1/2018 4:00,0.169,222.637,0
10/1/2018 5:00,0.169,222.637,0
10/1/2018 6:00,0.169,222.637,0
10/1/2018 7:00,0.168,222.637,0
10/1/2018 8:00,0.168,222.637,0
10/1/2018 9:00,0.168,222.637,0
10/1/2018 10:00,0.168,222.637,0
10/1/2018 11:00,0.168,222.637,0
10/1/2018 12:00,0.167,222.637,0
10/1/2018 13:00,0.167,222.637,0
10/1/2018 14:00,0.167,222.687,0.5
10/1/2018 15:00,0.167,222.84,1.53
10/1/2018 16:00,0.167,223.043,2.03
10/1/2018 17:00,0.167,223.043,0
10/1/2018 18:00,0.167,223.043,0
10/1/2018 19:00,0.167,223.043,0
10/1/2018 20:00,0.167,223.043,0
10/1/2018 21:00,0.168,223.043,0
10/1/2018 22:00,0.167,223.145,1.02
10/1/2018 23:00,0.167,223.449,3.04
10/2/2018 0:00,0.167,223.703,2.54
10/2/2018 1:00,0.167,223.881,1.78
10/2/2018 2:00,0.167,224.034,1.53
10/2/2018 3:00,0.166,224.084,0.5
10/2/2018 4:00,0.166,224.11,0.26
10/2/2018 5:00,0.166,224.11,0
10/2/2018 6:00,0.166,224.135,0.25
10/2/2018 7:00,0.165,224.186,0.51
10/2/2018 8:00,0.165,224.186,0
10/2/2018 9:00,0.165,224.186,0
10/2/2018 10:00,0.165,224.186,0
10/2/2018 11:00,0.165,224.186,0
10/2/2018 12:00,0.165,224.186,0
10/2/2018 13:00,0.165,224.186,0
10/2/2018 14:00,0.165,224.186,0
10/2/2018 15:00,0.166,224.389,2.03
10/2/2018 16:00,0.166,224.618,2.29
10/2/2018 17:00,0.167,224.643,0.25
10/2/2018 18:00,0.167,224.923,2.8
10/2/2018 19:00,0.167,224.923,0
10/2/2018 20:00,0.167,224.923,0
10/2/2018 21:00,0.167,224.923,0
10/2/2018 22:00,0.167,224.923,0
10/2/2018 23:00,0.167,224.923,0
10/3/2018 0:00,0.167,224.923,0
10/3/2018 1:00,0.166,224.923,0
10/3/2018 2:00,0.166,224.923,0
10/3/2018 3:00,0.166,224.923,0
10/3/2018 4:00,0.165,224.923,0
10/3/2018 5:00,0.165,224.923,0
10/3/2018 6:00,0.165,224.923,0
10/3/2018 7:00,0.165,224.923,0
10/3/2018 8:00,0.165,224.923,0
10/3/2018 9:00,0.165,224.923,0
10/3/2018 10:00,0.164,224.923,0
10/3/2018 11:00,0.164,224.923,0
10/3/2018 12:00,0.165,224.923,0
10/3/2018 13:00,0.165,224.923,0
10/3/2018 14:00,0.165,224.923,0
10/3/2018 15:00,0.165,224.923,0
10/3/2018 16:00,0.166,224.923,0
10/3/2018 17:00,0.166,225.05,1.27
10/3/2018 18:00,0.166,225.05,0
10/3/2018 19:00,0.167,225.05,0
10/3/2018 20:00,0.167,225.05,0
10/3/2018 21:00,0.167,225.075,0.25
10/3/2018 22:00,0.167,225.075,0
10/3/2018 23:00,0.167,225.075,0
10/4/2018 0:00,0.167,225.126,0.51
10/4/2018 1:00,0.167,225.126,0
10/4/2018 2:00,0.166,225.177,0.51
10/4/2018 3:00,0.167,225.227,0.5
10/4/2018 4:00,0.167,225.761,5.34
10/4/2018 5:00,0.166,225.812,0.51
10/4/2018 6:00,0.166,225.837,0.25
10/4/2018 7:00,0.165,225.837,0
10/4/2018 8:00,0.165,225.837,0
10/4/2018 9:00,0.165,225.939,1.02
10/4/2018 10:00,0.164,226.015,0.76
10/4/2018 11:00,0.164,226.015,0
10/4/2018 12:00,0.165,226.015,0
10/4/2018 13:00,0.164,226.015,0
10/4/2018 14:00,0.165,226.015,0
10/4/2018 15:00,0.165,226.015,0
10/4/2018 16:00,0.165,226.015,0
10/4/2018 17:00,0.166,226.015,0
10/4/2018 18:00,0.167,226.015,0
10/4/2018 19:00,0.167,226.015,0
10/4/2018 20:00,0.167,226.015,0
10/4/2018 21:00,0.167,226.015,0
10/4/2018 22:00,0.167,226.015,0
10/4/2018 23:00,0.167,226.015,0
10/5/2018 0:00,0.167,226.015,0
10/5/2018 1:00,0.166,226.015,0
10/5/2018 2:00,0.166,226.015,0
10/5/2018 3:00,0.165,226.015,0
10/5/2018 4:00,0.165,226.015,0
10/5/2018 5:00,0.164,226.015,0
10/5/2018 6:00,0.164,226.015,0
10/5/2018 7:00,0.164,226.015,0
10/5/2018 8:00,0.163,226.015,0
10/5/2018 9:00,0.163,226.015,0
10/5/2018 10:00,0.163,226.015,0
10/5/2018 11:00,0.163,226.015,0
10/5/2018 12:00,0.162,226.015,0
10/5/2018 13:00,0.162,226.015,0
10/5/2018 14:00,0.163,226.015,0
10/5/2018 15:00,0.163,226.015,0
10/5/2018 16:00,0.164,226.015,0
10/5/2018 17:00,0.165,226.015,0
10/5/2018 18:00,0.165,226.015,0
10/5/2018 19:00,0.166,226.015,0
10/5/2018 20:00,0.167,226.015,0
10/5/2018 21:00,0.167,226.066,0.51
10/5/2018 22:00,0.167,226.091,0.25
10/5/2018 23:00,0.167,226.269,1.78
10/6/2018 0:00,0.167,226.32,0.51
10/6/2018 1:00,0.167,226.32,0
10/6/2018 2:00,0.167,226.32,0
10/6/2018 3:00,0.167,226.32,0
10/6/2018 4:00,0.167,226.32,0
10/6/2018 5:00,0.167,226.37,0.5
10/6/2018 6:00,0.167,226.37,0
10/6/2018 7:00,0.167,226.37,0
10/6/2018 8:00,0.167,226.37,0
10/6/2018 9:00,0.167,226.37,0
10/6/2018 10:00,0.167,226.37,0
10/6/2018 11:00,0.168,226.37,0
10/6/2018 12:00,0.167,226.37,0
10/6/2018 13:00,0.167,226.37,0
10/6/2018 14:00,0.168,226.37,0
10/6/2018 15:00,0.169,226.37,0
10/6/2018 16:00,0.169,226.37,0
10/6/2018 17:00,0.17,226.37,0
10/6/2018 18:00,0.171,226.37,0
10/6/2018 19:00,0.171,226.37,0
10/6/2018 20:00,0.172,226.37,0
10/6/2018 21:00,0.173,226.37,0
10/6/2018 22:00,0.173,226.37,0
10/6/2018 23:00,0.172,226.37,0
10/7/2018 0:00,0.172,226.37,0
10/7/2018 1:00,0.172,226.37,0
10/7/2018 2:00,0.172,226.37,0
10/7/2018 3:00,0.172,226.37,0
10/7/2018 4:00,0.172,226.37,0
10/7/2018 5:00,0.171,226.37,0
10/7/2018 6:00,0.171,226.37,0
10/7/2018 7:00,0.172,226.37,0
10/7/2018 8:00,0.172,226.37,0
10/7/2018 9:00,0.172,226.37,0
10/7/2018 10:00,0.172,226.37,0
10/7/2018 11:00,0.172,226.37,0
10/7/2018 12:00,0.172,226.37,0
10/7/2018 13:00,0.171,226.37,0
10/7/2018 14:00,0.172,226.37,0
10/7/2018 15:00,0.173,226.37,0
10/7/2018 16:00,0.173,226.37,0
10/7/2018 17:00,0.174,226.37,0
10/7/2018 18:00,0.175,226.37,0
10/7/2018 19:00,0.176,226.37,0
10/7/2018 20:00,0.176,226.37,0
10/7/2018 21:00,0.177,226.37,0
10/7/2018 22:00,0.177,226.37,0
10/7/2018 23:00,0.177,226.37,0
10/8/2018 0:00,0.176,226.37,0
10/8/2018 1:00,0.176,226.37,0
10/8/2018 2:00,0.176,226.37,0
10/8/2018 3:00,0.176,226.37,0
10/8/2018 4:00,0.175,226.37,0
10/8/2018 5:00,0.175,226.37,0
10/8/2018 6:00,0.175,226.37,0
10/8/2018 7:00,0.174,226.37,0
10/8/2018 8:00,0.174,226.37,0
10/8/2018 9:00,0.174,226.37,0
10/8/2018 10:00,0.173,226.37,0
10/8/2018 11:00,0.174,226.37,0
10/8/2018 12:00,0.174,226.37,0
10/8/2018 13:00,0.174,226.37,0
10/8/2018 14:00,0.175,226.37,0
10/8/2018 15:00,0.175,226.37,0
10/8/2018 16:00,0.176,226.37,0
10/8/2018 17:00,0.178,226.37,0
10/8/2018 18:00,0.178,226.37,0
10/8/2018 19:00,0.179,226.37,0
10/8/2018 20:00,0.18,226.37,0
10/8/2018 21:00,0.18,226.37,0
10/8/2018 22:00,0.181,226.37,0
10/8/2018 23:00,0.181,226.37,0
10/9/2018 0:00,0.181,226.37,0
10/9/2018 1:00,0.181,226.37,0
10/9/2018 2:00,0.18,226.37,0
10/9/2018 3:00,0.18,226.37,0
10/9/2018 4:00,0.18,226.37,0
10/9/2018 5:00,0.18,226.37,0
10/9/2018 6:00,0.18,226.37,0
10/9/2018 7:00,0.18,226.37,0
10/9/2018 8:00,0.18,226.37,0
10/9/2018 9:00,0.18,226.37,0
10/9/2018 10:00,0.181,226.37,0
10/9/2018 11:00,0.181,226.37,0
10/9/2018 12:00,0.18,226.37,0
10/9/2018 13:00,0.181,226.37,0
10/9/2018 14:00,0.181,226.37,0
10/9/2018 15:00,0.182,226.37,0
10/9/2018 16:00,0.183,226.37,0
10/9/2018 17:00,0.184,226.37,0
10/9/2018 18:00,0.185,226.37,0
10/9/2018 19:00,0.185,226.37,0
10/9/2018 20:00,0.186,226.37,0
10/9/2018 21:00,0.186,226.37,0
10/9/2018 22:00,0.186,226.37,0
10/9/2018 23:00,0.186,226.37,0
10/10/2018 0:00,0.186,226.37,0
10/10/2018 1:00,0.185,226.37,0
10/10/2018 2:00,0.185,226.37,0
10/10/2018 3:00,0.184,226.37,0
10/10/2018 4:00,0.184,226.37,0
10/10/2018 5:00,0.183,226.37,0
10/10/2018 6:00,0.183,226.37,0
10/10/2018 7:00,0.183,226.37,0
10/10/2018 8:00,0.183,226.37,0
10/10/2018 9:00,0.182,226.37,0
10/10/2018 10:00,0.183,226.37,0
10/10/2018 11:00,0.183,226.37,0
10/10/2018 12:00,0.183,226.37,0
10/10/2018 13:00,0.182,226.37,0
10/10/2018 14:00,0.183,226.37,0
10/10/2018 15:00,0.183,226.37,0
10/10/2018 16:00,0.185,226.37,0
10/10/2018 17:00,0.185,226.37,0
10/10/2018 18:00,0.186,226.37,0
10/10/2018 19:00,0.187,226.37,0
10/10/2018 20:00,0.187,226.37,0
10/10/2018 21:00,0.187,226.37,0
10/10/2018 22:00,0.187,226.37,0
10/10/2018 23:00,0.187,226.37,0
10/11/2018 0:00,0.187,226.37,0
10/11/2018 1:00,0.187,226.37,0
10/11/2018 2:00,0.186,226.37,0
10/11/2018 3:00,0.186,226.37,0
10/11/2018 4:00,0.185,226.37,0
10/11/2018 5:00,0.184,226.37,0
10/11/2018 6:00,0.184,226.37,0
10/11/2018 7:00,0.184,226.37,0
10/11/2018 8:00,0.183,226.37,0
10/11/2018 9:00,0.183,226.37,0
10/11/2018 10:00,0.183,226.37,0
10/11/2018 11:00,0.183,226.37,0
10/11/2018 12:00,0.182,226.37,0
10/11/2018 13:00,0.183,226.37,0
10/11/2018 14:00,0.183,226.37,0
10/11/2018 15:00,0.184,226.37,0
10/11/2018 16:00,0.184,226.37,0
10/11/2018 17:00,0.185,226.37,0
10/11/2018 18:00,0.186,226.37,0
10/11/2018 19:00,0.187,226.37,0
10/11/2018 20:00,0.188,226.37,0
10/11/2018 21:00,0.188,226.37,0
10/11/2018 22:00,0.189,226.37,0
10/11/2018 23:00,0.188,226.37,0
10/12/2018 0:00,0.188,226.37,0
10/12/2018 1:00,0.188,226.37,0
10/12/2018 2:00,0.187,226.37,0
10/12/2018 3:00,0.187,226.37,0
10/12/2018 4:00,0.187,226.37,0
10/12/2018 5:00,0.187,226.37,0
10/12/2018 6:00,0.186,226.37,0
10/12/2018 7:00,0.186,226.37,0
10/12/2018 8:00,0.185,226.37,0
10/12/2018 9:00,0.185,226.37,0
10/12/2018 10:00,0.186,226.37,0
10/12/2018 11:00,0.185,226.37,0
10/12/2018 12:00,0.184,226.37,0
10/12/2018 13:00,0.184,226.37,0
10/12/2018 14:00,0.184,226.37,0
10/12/2018 15:00,0.186,226.37,0
10/12/2018 16:00,0.186,226.37,0
10/12/2018 17:00,0.187,226.37,0
10/12/2018 18:00,0.188,226.37,0
10/12/2018 19:00,0.189,226.37,0
10/12/2018 20:00,0.19,226.37,0
10/12/2018 21:00,0.19,226.37,0
10/12/2018 22:00,0.19,226.37,0
10/12/2018 23:00,0.19,226.37,0
10/13/2018 0:00,0.19,226.37,0
10/13/2018 1:00,0.19,226.37,0
10/13/2018 2:00,0.19,226.37,0
10/13/2018 3:00,0.189,226.37,0
10/13/2018 4:00,0.189,226.37,0
10/13/2018 5:00,0.189,226.37,0
10/13/2018 6:00,0.188,226.37,0
10/13/2018 7:00,0.188,226.37,0
10/13/2018 8:00,0.188,226.37,0
10/13/2018 9:00,0.187,226.37,0
10/13/2018 10:00,0.187,226.37,0
10/13/2018 11:00,0.187,226.37,0
10/13/2018 12:00,0.186,226.37,0
10/13/2018 13:00,0.186,226.37,0
10/13/2018 14:00,0.187,226.37,0
10/13/2018 15:00,0.187,226.37,0
10/13/2018 16:00,0.188,226.37,0
10/13/2018 17:00,0.189,226.37,0
10/13/2018 18:00,0.19,226.37,0
10/13/2018 19:00,0.192,226.37,0
10/13/2018 20:00,0.192,226.37,0
10/13/2018 21:00,0.193,226.37,0
10/13/2018 22:00,0.193,226.37,0
10/13/2018 23:00,0.193,226.37,0
10/14/2018 0:00,0.193,226.37,0
10/14/2018 1:00,0.193,226.37,0
10/14/2018 2:00,0.192,226.37,0
10/14/2018 3:00,0.192,226.37,0
10/14/2018 4:00,0.192,226.37,0
10/14/2018 5:00,0.191,226.37,0
10/14/2018 6:00,0.191,226.37,0
10/14/2018 7:00,0.19,226.37,0
10/14/2018 8:00,0.19,226.37,0
10/14/2018 9:00,0.19,226.37,0
10/14/2018 10:00,0.19,226.37,0
10/14/2018 11:00,0.189,226.37,0
10/14/2018 12:00,0.189,226.37,0
10/14/2018 13:00,0.189,226.37,0
10/14/2018 14:00,0.19,226.37,0
10/14/2018 15:00,0.19,226.37,0
10/14/2018 16:00,0.191,226.37,0
10/14/2018 17:00,0.191,226.37,0
10/14/2018 18:00,0.192,226.37,0
10/14/2018 19:00,0.193,226.37,0
10/14/2018 20:00,0.194,226.37,0
10/14/2018 21:00,0.194,226.37,0
10/14/2018 22:00,0.194,226.37,0
10/14/2018 23:00,0.193,226.37,0
10/15/2018 0:00,0.193,226.37,0
10/15/2018 1:00,0.193,226.37,0
10/15/2018 2:00,0.193,226.37,0
10/15/2018 3:00,0.192,226.37,0
10/15/2018 4:00,0.192,226.37,0
10/15/2018 5:00,0.191,226.37,0
10/15/2018 6:00,0.191,226.37,0
10/15/2018 7:00,0.191,226.37,0
10/15/2018 8:00,0.19,226.37,0
10/15/2018 9:00,0.189,226.37,0
10/15/2018 10:00,0.19,226.37,0
10/15/2018 11:00,0.189,226.37,0
10/15/2018 12:00,0.189,226.37,0
10/15/2018 13:00,0.189,226.37,0
10/15/2018 14:00,0.189,226.37,0
10/15/2018 15:00,0.19,226.37,0
10/15/2018 16:00,0.19,226.37,0
10/15/2018 17:00,0.191,226.37,0
10/15/2018 18:00,0.192,226.37,0
10/15/2018 19:00,0.193,226.37,0
10/15/2018 20:00,0.194,226.37,0
10/15/2018 21:00,0.194,226.37,0
10/15/2018 22:00,0.194,226.37,0
10/15/2018 23:00,0.194,226.37,0
10/16/2018 0:00,0.194,226.37,0
10/16/2018 1:00,0.193,226.37,0
10/16/2018 2:00,0.193,226.37,0
10/16/2018 3:00,0.193,226.37,0
10/16/2018 4:00,0.192,226.37,0
10/16/2018 5:00,0.192,226.37,0
10/16/2018 6:00,0.191,226.37,0
10/16/2018 7:00,0.191,226.37,0
10/16/2018 8:00,0.19,226.37,0
10/16/2018 9:00,0.19,226.37,0
10/16/2018 10:00,0.19,226.37,0
10/16/2018 11:00,0.19,226.37,0
10/16/2018 12:00,0.19,226.37,0
10/16/2018 13:00,0.189,226.37,0
10/16/2018 14:00,0.189,226.37,0
10/16/2018 15:00,0.19,226.37,0
10/16/2018 16:00,0.191,226.37,0
10/16/2018 17:00,0.192,226.37,0
10/16/2018 18:00,0.193,226.37,0
10/16/2018 19:00,0.194,226.37,0
10/16/2018 20:00,0.195,226.37,0
10/16/2018 21:00,0.195,226.37,0
10/16/2018 22:00,0.195,226.37,0
10/16/2018 23:00,0.195,226.37,0
10/17/2018 0:00,0.195,226.37,0
10/17/2018 1:00,0.195,226.37,0
10/17/2018 2:00,0.194,226.37,0
10/17/2018 3:00,0.194,226.37,0
10/17/2018 4:00,0.193,226.37,0
10/17/2018 5:00,0.193,226.37,0
10/17/2018 6:00,0.192,226.37,0
10/17/2018 7:00,0.192,226.37,0
10/17/2018 8:00,0.192,226.37,0
10/17/2018 9:00,0.191,226.37,0
10/17/2018 10:00,0.191,226.37,0
10/17/2018 11:00,0.191,226.37,0
10/17/2018 12:00,0.191,226.37,0
10/17/2018 13:00,0.19,226.37,0
10/17/2018 14:00,0.191,226.37,0
10/17/2018 15:00,0.191,226.37,0
10/17/2018 16:00,0.192,226.37,0
10/17/2018 17:00,0.193,226.37,0
10/17/2018 18:00,0.194,226.37,0
10/17/2018 19:00,0.195,226.37,0
10/17/2018 20:00,0.196,226.37,0
10/17/2018 21:00,0.196,226.37,0
10/17/2018 22:00,0.196,226.37,0
10/17/2018 23:00,0.196,226.37,0
10/18/2018 0:00,0.196,226.37,0
10/18/2018 1:00,0.195,226.37,0
10/18/2018 2:00,0.195,226.37,0
10/18/2018 3:00,0.195,226.37,0
10/18/2018 4:00,0.195,226.37,0
10/18/2018 5:00,0.194,226.37,0
10/18/2018 6:00,0.194,226.37,0
10/18/2018 7:00,0.193,226.37,0
10/18/2018 8:00,0.193,226.37,0
10/18/2018 9:00,0.192,226.37,0
10/18/2018 10:00,0.192,226.37,0
10/18/2018 11:00,0.192,226.37,0
10/18/2018 12:00,0.192,226.37,0
10/18/2018 13:00,0.191,226.37,0
10/18/2018 14:00,0.191,226.37,0
10/18/2018 15:00,0.192,226.37,0
10/18/2018 16:00,0.193,226.37,0
10/18/2018 17:00,0.194,226.37,0
10/18/2018 18:00,0.195,226.37,0
10/18/2018 19:00,0.195,226.37,0
10/18/2018 20:00,0.196,226.37,0
10/18/2018 21:00,0.196,226.37,0
10/18/2018 22:00,0.196,226.37,0
10/18/2018 23:00,0.196,226.37,0
10/19/2018 0:00,0.196,226.37,0
10/19/2018 1:00,0.196,226.37,0
10/19/2018 2:00,0.195,226.37,0
10/19/2018 3:00,0.195,226.37,0
10/19/2018 4:00,0.195,226.37,0
10/19/2018 5:00,0.194,226.37,0
10/19/2018 6:00,0.194,226.37,0
10/19/2018 7:00,0.194,226.37,0
10/19/2018 8:00,0.193,226.37,0
10/19/2018 9:00,0.193,226.37,0
10/19/2018 10:00,0.193,226.37,0
10/19/2018 11:00,0.193,226.37,0
10/19/2018 12:00,0.192,226.37,0
10/19/2018 13:00,0.192,226.37,0
10/19/2018 14:00,0.192,226.37,0
10/19/2018 15:00,0.192,226.37,0
10/19/2018 16:00,0.194,226.37,0
10/19/2018 17:00,0.194,226.37,0
10/19/2018 18:00,0.195,226.37,0
10/19/2018 19:00,0.196,226.37,0
10/19/2018 20:00,0.197,226.37,0
10/19/2018 21:00,0.197,226.37,0
10/19/2018 22:00,0.197,226.37,0
10/19/2018 23:00,0.197,226.37,0
10/20/2018 0:00,0.197,226.37,0
10/20/2018 1:00,0.197,226.37,0
10/20/2018 2:00,0.196,226.37,0
10/20/2018 3:00,0.196,226.37,0
10/20/2018 4:00,0.195,226.37,0
10/20/2018 5:00,0.195,226.37,0
10/20/2018 6:00,0.194,226.37,0
10/20/2018 7:00,0.194,226.37,0
10/20/2018 8:00,0.194,226.37,0
10/20/2018 9:00,0.193,226.37,0
10/20/2018 10:00,0.193,226.37,0
10/20/2018 11:00,0.192,226.37,0
10/20/2018 12:00,0.192,226.37,0
10/20/2018 13:00,0.192,226.37,0
10/20/2018 14:00,0.192,226.37,0
10/20/2018 15:00,0.193,226.37,0
10/20/2018 16:00,0.194,226.37,0
10/20/2018 17:00,0.195,226.37,0
10/20/2018 18:00,0.195,226.37,0
10/20/2018 19:00,0.196,226.37,0
10/20/2018 20:00,0.197,226.37,0
10/20/2018 21:00,0.198,226.37,0
10/20/2018 22:00,0.197,226.37,0
10/20/2018 23:00,0.197,226.37,0
10/21/2018 0:00,0.197,226.37,0
10/21/2018 1:00,0.197,226.37,0
10/21/2018 2:00,0.197,226.37,0
10/21/2018 3:00,0.196,226.37,0
10/21/2018 4:00,0.195,226.37,0
10/21/2018 5:00,0.195,226.37,0
10/21/2018 6:00,0.195,226.37,0
10/21/2018 7:00,0.194,226.37,0
10/21/2018 8:00,0.194,226.37,0
10/21/2018 9:00,0.194,226.37,0
10/21/2018 10:00,0.193,226.37,0
10/21/2018 11:00,0.193,226.37,0
10/21/2018 12:00,0.192,226.37,0
10/21/2018 13:00,0.193,226.37,0
10/21/2018 14:00,0.193,226.37,0
10/21/2018 15:00,0.193,226.37,0
10/21/2018 16:00,0.194,226.37,0
10/21/2018 17:00,0.194,226.37,0
10/21/2018 18:00,0.196,226.37,0
10/21/2018 19:00,0.196,226.37,0
10/21/2018 20:00,0.197,226.37,0
10/21/2018 21:00,0.197,226.37,0
10/21/2018 22:00,0.197,226.37,0
10/21/2018 23:00,0.197,226.37,0
10/22/2018 0:00,0.197,226.37,0
10/22/2018 1:00,0.196,226.37,0
10/22/2018 2:00,0.196,226.37,0
10/22/2018 3:00,0.195,226.37,0
10/22/2018 4:00,0.195,226.37,0
10/22/2018 5:00,0.195,226.37,0
10/22/2018 6:00,0.195,226.37,0
10/22/2018 7:00,0.194,226.37,0
10/22/2018 8:00,0.193,226.37,0
10/22/2018 9:00,0.193,226.37,0
10/22/2018 10:00,0.193,226.37,0
10/22/2018 11:00,0.193,226.37,0
10/22/2018 12:00,0.192,226.37,0
10/22/2018 13:00,0.191,226.37,0
10/22/2018 14:00,0.192,226.37,0
10/22/2018 15:00,0.192,226.37,0
10/22/2018 16:00,0.193,226.37,0
10/22/2018 17:00,0.194,226.37,0
10/22/2018 18:00,0.194,226.37,0
10/22/2018 19:00,0.195,226.37,0
10/22/2018 20:00,0.196,226.37,0
10/22/2018 21:00,0.196,226.37,0
10/22/2018 22:00,0.196,226.37,0
10/22/2018 23:00,0.195,226.37,0
10/23/2018 0:00,0.196,226.37,0
10/23/2018 1:00,0.195,226.37,0
10/23/2018 2:00,0.195,226.37,0
10/23/2018 3:00,0.194,226.37,0
10/23/2018 4:00,0.193,226.37,0
10/23/2018 5:00,0.193,226.37,0
10/23/2018 6:00,0.192,226.37,0
10/23/2018 7:00,0.192,226.37,0
10/23/2018 8:00,0.191,226.37,0
10/23/2018 9:00,0.191,226.37,0
10/23/2018 10:00,0.191,226.37,0
10/23/2018 11:00,0.191,226.37,0
10/23/2018 12:00,0.191,226.37,0
10/23/2018 13:00,0.191,226.37,0
10/23/2018 14:00,0.191,226.37,0
10/23/2018 15:00,0.191,226.37,0
10/23/2018 16:00,0.192,226.37,0
10/23/2018 17:00,0.193,226.37,0
10/23/2018 18:00,0.193,226.37,0
10/23/2018 19:00,0.194,226.37,0
10/23/2018 20:00,0.194,226.37,0
10/23/2018 21:00,0.195,226.37,0
10/23/2018 22:00,0.194,226.37,0
10/23/2018 23:00,0.194,226.37,0
10/24/2018 0:00,0.194,226.37,0
10/24/2018 1:00,0.193,226.37,0
10/24/2018 2:00,0.194,226.37,0
10/24/2018 3:00,0.193,226.37,0
10/24/2018 4:00,0.193,226.37,0
10/24/2018 5:00,0.192,226.37,0
10/24/2018 6:00,0.193,226.37,0
10/24/2018 7:00,0.192,226.37,0
10/24/2018 8:00,0.192,226.37,0
10/24/2018 9:00,0.192,226.37,0
10/24/2018 10:00,0.191,226.37,0
10/24/2018 11:00,0.191,226.37,0
10/24/2018 12:00,0.191,226.37,0
10/24/2018 13:00,0.191,226.37,0
10/24/2018 14:00,0.191,226.37,0
10/24/2018 15:00,0.192,226.37,0
10/24/2018 16:00,0.192,226.37,0
10/24/2018 17:00,0.193,226.37,0
10/24/2018 18:00,0.194,226.37,0
10/24/2018 19:00,0.196,226.37,0
10/24/2018 20:00,0.196,226.37,0
10/24/2018 21:00,0.197,226.37,0
10/24/2018 22:00,0.196,226.37,0
10/24/2018 23:00,0.196,226.37,0
10/25/2018 0:00,0.196,226.37,0
10/25/2018 1:00,0.196,226.37,0
10/25/2018 2:00,0.196,226.37,0
10/25/2018 3:00,0.195,226.37,0
10/25/2018 4:00,0.195,226.37,0
10/25/2018 5:00,0.195,226.37,0
10/25/2018 6:00,0.194,226.37,0
10/25/2018 7:00,0.194,226.37,0
10/25/2018 8:00,0.193,226.37,0
10/25/2018 9:00,0.193,226.37,0
10/25/2018 10:00,0.192,226.37,0
10/25/2018 11:00,0.192,226.37,0
10/25/2018 12:00,0.192,226.37,0
10/25/2018 13:00,0.192,226.37,0
10/25/2018 14:00,0.192,226.37,0
10/25/2018 15:00,0.192,226.37,0
10/25/2018 16:00,0.193,226.37,0
10/25/2018 17:00,0.194,226.37,0
10/25/2018 18:00,0.193,226.37,0
10/25/2018 19:00,0.194,226.37,0
10/25/2018 20:00,0.195,226.37,0
10/25/2018 21:00,0.195,226.37,0
10/25/2018 22:00,0.195,226.37,0
10/25/2018 23:00,0.195,226.37,0
10/26/2018 0:00,0.195,226.37,0
10/26/2018 1:00,0.194,226.37,0
10/26/2018 2:00,0.194,226.37,0
10/26/2018 3:00,0.194,226.37,0
10/26/2018 4:00,0.193,226.37,0
10/26/2018 5:00,0.193,226.37,0
10/26/2018 6:00,0.193,226.37,0
10/26/2018 7:00,0.193,226.37,0
10/26/2018 8:00,0.192,226.37,0
10/26/2018 9:00,0.192,226.37,0
10/26/2018 10:00,0.192,226.37,0
10/26/2018 11:00,0.191,226.37,0
10/26/2018 12:00,0.191,226.37,0
10/26/2018 13:00,0.191,226.37,0
10/26/2018 14:00,0.191,226.37,0
10/26/2018 15:00,0.192,226.37,0
10/26/2018 16:00,0.192,226.37,0
10/26/2018 17:00,0.193,226.37,0
10/26/2018 18:00,0.194,226.37,0
10/26/2018 19:00,0.195,226.37,0
10/26/2018 20:00,0.196,226.37,0
10/26/2018 21:00,0.196,226.37,0
10/26/2018 22:00,0.195,226.37,0
10/26/2018 23:00,0.195,226.37,0
10/27/2018 0:00,0.195,226.37,0
10/27/2018 1:00,0.195,226.37,0
10/27/2018 2:00,0.195,226.37,0
10/27/2018 3:00,0.195,226.37,0
10/27/2018 4:00,0.194,226.37,0
10/27/2018 5:00,0.194,226.37,0
10/27/2018 6:00,0.193,226.37,0
10/27/2018 7:00,0.193,226.37,0
10/27/2018 8:00,0.193,226.37,0
10/27/2018 9:00,0.193,226.37,0
10/27/2018 10:00,0.192,226.37,0
10/27/2018 11:00,0.193,226.37,0
10/27/2018 12:00,0.192,226.37,0
10/27/2018 13:00,0.192,226.37,0
10/27/2018 14:00,0.193,226.37,0
10/27/2018 15:00,0.193,226.37,0
10/27/2018 16:00,0.193,226.37,0
10/27/2018 17:00,0.194,226.37,0
10/27/2018 18:00,0.195,226.37,0
10/27/2018 19:00,0.196,226.37,0
10/27/2018 20:00,0.196,226.37,0
10/27/2018 21:00,0.196,226.37,0
10/27/2018 22:00,0.196,226.37,0
10/27/2018 23:00,0.196,226.37,0
10/28/2018 0:00,0.196,226.37,0
10/28/2018 1:00,0.196,226.37,0
10/28/2018 2:00,0.196,226.37,0
10/28/2018 3:00,0.196,226.37,0
10/28/2018 4:00,0.195,226.37,0
10/28/2018 5:00,0.195,226.37,0
10/28/2018 6:00,0.195,226.37,0
10/28/2018 7:00,0.194,226.396,0.26
10/28/2018 8:00,0.194,226.548,1.52
10/28/2018 9:00,0.194,226.675,1.27
10/28/2018 10:00,0.194,226.675,0
10/28/2018 11:00,0.194,226.675,0
10/28/2018 12:00,0.194,226.675,0
10/28/2018 13:00,0.194,226.675,0
10/28/2018 14:00,0.195,226.675,0
10/28/2018 15:00,0.195,226.675,0
10/28/2018 16:00,0.196,226.675,0
10/28/2018 17:00,0.196,226.675,0
10/28/2018 18:00,0.196,226.675,0
10/28/2018 19:00,0.196,226.675,0
10/28/2018 20:00,0.197,226.675,0
10/28/2018 21:00,0.197,226.675,0
10/28/2018 22:00,0.196,226.675,0
10/28/2018 23:00,0.196,226.675,0
10/29/2018 0:00,0.196,226.675,0
10/29/2018 1:00,0.195,226.675,0
10/29/2018 2:00,0.194,226.675,0
10/29/2018 3:00,0.194,226.675,0
10/29/2018 4:00,0.194,226.675,0
10/29/2018 5:00,0.193,226.675,0
10/29/2018 6:00,0.193,226.675,0
10/29/2018 7:00,0.192,226.675,0
10/29/2018 8:00,0.192,226.675,0
10/29/2018 9:00,0.191,226.675,0
10/29/2018 10:00,0.191,226.675,0
10/29/2018 11:00,0.191,226.675,0
10/29/2018 12:00,0.191,226.675,0
10/29/2018 13:00,0.191,226.675,0
10/29/2018 14:00,0.19,226.675,0
10/29/2018 15:00,0.19,226.675,0
10/29/2018 16:00,0.192,226.701,0.26
10/29/2018 17:00,0.192,226.701,0
10/29/2018 18:00,0.192,226.701,0
10/29/2018 19:00,0.193,226.701,0
10/29/2018 20:00,0.193,226.701,0
10/29/2018 21:00,0.193,226.701,0
10/29/2018 22:00,0.193,226.701,0
10/29/2018 23:00,0.193,226.701,0
10/30/2018 0:00,0.192,226.701,0
10/30/2018 1:00,0.191,226.701,0
10/30/2018 2:00,0.191,226.701,0
10/30/2018 3:00,0.191,226.701,0
10/30/2018 4:00,0.19,226.701,0
10/30/2018 5:00,0.189,226.701,0
10/30/2018 6:00,0.189,226.701,0
10/30/2018 7:00,0.189,226.701,0
10/30/2018 8:00,0.188,226.701,0
10/30/2018 9:00,0.188,226.701,0
10/30/2018 10:00,0.187,226.701,0
10/30/2018 11:00,0.187,226.701,0
10/30/2018 12:00,0.186,226.701,0
10/30/2018 13:00,0.186,226.701,0
10/30/2018 14:00,0.186,226.701,0
10/30/2018 15:00,0.186,226.701,0
10/30/2018 16:00,0.187,226.701,0
10/30/2018 17:00,0.188,226.701,0
10/30/2018 18:00,0.188,226.701,0
10/30/2018 19:00,0.189,226.701,0
10/30/2018 20:00,0.189,226.701,0
10/30/2018 21:00,0.189,226.701,0
10/30/2018 22:00,0.189,226.701,0
10/30/2018 23:00,0.189,226.701,0
10/31/2018 0:00,0.189,226.701,0
10/31/2018 1:00,0.188,226.701,0
10/31/2018 2:00,0.188,226.701,0
10/31/2018 3:00,0.188,226.701,0
10/31/2018 4:00,0.187,226.701,0
10/31/2018 5:00,0.186,226.701,0
10/31/2018 6:00,0.186,226.701,0
10/31/2018 7:00,0.186,226.701,0
10/31/2018 8:00,0.186,226.701,0
10/31/2018 9:00,0.185,226.701,0
10/31/2018 10:00,0.185,226.701,0
10/31/2018 11:00,0.185,226.701,0
10/31/2018 12:00,0.185,226.701,0
10/31/2018 13:00,0.185,226.701,0
10/31/2018 14:00,0.185,226.701,0
10/31/2018 15:00,0.185,226.701,0
10/31/2018 16:00,0.185,226.701,0
10/31/2018 17:00,0.186,226.701,0
10/31/2018 18:00,0.187,226.701,0
10/31/2018 19:00,0.188,226.701,0
10/31/2018 20:00,0.188,226.701,0
10/31/2018 21:00,0.188,226.701,0
10/31/2018 22:00,0.188,226.701,0
10/31/2018 23:00,0.188,226.701,0
11/1/2018 0:00,0.188,226.701,0
11/1/2018 1:00,0.188,226.701,0
11/1/2018 2:00,0.188,226.701,0
11/1/2018 3:00,0.188,226.701,0
11/1/2018 4:00,0.187,226.701,0
11/1/2018 5:00,0.187,226.701,0
11/1/2018 6:00,0.186,226.701,0
11/1/2018 7:00,0.186,226.701,0
11/1/2018 8:00,0.186,226.701,0
11/1/2018 9:00,0.186,226.701,0
11/1/2018 10:00,0.186,226.701,0
11/1/2018 11:00,0.185,226.701,0
11/1/2018 12:00,0.186,226.701,0
11/1/2018 13:00,0.185,226.701,0
11/1/2018 14:00,0.186,226.701,0
11/1/2018 15:00,0.186,226.701,0
11/1/2018 16:00,0.186,226.701,0
11/1/2018 17:00,0.187,226.701,0
11/1/2018 18:00,0.188,226.701,0
11/1/2018 19:00,0.189,226.701,0
11/1/2018 20:00,0.189,226.701,0
11/1/2018 21:00,0.189,226.701,0
11/1/2018 22:00,0.189,226.701,0
11/1/2018 23:00,0.189,226.701,0
11/2/2018 0:00,0.189,226.701,0
11/2/2018 1:00,0.189,226.701,0
11/2/2018 2:00,0.189,226.701,0
11/2/2018 3:00,0.188,226.701,0
11/2/2018 4:00,0.188,226.701,0
11/2/2018 5:00,0.188,226.701,0
11/2/2018 6:00,0.188,226.701,0
11/2/2018 7:00,0.188,226.701,0
11/2/2018 8:00,0.188,226.701,0
11/2/2018 9:00,0.188,226.701,0
11/2/2018 10:00,0.187,226.701,0
11/2/2018 11:00,0.188,226.701,0
11/2/2018 12:00,0.188,226.701,0
11/2/2018 13:00,0.188,226.701,0
11/2/2018 14:00,0.188,226.701,0
11/2/2018 15:00,0.188,226.701,0
11/2/2018 16:00,0.189,226.701,0
11/2/2018 17:00,0.189,226.701,0
11/2/2018 18:00,0.19,226.701,0
11/2/2018 19:00,0.19,226.701,0
11/2/2018 20:00,0.191,226.701,0
11/2/2018 21:00,0.191,226.701,0
11/2/2018 22:00,0.19,226.701,0
11/2/2018 23:00,0.19,226.701,0
11/3/2018 0:00,0.19,226.701,0
11/3/2018 1:00,0.19,226.701,0
11/3/2018 2:00,0.189,226.701,0
11/3/2018 3:00,0.189,226.701,0
11/3/2018 4:00,0.189,226.701,0
11/3/2018 5:00,0.189,226.701,0
11/3/2018 6:00,0.189,226.701,0
11/3/2018 7:00,0.189,226.701,0
11/3/2018 8:00,0.189,226.701,0
11/3/2018 9:00,0.189,226.701,0
11/3/2018 10:00,0.188,226.701,0
11/3/2018 11:00,0.188,226.701,0
11/3/2018 12:00,0.188,226.701,0
11/3/2018 13:00,0.188,226.701,0
11/3/2018 14:00,0.188,226.701,0
11/3/2018 15:00,0.188,226.701,0
11/3/2018 16:00,0.188,226.701,0
11/3/2018 17:00,0.188,226.701,0
11/3/2018 18:00,0.189,226.701,0
11/3/2018 19:00,0.19,226.701,0
11/3/2018 20:00,0.19,226.701,0
11/3/2018 21:00,0.19,226.701,0
11/3/2018 22:00,0.19,226.701,0
11/3/2018 23:00,0.19,226.701,0
11/4/2018 0:00,0.19,226.701,0
11/4/2018 1:00,0.189,226.701,0
11/4/2018 2:00,0.189,226.701,0
11/4/2018 3:00,0.189,226.701,0
11/4/2018 4:00,0.188,226.701,0
11/4/2018 5:00,0.188,226.701,0
11/4/2018 6:00,0.187,226.701,0
11/4/2018 7:00,0.187,226.701,0
11/4/2018 8:00,0.186,226.701,0
11/4/2018 9:00,0.186,226.701,0
11/4/2018 10:00,0.185,226.701,0
11/4/2018 11:00,0.185,226.701,0
11/4/2018 12:00,0.185,226.701,0
11/4/2018 13:00,0.185,226.701,0
11/4/2018 14:00,0.185,226.701,0
11/4/2018 15:00,0.185,226.701,0
11/4/2018 16:00,0.185,226.701,0
11/4/2018 17:00,0.186,226.701,0
11/4/2018 18:00,0.186,226.701,0
11/4/2018 19:00,0.187,226.701,0
11/4/2018 20:00,0.188,226.701,0
11/4/2018 21:00,0.188,226.701,0
11/4/2018 22:00,0.187,226.701,0
11/4/2018 23:00,0.188,226.701,0
11/5/2018 0:00,0.188,226.701,0
11/5/2018 1:00,0.187,226.701,0
11/5/2018 2:00,0.187,226.701,0
11/5/2018 3:00,0.186,226.701,0
11/5/2018 4:00,0.186,226.701,0
11/5/2018 5:00,0.186,226.701,0
11/5/2018 6:00,0.186,226.701,0
11/5/2018 7:00,0.186,226.701,0
11/5/2018 8:00,0.185,226.701,0
11/5/2018 9:00,0.185,226.701,0
11/5/2018 10:00,0.184,226.701,0
11/5/2018 11:00,0.185,226.701,0
11/5/2018 12:00,0.184,226.701,0
11/5/2018 13:00,0.184,226.701,0
11/5/2018 14:00,0.184,226.701,0
11/5/2018 15:00,0.184,226.701,0
11/5/2018 16:00,0.184,226.701,0
11/5/2018 17:00,0.185,226.701,0
11/5/2018 18:00,0.186,226.701,0
11/5/2018 19:00,0.185,226.701,0
11/5/2018 20:00,0.186,226.701,0
11/5/2018 21:00,0.186,226.701,0
11/5/2018 22:00,0.186,226.701,0
11/5/2018 23:00,0.185,226.701,0
11/6/2018 0:00,0.185,226.701,0
11/6/2018 1:00,0.185,226.701,0
11/6/2018 2:00,0.185,226.701,0
11/6/2018 3:00,0.184,226.701,0
11/6/2018 4:00,0.184,226.701,0
11/6/2018 5:00,0.183,226.701,0
11/6/2018 6:00,0.183,226.701,0
11/6/2018 7:00,0.182,226.701,0
11/6/2018 8:00,0.182,226.701,0
11/6/2018 9:00,0.181,226.701,0
11/6/2018 10:00,0.181,226.701,0
11/6/2018 11:00,0.181,226.701,0
11/6/2018 12:00,0.18,226.701,0
11/6/2018 13:00,0.18,226.701,0
11/6/2018 14:00,0.18,226.701,0
11/6/2018 15:00,0.181,226.701,0
11/6/2018 16:00,0.181,226.701,0
11/6/2018 17:00,0.181,226.701,0
11/6/2018 18:00,0.182,226.701,0
11/6/2018 19:00,0.182,226.701,0
11/6/2018 20:00,0.182,226.701,0
11/6/2018 21:00,0.182,226.701,0
11/6/2018 22:00,0.182,226.701,0
11/6/2018 23:00,0.182,226.701,0
11/7/2018 0:00,0.182,226.701,0
11/7/2018 1:00,0.182,226.701,0
11/7/2018 2:00,0.182,226.701,0
11/7/2018 3:00,0.181,226.701,0
11/7/2018 4:00,0.181,226.701,0
11/7/2018 5:00,0.181,226.701,0
11/7/2018 6:00,0.18,226.701,0
11/7/2018 7:00,0.18,226.701,0
11/7/2018 8:00,0.18,226.701,0
11/7/2018 9:00,0.179,226.701,0
11/7/2018 10:00,0.179,226.701,0
11/7/2018 11:00,0.179,226.701,0
11/7/2018 12:00,0.178,226.701,0
11/7/2018 13:00,0.178,226.701,0
11/7/2018 14:00,0.179,226.701,0
11/7/2018 15:00,0.179,226.701,0
11/7/2018 16:00,0.179,226.701,0
11/7/2018 17:00,0.179,226.701,0
11/7/2018 18:00,0.18,226.701,0
11/7/2018 19:00,0.18,226.701,0
11/7/2018 20:00,0.181,226.701,0
11/7/2018 21:00,0.181,226.701,0
11/7/2018 22:00,0.181,226.701,0
11/7/2018 23:00,0.18,226.701,0
11/8/2018 0:00,0.18,226.701,0
11/8/2018 1:00,0.18,226.701,0
11/8/2018 2:00,0.18,226.701,0
11/8/2018 3:00,0.178,226.701,0
11/8/2018 4:00,0.178,226.701,0
11/8/2018 5:00,0.178,226.701,0
11/8/2018 6:00,0.178,226.701,0
11/8/2018 7:00,0.178,226.701,0
11/8/2018 8:00,0.178,226.701,0
11/8/2018 9:00,0.177,226.701,0
11/8/2018 10:00,0.177,226.701,0
11/8/2018 11:00,0.177,226.701,0
11/8/2018 12:00,0.176,226.701,0
11/8/2018 13:00,0.176,226.701,0
11/8/2018 14:00,0.177,226.701,0
11/8/2018 15:00,0.177,226.701,0
11/8/2018 16:00,0.177,226.701,0
11/8/2018 17:00,0.178,226.701,0
11/8/2018 18:00,0.179,226.701,0
11/8/2018 19:00,0.179,226.701,0
11/8/2018 20:00,0.179,226.701,0
11/8/2018 21:00,0.179,226.701,0
11/8/2018 22:00,0.18,226.701,0
11/8/2018 23:00,0.179,226.701,0
11/9/2018 0:00,0.179,226.701,0
11/9/2018 1:00,0.179,226.701,0
11/9/2018 2:00,0.179,226.701,0
11/9/2018 3:00,0.178,226.701,0
11/9/2018 4:00,0.178,226.701,0
11/9/2018 5:00,0.178,226.701,0
11/9/2018 6:00,0.178,226.701,0
11/9/2018 7:00,0.177,226.701,0
11/9/2018 8:00,0.177,226.701,0
11/9/2018 9:00,0.177,226.701,0
11/9/2018 10:00,0.176,226.701,0
11/9/2018 11:00,0.176,226.701,0
11/9/2018 12:00,0.176,226.701,0
11/9/2018 13:00,0.175,226.701,0
11/9/2018 14:00,0.176,226.701,0
11/9/2018 15:00,0.176,226.701,0
11/9/2018 16:00,0.176,226.701,0
11/9/2018 17:00,0.176,226.701,0
11/9/2018 18:00,0.177,226.701,0
11/9/2018 19:00,0.177,226.701,0
11/9/2018 20:00,0.177,226.701,0
11/9/2018 21:00,0.178,226.701,0
11/9/2018 22:00,0.177,226.701,0
11/9/2018 23:00,0.177,226.701,0
11/10/2018 0:00,0.177,226.701,0
11/10/2018 1:00,0.176,226.701,0
11/10/2018 2:00,0.176,226.701,0
11/10/2018 3:00,0.176,226.701,0
11/10/2018 4:00,0.176,226.701,0
11/10/2018 5:00,0.176,226.701,0
11/10/2018 6:00,0.175,226.701,0
11/10/2018 7:00,0.175,226.701,0
11/10/2018 8:00,0.175,226.701,0
11/10/2018 9:00,0.175,226.701,0
11/10/2018 10:00,0.174,226.701,0
11/10/2018 11:00,0.174,226.701,0
11/10/2018 12:00,0.173,226.701,0
11/10/2018 13:00,0.173,226.701,0
11/10/2018 14:00,0.174,226.701,0
11/10/2018 15:00,0.173,226.701,0
11/10/2018 16:00,0.174,226.701,0
11/10/2018 17:00,0.175,226.701,0
11/10/2018 18:00,0.175,226.701,0
11/10/2018 19:00,0.175,226.701,0
11/10/2018 20:00,0.176,226.701,0
11/10/2018 21:00,0.176,226.701,0
11/10/2018 22:00,0.176,226.701,0
11/10/2018 23:00,0.176,226.701,0
11/11/2018 0:00,0.176,226.701,0
11/11/2018 1:00,0.176,226.701,0
11/11/2018 2:00,0.175,226.701,0
11/11/2018 3:00,0.175,226.701,0
11/11/2018 4:00,0.175,226.701,0
11/11/2018 5:00,0.175,226.701,0
11/11/2018 6:00,0.174,226.701,0
11/11/2018 7:00,0.174,226.701,0
11/11/2018 8:00,0.173,226.701,0
11/11/2018 9:00,0.173,226.701,0
11/11/2018 10:00,0.173,226.701,0
11/11/2018 11:00,0.173,226.701,0
11/11/2018 12:00,0.173,226.701,0
11/11/2018 13:00,0.173,226.701,0
11/11/2018 14:00,0.173,226.701,0
11/11/2018 15:00,0.174,226.701,0
11/11/2018 16:00,0.174,226.701,0
11/11/2018 17:00,0.175,226.701,0
11/11/2018 18:00,0.176,226.701,0
11/11/2018 19:00,0.176,226.701,0
11/11/2018 20:00,0.176,226.701,0
11/11/2018 21:00,0.176,226.701,0
11/11/2018 22:00,0.176,226.701,0
11/11/2018 23:00,0.176,226.701,0
11/12/2018 0:00,0.176,226.701,0
11/12/2018 1:00,0.176,226.701,0
11/12/2018 2:00,0.176,226.701,0
11/12/2018 3:00,0.176,226.701,0
11/12/2018 4:00,0.176,226.701,0
11/12/2018 5:00,0.176,226.701,0
11/12/2018 6:00,0.176,226.701,0
11/12/2018 7:00,0.175,226.701,0
11/12/2018 8:00,0.175,226.701,0
11/12/2018 9:00,0.174,226.701,0
11/12/2018 10:00,0.174,226.701,0
11/12/2018 11:00,0.174,226.701,0
11/12/2018 12:00,0.174,226.701,0
11/12/2018 13:00,0.174,226.701,0
11/12/2018 14:00,0.174,226.701,0
11/12/2018 15:00,0.174,226.701,0
11/12/2018 16:00,0.174,226.701,0
11/12/2018 17:00,0.175,226.701,0
11/12/2018 18:00,0.176,226.701,0
11/12/2018 19:00,0.176,226.701,0
11/12/2018 20:00,0.177,226.701,0
11/12/2018 21:00,0.177,226.701,0
11/12/2018 22:00,0.177,226.701,0
11/12/2018 23:00,0.177,226.701,0
11/13/2018 0:00,0.176,226.701,0
11/13/2018 1:00,0.176,226.701,0
11/13/2018 2:00,0.175,226.701,0
11/13/2018 3:00,0.176,226.701,0
11/13/2018 4:00,0.176,226.701,0
11/13/2018 5:00,0.175,226.701,0
11/13/2018 6:00,0.175,226.701,0
11/13/2018 7:00,0.175,226.701,0
11/13/2018 8:00,0.174,226.701,0
11/13/2018 9:00,0.174,226.701,0
11/13/2018 10:00,0.174,226.701,0
11/13/2018 11:00,0.174,226.701,0
11/13/2018 12:00,0.174,226.701,0
11/13/2018 13:00,0.175,226.701,0
11/13/2018 14:00,0.174,226.701,0
11/13/2018 15:00,0.175,226.701,0
11/13/2018 16:00,0.175,226.701,0
11/13/2018 17:00,0.176,226.701,0
11/13/2018 18:00,0.176,226.701,0
11/13/2018 19:00,0.177,226.701,0
11/13/2018 20:00,0.177,226.701,0
11/13/2018 21:00,0.177,226.701,0
11/13/2018 22:00,0.177,226.701,0
11/13/2018 23:00,0.177,226.701,0
11/14/2018 0:00,0.176,226.701,0
11/14/2018 1:00,0.176,226.701,0
11/14/2018 2:00,0.176,226.701,0
11/14/2018 3:00,0.176,226.701,0
11/14/2018 4:00,0.175,226.701,0
11/14/2018 5:00,0.175,226.701,0
11/14/2018 6:00,0.174,226.701,0
11/14/2018 7:00,0.175,226.701,0
11/14/2018 8:00,0.174,226.701,0
11/14/2018 9:00,0.174,226.701,0
11/14/2018 10:00,0.174,226.701,0
11/14/2018 11:00,0.173,226.701,0
11/14/2018 12:00,0.173,226.701,0
11/14/2018 13:00,0.173,226.701,0
11/14/2018 14:00,0.173,226.701,0
11/14/2018 15:00,0.173,226.701,0
11/14/2018 16:00,0.173,226.701,0
11/14/2018 17:00,0.174,226.701,0
11/14/2018 18:00,0.175,226.701,0
11/14/2018 19:00,0.175,226.701,0
11/14/2018 20:00,0.175,226.701,0
11/14/2018 21:00,0.175,226.701,0
11/14/2018 22:00,0.175,226.701,0
11/14/2018 23:00,0.176,226.701,0
11/15/2018 0:00,0.175,226.701,0
11/15/2018 1:00,0.175,226.701,0
11/15/2018 2:00,0.174,226.701,0
11/15/2018 3:00,0.174,226.701,0
11/15/2018 4:00,0.174,226.701,0
11/15/2018 5:00,0.174,226.701,0
11/15/2018 6:00,0.173,226.701,0
11/15/2018 7:00,0.173,226.701,0
11/15/2018 8:00,0.173,226.701,0
11/15/2018 9:00,0.173,226.701,0
11/15/2018 10:00,0.172,226.701,0
11/15/2018 11:00,0.172,226.701,0
11/15/2018 12:00,0.172,226.701,0
11/15/2018 13:00,0.172,226.701,0
11/15/2018 14:00,0.172,226.701,0
11/15/2018 15:00,0.172,226.701,0
11/15/2018 16:00,0.173,226.701,0
11/15/2018 17:00,0.174,226.701,0
11/15/2018 18:00,0.174,226.701,0
11/15/2018 19:00,0.174,226.701,0
11/15/2018 20:00,0.175,226.701,0
11/15/2018 21:00,0.175,226.701,0
11/15/2018 22:00,0.175,226.701,0
11/15/2018 23:00,0.174,226.701,0
11/16/2018 0:00,0.175,226.701,0
11/16/2018 1:00,0.174,226.701,0
11/16/2018 2:00,0.174,226.701,0
11/16/2018 3:00,0.174,226.701,0
11/16/2018 4:00,0.174,226.701,0
11/16/2018 5:00,0.174,226.701,0
11/16/2018 6:00,0.173,226.701,0
11/16/2018 7:00,0.173,226.701,0
11/16/2018 8:00,0.172,226.701,0
11/16/2018 9:00,0.172,226.701,0
11/16/2018 10:00,0.172,226.701,0
11/16/2018 11:00,0.172,226.701,0
11/16/2018 12:00,0.172,226.701,0
11/16/2018 13:00,0.172,226.701,0
11/16/2018 14:00,0.172,226.701,0
11/16/2018 15:00,0.172,226.701,0
11/16/2018 16:00,0.172,226.701,0
11/16/2018 17:00,0.173,226.701,0
11/16/2018 18:00,0.173,226.701,0
11/16/2018 19:00,0.174,226.701,0
11/16/2018 20:00,0.175,226.701,0
11/16/2018 21:00,0.175,226.701,0
11/16/2018 22:00,0.175,226.701,0
11/16/2018 23:00,0.175,226.701,0
11/17/2018 0:00,0.175,226.701,0
11/17/2018 1:00,0.174,226.701,0
11/17/2018 2:00,0.174,226.701,0
11/17/2018 3:00,0.174,226.701,0
11/17/2018 4:00,0.174,226.701,0
11/17/2018 5:00,0.174,226.701,0
11/17/2018 6:00,0.173,226.701,0
11/17/2018 7:00,0.173,226.701,0
11/17/2018 8:00,0.172,226.701,0
11/17/2018 9:00,0.173,226.701,0
11/17/2018 10:00,0.172,226.701,0
11/17/2018 11:00,0.172,226.701,0
11/17/2018 12:00,0.172,226.701,0
11/17/2018 13:00,0.172,226.701,0
11/17/2018 14:00,0.172,226.701,0
11/17/2018 15:00,0.172,226.701,0
11/17/2018 16:00,0.172,226.701,0
11/17/2018 17:00,0.173,226.701,0
11/17/2018 18:00,0.173,226.701,0
11/17/2018 19:00,0.174,226.701,0
11/17/2018 20:00,0.174,226.701,0
11/17/2018 21:00,0.174,226.701,0
11/17/2018 22:00,0.174,226.701,0
11/17/2018 23:00,0.174,226.701,0
11/18/2018 0:00,0.174,226.701,0
11/18/2018 1:00,0.173,226.701,0
11/18/2018 2:00,0.173,226.701,0
11/18/2018 3:00,0.173,226.701,0
11/18/2018 4:00,0.173,226.701,0
11/18/2018 5:00,0.172,226.701,0
11/18/2018 6:00,0.172,226.701,0
11/18/2018 7:00,0.172,226.701,0
11/18/2018 8:00,0.172,226.701,0
11/18/2018 9:00,0.171,226.701,0
11/18/2018 10:00,0.171,226.701,0
11/18/2018 11:00,0.171,226.701,0
11/18/2018 12:00,0.171,226.701,0
11/18/2018 13:00,0.17,226.701,0
11/18/2018 14:00,0.17,226.701,0
11/18/2018 15:00,0.17,226.701,0
11/18/2018 16:00,0.17,226.701,0
11/18/2018 17:00,0.171,226.701,0
11/18/2018 18:00,0.172,226.701,0
11/18/2018 19:00,0.172,226.701,0
11/18/2018 20:00,0.172,226.701,0
11/18/2018 21:00,0.172,226.701,0
11/18/2018 22:00,0.173,226.701,0
11/18/2018 23:00,0.172,226.701,0
11/19/2018 0:00,0.172,226.701,0
11/19/2018 1:00,0.172,226.701,0
11/19/2018 2:00,0.172,226.701,0
11/19/2018 3:00,0.172,226.701,0
11/19/2018 4:00,0.171,226.701,0
11/19/2018 5:00,0.171,226.701,0
11/19/2018 6:00,0.17,226.701,0
11/19/2018 7:00,0.17,226.701,0
11/19/2018 8:00,0.17,226.701,0
11/19/2018 9:00,0.17,226.701,0
11/19/2018 10:00,0.17,226.701,0
11/19/2018 11:00,0.169,226.701,0
11/19/2018 12:00,0.17,226.701,0
11/19/2018 13:00,0.17,226.701,0
11/19/2018 14:00,0.17,226.701,0
11/19/2018 15:00,0.169,226.701,0
11/19/2018 16:00,0.17,226.701,0
11/19/2018 17:00,0.171,226.701,0
11/19/2018 18:00,0.171,226.701,0
11/19/2018 19:00,0.172,226.701,0
11/19/2018 20:00,0.172,226.701,0
11/19/2018 21:00,0.172,226.701,0
11/19/2018 22:00,0.172,226.701,0
11/19/2018 23:00,0.171,226.701,0
11/20/2018 0:00,0.171,226.701,0
11/20/2018 1:00,0.172,226.701,0
11/20/2018 2:00,0.172,226.701,0
11/20/2018 3:00,0.171,226.701,0
11/20/2018 4:00,0.171,226.701,0
11/20/2018 5:00,0.171,226.701,0
11/20/2018 6:00,0.17,226.701,0
11/20/2018 7:00,0.17,226.701,0
11/20/2018 8:00,0.17,226.701,0
11/20/2018 9:00,0.17,226.701,0
11/20/2018 10:00,0.169,226.701,0
11/20/2018 11:00,0.169,226.701,0
11/20/2018 12:00,0.169,226.701,0
11/20/2018 13:00,0.17,226.701,0
11/20/2018 14:00,0.17,226.701,0
11/20/2018 15:00,0.169,226.701,0
11/20/2018 16:00,0.17,226.701,0
11/20/2018 17:00,0.171,226.701,0
11/20/2018 18:00,0.171,226.701,0
11/20/2018 19:00,0.172,226.701,0
11/20/2018 20:00,0.172,226.701,0
11/20/2018 21:00,0.172,226.701,0
11/20/2018 22:00,0.172,226.701,0
11/20/2018 23:00,0.172,226.701,0
11/21/2018 0:00,0.172,226.701,0
11/21/2018 1:00,0.172,226.701,0
11/21/2018 2:00,0.172,226.701,0
11/21/2018 3:00,0.172,226.701,0
11/21/2018 4:00,0.172,226.701,0
11/21/2018 5:00,0.172,226.701,0
11/21/2018 6:00,0.172,226.701,0
11/21/2018 7:00,0.172,226.929,2.28
11/21/2018 8:00,0.172,226.98,0.51
11/21/2018 9:00,0.172,226.98,0
11/21/2018 10:00,0.172,226.98,0
11/21/2018 11:00,0.172,227.005,0.25
11/21/2018 12:00,0.172,227.107,1.02
11/21/2018 13:00,0.173,227.107,0
11/21/2018 14:00,0.173,227.564,4.57
11/21/2018 15:00,0.173,227.92,3.56
11/21/2018 16:00,0.173,227.971,0.51
11/21/2018 17:00,0.174,228.123,1.52
11/21/2018 18:00,0.174,228.123,0
11/21/2018 19:00,0.174,228.123,0
11/21/2018 20:00,0.174,228.123,0
11/21/2018 21:00,0.174,228.199,0.76
11/21/2018 22:00,0.175,228.529,3.3
11/21/2018 23:00,0.175,228.656,1.27
11/22/2018 0:00,0.176,228.91,2.54
11/22/2018 1:00,0.178,228.961,0.51
11/22/2018 2:00,0.18,229.164,2.03
11/22/2018 3:00,0.196,229.241,0.77
11/22/2018 4:00,0.205,229.241,0
11/22/2018 5:00,0.211,229.266,0.25
11/22/2018 6:00,0.216,229.266,0
11/22/2018 7:00,0.223,229.266,0
11/22/2018 8:00,0.23,229.266,0
11/22/2018 9:00,0.236,229.266,0
11/22/2018 10:00,0.242,229.291,0.25
11/22/2018 11:00,0.248,229.291,0
11/22/2018 12:00,0.253,229.291,0
11/22/2018 13:00,0.257,229.469,1.78
11/22/2018 14:00,0.26,229.647,1.78
11/22/2018 15:00,0.336,230.28,6.33
11/22/2018 16:00,0.396,230.87,5.9
11/22/2018 17:00,0.404,231.45,5.8
11/22/2018 18:00,0.406,231.86,4.1
11/22/2018 19:00,0.4,231.88,0.2
11/22/2018 20:00,0.392,231.88,0
11/22/2018 21:00,0.389,231.88,0
11/22/2018 22:00,0.385,231.88,0
11/22/2018 23:00,0.382,231.88,0
11/23/2018 0:00,0.38,231.88,0
11/23/2018 1:00,0.375,231.88,0
11/23/2018 2:00,0.373,231.88,0
11/23/2018 3:00,0.371,231.98,1
11/23/2018 4:00,0.371,232.09,1.1
11/23/2018 5:00,0.371,232.21,1.2
11/23/2018 6:00,0.373,232.26,0.5
11/23/2018 7:00,0.374,232.36,1
11/23/2018 8:00,0.379,232.59,2.3
11/23/2018 9:00,0.393,232.75,1.6
11/23/2018 10:00,0.406,233.23,4.8
11/23/2018 11:00,0.408,233.89,6.6
11/23/2018 12:00,0.41,234.75,8.6
11/23/2018 13:00,0.411,235.64,8.9
11/23/2018 14:00,0.409,235.97,3.3
11/23/2018 15:00,0.41,236.71,7.4
11/23/2018 16:00,0.408,237.24,5.3
11/23/2018 17:00,0.409,237.57,3.3
11/23/2018 18:00,0.41,238.05,4.8
11/23/2018 19:00,0.404,238.13,0.8
11/23/2018 20:00,0.399,238.26,1.3
11/23/2018 21:00,0.401,238.44,1.8
11/23/2018 22:00,0.4,238.49,0.5
11/23/2018 23:00,0.398,238.49,0
11/24/2018 0:00,0.395,238.51,0.2
11/24/2018 1:00,0.394,238.51,0
11/24/2018 2:00,0.392,238.54,0.3
11/24/2018 3:00,0.392,238.56,0.2
11/24/2018 4:00,0.391,238.56,0
11/24/2018 5:00,0.391,238.56,0
11/24/2018 6:00,0.39,238.56,0
11/24/2018 7:00,0.39,238.59,0.3
11/24/2018 8:00,0.389,238.59,0
11/24/2018 9:00,0.388,238.59,0
11/24/2018 10:00,0.388,238.59,0
11/24/2018 11:00,0.387,238.59,0
11/24/2018 12:00,0.387,238.59,0
11/24/2018 13:00,0.386,238.59,0
11/24/2018 14:00,0.386,238.59,0
11/24/2018 15:00,0.386,238.59,0
11/24/2018 16:00,0.386,238.59,0
11/24/2018 17:00,0.386,238.59,0
11/24/2018 18:00,0.386,238.59,0
11/24/2018 19:00,0.386,238.59,0
11/24/2018 20:00,0.386,238.59,0
11/24/2018 21:00,0.385,238.59,0
11/24/2018 22:00,0.385,238.59,0
11/24/2018 23:00,0.384,238.59,0
11/25/2018 0:00,0.384,238.59,0
11/25/2018 1:00,0.384,238.59,0
11/25/2018 2:00,0.383,238.59,0
11/25/2018 3:00,0.383,238.59,0
11/25/2018 4:00,0.382,238.59,0
11/25/2018 5:00,0.382,238.59,0
11/25/2018 6:00,0.381,238.59,0
11/25/2018 7:00,0.38,238.59,0
11/25/2018 8:00,0.38,238.59,0
11/25/2018 9:00,0.38,238.59,0
11/25/2018 10:00,0.379,238.59,0
11/25/2018 11:00,0.379,238.59,0
11/25/2018 12:00,0.379,238.59,0
11/25/2018 13:00,0.379,238.59,0
11/25/2018 14:00,0.378,238.59,0
11/25/2018 15:00,0.378,238.59,0
11/25/2018 16:00,0.379,238.59,0
11/25/2018 17:00,0.379,238.59,0
11/25/2018 18:00,0.379,238.59,0
11/25/2018 19:00,0.379,238.59,0
11/25/2018 20:00,0.379,238.59,0
11/25/2018 21:00,0.379,238.59,0
11/25/2018 22:00,0.379,238.59,0
11/25/2018 23:00,0.379,238.59,0
11/26/2018 0:00,0.379,238.59,0
11/26/2018 1:00,0.378,238.59,0
11/26/2018 2:00,0.378,238.59,0
11/26/2018 3:00,0.378,238.59,0
11/26/2018 4:00,0.377,238.59,0
11/26/2018 5:00,0.377,238.59,0
11/26/2018 6:00,0.377,238.59,0
11/26/2018 7:00,0.376,238.59,0
11/26/2018 8:00,0.375,238.59,0
11/26/2018 9:00,0.375,238.59,0
11/26/2018 10:00,0.375,238.59,0
11/26/2018 11:00,0.375,238.59,0
11/26/2018 12:00,0.375,238.59,0
11/26/2018 13:00,0.375,238.59,0
11/26/2018 14:00,0.376,238.59,0
11/26/2018 15:00,0.376,238.59,0
11/26/2018 16:00,0.376,238.59,0
11/26/2018 17:00,0.376,238.59,0
11/26/2018 18:00,0.377,238.59,0
11/26/2018 19:00,0.377,238.59,0
11/26/2018 20:00,0.377,238.59,0
11/26/2018 21:00,0.377,238.59,0
11/26/2018 22:00,0.377,238.59,0
11/26/2018 23:00,0.377,238.59,0
11/27/2018 0:00,0.376,238.59,0
11/27/2018 1:00,0.376,238.59,0
11/27/2018 2:00,0.377,238.59,0
11/27/2018 3:00,0.376,238.59,0
11/27/2018 4:00,0.376,238.59,0
11/27/2018 5:00,0.376,238.59,0
11/27/2018 6:00,0.375,238.64,0.5
11/27/2018 7:00,0.375,238.69,0.5
11/27/2018 8:00,0.376,238.92,2.3
11/27/2018 9:00,0.411,239.76,8.4
11/27/2018 10:00,0.417,240.72,9.6
11/27/2018 11:00,0.417,241.31,5.9
11/27/2018 12:00,0.434,241.46,1.5
11/27/2018 13:00,0.425,241.56,1
11/27/2018 14:00,0.425,241.66,1
11/27/2018 15:00,0.429,241.84,1.8
11/27/2018 16:00,0.434,241.94,1
11/27/2018 17:00,0.434,241.94,0
11/27/2018 18:00,0.425,241.94,0
11/27/2018 19:00,0.421,241.97,0.3
11/27/2018 20:00,0.418,241.97,0
11/27/2018 21:00,0.416,241.97,0
11/27/2018 22:00,0.414,241.97,0
11/27/2018 23:00,0.413,241.97,0
11/28/2018 0:00,0.412,241.97,0
11/28/2018 1:00,0.411,241.97,0
11/28/2018 2:00,0.41,241.97,0
11/28/2018 3:00,0.41,241.97,0
11/28/2018 4:00,0.409,241.97,0
11/28/2018 5:00,0.408,241.97,0
11/28/2018 6:00,0.408,241.97,0
11/28/2018 7:00,0.407,241.97,0
11/28/2018 8:00,0.407,241.99,0.2
11/28/2018 9:00,0.407,242.27,2.8
11/28/2018 10:00,0.421,242.63,3.6
11/28/2018 11:00,0.431,242.86,2.3
11/28/2018 12:00,0.432,242.91,0.5
11/28/2018 13:00,0.431,242.91,0
11/28/2018 14:00,0.431,242.91,0
11/28/2018 15:00,0.431,242.98,0.7
11/28/2018 16:00,0.431,242.98,0
11/28/2018 17:00,0.428,242.98,0
11/28/2018 18:00,0.425,242.98,0
11/28/2018 19:00,0.423,242.98,0
11/28/2018 20:00,0.421,242.98,0
11/28/2018 21:00,0.42,242.98,0
11/28/2018 22:00,0.419,242.98,0
11/28/2018 23:00,0.418,242.98,0
11/29/2018 0:00,0.424,243.36,3.8
11/29/2018 1:00,0.434,244.46,11
11/29/2018 2:00,0.433,245.37,9.1
11/29/2018 3:00,0.433,245.95,5.8
11/29/2018 4:00,0.433,246.16,2.1
11/29/2018 5:00,0.432,246.18,0.2
11/29/2018 6:00,0.432,246.21,0.3
11/29/2018 7:00,0.432,246.41,2
11/29/2018 8:00,0.432,246.49,0.8
11/29/2018 9:00,0.432,246.49,0
11/29/2018 10:00,0.432,246.49,0
11/29/2018 11:00,0.432,246.49,0
11/29/2018 12:00,0.432,246.49,0
11/29/2018 13:00,0.432,246.49,0
11/29/2018 14:00,0.432,246.49,0
11/29/2018 15:00,0.432,246.67,1.8
11/29/2018 16:00,0.432,246.69,0.2
11/29/2018 17:00,0.432,246.69,0
11/29/2018 18:00,0.432,246.69,0
11/29/2018 19:00,0.433,246.72,0.3
11/29/2018 20:00,0.433,246.72,0
11/29/2018 21:00,0.433,246.74,0.2
11/29/2018 22:00,0.433,246.74,0
11/29/2018 23:00,0.433,246.74,0
11/30/2018 0:00,0.432,246.74,0
11/30/2018 1:00,0.433,246.74,0
11/30/2018 2:00,0.429,246.74,0
11/30/2018 3:00,0.427,246.74,0
11/30/2018 4:00,0.425,246.74,0
11/30/2018 5:00,0.424,246.74,0
11/30/2018 6:00,0.421,246.74,0
11/30/2018 7:00,0.42,246.74,0
11/30/2018 8:00,0.419,246.74,0
11/30/2018 9:00,0.418,246.74,0
11/30/2018 10:00,0.417,246.79,0.5
11/30/2018 11:00,0.417,246.82,0.3
11/30/2018 12:00,0.418,246.87,0.5
11/30/2018 13:00,0.418,246.87,0
11/30/2018 14:00,0.418,246.87,0
11/30/2018 15:00,0.417,246.87,0
11/30/2018 16:00,0.417,246.87,0
11/30/2018 17:00,0.417,246.87,0
11/30/2018 18:00,0.419,246.97,1
11/30/2018 19:00,0.418,246.97,0
11/30/2018 20:00,0.417,247,0.3
11/30/2018 21:00,0.427,247.38,3.8
11/30/2018 22:00,0.433,247.38,0
11/30/2018 23:00,0.433,247.38,0
12/1/2018 0:00,0.433,247.4,0.2
12/1/2018 1:00,0.433,247.4,0
12/1/2018 2:00,0.433,247.5,1
12/1/2018 3:00,0.433,247.78,2.8
12/1/2018 4:00,0.433,248.04,2.6
12/1/2018 5:00,0.433,248.04,0
12/1/2018 6:00,0.433,248.47,4.3
12/1/2018 7:00,0.433,248.47,0
12/1/2018 8:00,0.432,248.62,1.5
12/1/2018 9:00,0.433,248.9,2.8
12/1/2018 10:00,0.432,249.03,1.3
12/1/2018 11:00,0.432,249.1,0.7
12/1/2018 12:00,0.432,249.15,0.5
12/1/2018 13:00,0.433,249.21,0.6
12/1/2018 14:00,0.433,249.38,1.7
12/1/2018 15:00,0.433,249.41,0.3
12/1/2018 16:00,0.433,249.43,0.2
12/1/2018 17:00,0.433,249.51,0.8
12/1/2018 18:00,0.433,249.51,0
12/1/2018 19:00,0.433,249.51,0
12/1/2018 20:00,0.433,249.51,0
12/1/2018 21:00,0.432,249.51,0
12/1/2018 22:00,0.432,249.51,0
12/1/2018 23:00,0.433,249.51,0
12/2/2018 0:00,0.433,249.54,0.3
12/2/2018 1:00,0.432,249.54,0
12/2/2018 2:00,0.432,249.54,0
12/2/2018 3:00,0.432,249.54,0
12/2/2018 4:00,0.432,249.54,0
12/2/2018 5:00,0.432,249.54,0
12/2/2018 6:00,0.431,249.54,0
12/2/2018 7:00,0.431,249.54,0
12/2/2018 8:00,0.431,249.54,0
12/2/2018 9:00,0.431,249.54,0
12/2/2018 10:00,0.431,249.54,0
12/2/2018 11:00,0.429,249.54,0
12/2/2018 12:00,0.428,249.54,0
12/2/2018 13:00,0.425,249.54,0
12/2/2018 14:00,0.424,249.54,0
12/2/2018 15:00,0.423,249.54,0
12/2/2018 16:00,0.423,249.54,0
12/2/2018 17:00,0.422,249.54,0
12/2/2018 18:00,0.421,249.54,0
12/2/2018 19:00,0.421,249.54,0
12/2/2018 20:00,0.42,249.54,0
12/2/2018 21:00,0.419,249.54,0
12/2/2018 22:00,0.418,249.54,0
12/2/2018 23:00,0.417,249.54,0
12/3/2018 0:00,0.417,249.54,0
12/3/2018 1:00,0.416,249.54,0
12/3/2018 2:00,0.415,249.54,0
12/3/2018 3:00,0.414,249.54,0
12/3/2018 4:00,0.414,249.54,0
12/3/2018 5:00,0.413,249.54,0
12/3/2018 6:00,0.412,249.54,0
12/3/2018 7:00,0.412,249.54,0
12/3/2018 8:00,0.411,249.54,0
12/3/2018 9:00,0.411,249.54,0
12/3/2018 10:00,0.41,249.54,0
12/3/2018 11:00,0.41,249.54,0
12/3/2018 12:00,0.41,249.54,0
12/3/2018 13:00,0.41,249.54,0
12/3/2018 14:00,0.41,249.54,0
12/3/2018 15:00,0.411,249.54,0
12/3/2018 16:00,0.411,249.54,0
12/3/2018 17:00,0.411,249.54,0
12/3/2018 18:00,0.411,249.54,0
12/3/2018 19:00,0.411,249.54,0
12/3/2018 20:00,0.41,249.54,0
12/3/2018 21:00,0.41,249.54,0
12/3/2018 22:00,0.41,249.54,0
12/3/2018 23:00,0.41,249.54,0
12/4/2018 0:00,0.41,249.54,0
12/4/2018 1:00,0.409,249.54,0
12/4/2018 2:00,0.409,249.54,0
12/4/2018 3:00,0.409,249.54,0
12/4/2018 4:00,0.408,249.54,0
12/4/2018 5:00,0.408,249.54,0
12/4/2018 6:00,0.408,249.54,0
12/4/2018 7:00,0.408,249.54,0
12/4/2018 8:00,0.408,249.54,0
12/4/2018 9:00,0.408,249.54,0
12/4/2018 10:00,0.408,249.54,0
12/4/2018 11:00,0.408,249.54,0
12/4/2018 12:00,0.407,249.54,0
12/4/2018 13:00,0.407,249.54,0
12/4/2018 14:00,0.407,249.54,0
12/4/2018 15:00,0.408,249.54,0
12/4/2018 16:00,0.408,249.54,0
12/4/2018 17:00,0.408,249.54,0
12/4/2018 18:00,0.408,249.54,0
12/4/2018 19:00,0.408,249.54,0
12/4/2018 20:00,0.408,249.54,0
12/4/2018 21:00,0.408,249.54,0
12/4/2018 22:00,0.408,249.54,0
12/4/2018 23:00,0.408,249.54,0
12/5/2018 0:00,0.408,249.54,0
12/5/2018 1:00,0.408,249.54,0
12/5/2018 2:00,0.408,249.54,0
12/5/2018 3:00,0.408,249.54,0
12/5/2018 4:00,0.407,249.54,0
12/5/2018 5:00,0.408,249.54,0
12/5/2018 6:00,0.407,249.54,0
12/5/2018 7:00,0.407,249.54,0
12/5/2018 8:00,0.407,249.54,0
12/5/2018 9:00,0.407,249.54,0
12/5/2018 10:00,0.407,249.54,0
12/5/2018 11:00,0.407,249.54,0
12/5/2018 12:00,0.406,249.54,0
12/5/2018 13:00,0.407,249.54,0
12/5/2018 14:00,0.407,249.54,0
12/5/2018 15:00,0.407,249.54,0
12/5/2018 16:00,0.407,249.54,0
12/5/2018 17:00,0.408,249.54,0
12/5/2018 18:00,0.407,249.54,0
12/5/2018 19:00,0.408,249.54,0
12/5/2018 20:00,0.408,249.54,0
12/5/2018 21:00,0.408,249.54,0
12/5/2018 22:00,0.408,249.54,0
12/5/2018 23:00,0.408,249.54,0
12/6/2018 0:00,0.408,249.54,0
12/6/2018 1:00,0.407,249.54,0
12/6/2018 2:00,0.406,249.54,0
12/6/2018 3:00,0.407,249.54,0
12/6/2018 4:00,0.406,249.54,0
12/6/2018 5:00,0.406,249.54,0
12/6/2018 6:00,0.406,249.54,0
12/6/2018 7:00,0.405,249.54,0
12/6/2018 8:00,0.405,249.54,0
12/6/2018 9:00,0.405,249.54,0
12/6/2018 10:00,0.404,249.54,0
12/6/2018 11:00,0.404,249.54,0
12/6/2018 12:00,0.404,249.54,0
12/6/2018 13:00,0.404,249.54,0
12/6/2018 14:00,0.403,249.54,0
12/6/2018 15:00,0.404,249.54,0
12/6/2018 16:00,0.404,249.54,0
12/6/2018 17:00,0.404,249.54,0
12/6/2018 18:00,0.404,249.54,0
12/6/2018 19:00,0.404,249.54,0
12/6/2018 20:00,0.404,249.54,0
12/6/2018 21:00,0.404,249.54,0
12/6/2018 22:00,0.404,249.54,0
12/6/2018 23:00,0.403,249.54,0
12/7/2018 0:00,0.403,249.54,0
12/7/2018 1:00,0.403,249.54,0
12/7/2018 2:00,0.403,249.54,0
12/7/2018 3:00,0.403,249.54,0
12/7/2018 4:00,0.402,249.54,0
12/7/2018 5:00,0.402,249.54,0
12/7/2018 6:00,0.402,249.54,0
12/7/2018 7:00,0.402,249.54,0
12/7/2018 8:00,0.401,249.54,0
12/7/2018 9:00,0.401,249.54,0
12/7/2018 10:00,0.401,249.54,0
12/7/2018 11:00,0.401,249.54,0
12/7/2018 12:00,0.4,249.54,0
12/7/2018 13:00,0.401,249.54,0
12/7/2018 14:00,0.401,249.54,0
12/7/2018 15:00,0.4,249.54,0
12/7/2018 16:00,0.401,249.54,0
12/7/2018 17:00,0.401,249.54,0
12/7/2018 18:00,0.401,249.54,0
12/7/2018 19:00,0.401,249.54,0
12/7/2018 20:00,0.402,249.54,0
12/7/2018 21:00,0.402,249.54,0
12/7/2018 22:00,0.402,249.54,0
12/7/2018 23:00,0.402,249.54,0
12/8/2018 0:00,0.402,249.54,0
12/8/2018 1:00,0.402,249.54,0
12/8/2018 2:00,0.402,249.54,0
12/8/2018 3:00,0.402,249.54,0
12/8/2018 4:00,0.402,249.54,0
12/8/2018 5:00,0.402,249.54,0
12/8/2018 6:00,0.402,249.54,0
12/8/2018 7:00,0.402,249.54,0
12/8/2018 8:00,0.402,249.54,0
12/8/2018 9:00,0.394,249.54,0
12/8/2018 10:00,0.394,249.54,0
12/8/2018 11:00,0.394,249.54,0
12/8/2018 12:00,0.394,249.54,0
12/8/2018 13:00,0.394,249.54,0
12/8/2018 14:00,0.395,249.54,0
12/8/2018 15:00,0.395,249.54,0
12/8/2018 16:00,0.395,249.54,0
12/8/2018 17:00,0.396,249.54,0
12/8/2018 18:00,0.396,249.54,0
12/8/2018 19:00,0.396,249.54,0
12/8/2018 20:00,0.396,249.54,0
12/8/2018 21:00,0.396,249.54,0
12/8/2018 22:00,0.396,249.54,0
12/8/2018 23:00,0.396,249.54,0
12/9/2018 0:00,0.396,249.54,0
12/9/2018 1:00,0.396,249.54,0
12/9/2018 2:00,0.395,249.54,0
12/9/2018 3:00,0.395,249.54,0
12/9/2018 4:00,0.395,249.54,0
12/9/2018 5:00,0.394,249.54,0
12/9/2018 6:00,0.394,249.54,0
12/9/2018 7:00,0.394,249.54,0
12/9/2018 8:00,0.394,249.54,0
12/9/2018 9:00,0.393,249.54,0
12/9/2018 10:00,0.393,249.54,0
12/9/2018 11:00,0.393,249.54,0
12/9/2018 12:00,0.393,249.54,0
12/9/2018 13:00,0.393,249.54,0
12/9/2018 14:00,0.393,249.54,0
12/9/2018 15:00,0.393,249.54,0
12/9/2018 16:00,0.393,249.54,0
12/9/2018 17:00,0.393,249.54,0
12/9/2018 18:00,0.393,249.59,0.5
12/9/2018 19:00,0.395,249.81,2.2
12/9/2018 20:00,0.4,249.94,1.3
12/9/2018 21:00,0.402,249.97,0.3
12/9/2018 22:00,0.403,250.09,1.2
12/9/2018 23:00,0.41,250.3,2.1
12/10/2018 0:00,0.412,250.37,0.7
12/10/2018 1:00,0.411,250.37,0
12/10/2018 2:00,0.416,250.6,2.3
12/10/2018 3:00,0.415,250.73,1.3
12/10/2018 4:00,0.414,250.73,0
12/10/2018 5:00,0.414,250.73,0
12/10/2018 6:00,0.414,250.73,0
12/10/2018 7:00,0.414,250.73,0
12/10/2018 8:00,0.414,250.73,0
12/10/2018 9:00,0.414,250.73,0
12/10/2018 10:00,0.413,250.73,0
12/10/2018 11:00,0.412,250.73,0
12/10/2018 12:00,0.412,250.73,0
12/10/2018 13:00,0.412,250.73,0
12/10/2018 14:00,0.411,250.73,0
12/10/2018 15:00,0.411,250.73,0
12/10/2018 16:00,0.41,250.73,0
12/10/2018 17:00,0.41,250.73,0
12/10/2018 18:00,0.41,250.73,0
12/10/2018 19:00,0.41,250.73,0
12/10/2018 20:00,0.41,250.73,0
12/10/2018 21:00,0.409,250.73,0
12/10/2018 22:00,0.409,250.73,0
12/10/2018 23:00,0.408,250.73,0
12/11/2018 0:00,0.408,250.73,0
12/11/2018 1:00,0.407,250.73,0
12/11/2018 2:00,0.407,250.73,0
12/11/2018 3:00,0.406,250.73,0
12/11/2018 4:00,0.405,250.75,0.2
12/11/2018 5:00,0.405,250.75,0
12/11/2018 6:00,0.404,250.75,0
12/11/2018 7:00,0.404,250.75,0
12/11/2018 8:00,0.404,250.75,0
12/11/2018 9:00,0.403,250.75,0
12/11/2018 10:00,0.402,250.75,0
12/11/2018 11:00,0.402,250.75,0
12/11/2018 12:00,0.402,250.75,0
12/11/2018 13:00,0.402,250.75,0
12/11/2018 14:00,0.402,250.75,0
12/11/2018 15:00,0.402,250.75,0
12/11/2018 16:00,0.402,250.75,0
12/11/2018 17:00,0.402,250.75,0
12/11/2018 18:00,0.402,250.78,0.3
12/11/2018 19:00,0.403,250.81,0.3
12/11/2018 20:00,0.404,250.86,0.5
12/11/2018 21:00,0.404,250.88,0.2
12/11/2018 22:00,0.405,250.93,0.5
12/11/2018 23:00,0.406,250.98,0.5
12/12/2018 0:00,0.406,251.03,0.5
12/12/2018 1:00,0.406,251.03,0
12/12/2018 2:00,0.406,251.03,0
12/12/2018 3:00,0.406,251.03,0
12/12/2018 4:00,0.405,251.03,0
12/12/2018 5:00,0.405,251.03,0
12/12/2018 6:00,0.405,251.03,0
12/12/2018 7:00,0.405,251.03,0
12/12/2018 8:00,0.404,251.03,0
12/12/2018 9:00,0.404,251.03,0
12/12/2018 10:00,0.404,251.03,0
12/12/2018 11:00,0.403,251.03,0
12/12/2018 12:00,0.403,251.03,0
12/12/2018 13:00,0.403,251.03,0
12/12/2018 14:00,0.403,251.03,0
12/12/2018 15:00,0.403,251.03,0
12/12/2018 16:00,0.403,251.03,0
12/12/2018 17:00,0.403,251.03,0
12/12/2018 18:00,0.403,251.03,0
12/12/2018 19:00,0.403,251.03,0
12/12/2018 20:00,0.402,251.03,0
12/12/2018 21:00,0.402,251.03,0
12/12/2018 22:00,0.403,251.03,0
12/12/2018 23:00,0.402,251.03,0
12/13/2018 0:00,0.402,251.03,0
12/13/2018 1:00,0.402,251.03,0
12/13/2018 2:00,0.402,251.03,0
12/13/2018 3:00,0.401,251.03,0
12/13/2018 4:00,0.401,251.03,0
12/13/2018 5:00,0.4,251.03,0
12/13/2018 6:00,0.4,251.03,0
12/13/2018 7:00,0.4,251.03,0
12/13/2018 8:00,0.399,251.03,0
12/13/2018 9:00,0.399,251.03,0
12/13/2018 10:00,0.398,251.03,0
12/13/2018 11:00,0.398,251.03,0
12/13/2018 12:00,0.398,251.03,0
12/13/2018 13:00,0.398,251.03,0
12/13/2018 14:00,0.398,251.03,0
12/13/2018 15:00,0.398,251.03,0
12/13/2018 16:00,0.398,251.03,0
12/13/2018 17:00,0.398,251.03,0
12/13/2018 18:00,0.398,251.03,0
12/13/2018 19:00,0.398,251.03,0
12/13/2018 20:00,0.399,251.03,0
12/13/2018 21:00,0.398,251.03,0
12/13/2018 22:00,0.398,251.03,0
12/13/2018 23:00,0.398,251.03,0
12/14/2018 0:00,0.398,251.03,0
12/14/2018 1:00,0.398,251.03,0
12/14/2018 2:00,0.398,251.03,0
12/14/2018 3:00,0.398,251.03,0
12/14/2018 4:00,0.398,251.03,0
12/14/2018 5:00,0.397,251.03,0
12/14/2018 6:00,0.397,251.03,0
12/14/2018 7:00,0.397,251.03,0
12/14/2018 8:00,0.397,251.03,0
12/14/2018 9:00,0.397,251.03,0
12/14/2018 10:00,0.397,251.03,0
12/14/2018 11:00,0.397,251.03,0
12/14/2018 12:00,0.397,251.03,0
12/14/2018 13:00,0.398,251.24,2.1
12/14/2018 14:00,0.415,252.02,7.8
12/14/2018 15:00,0.424,252.48,4.6
12/14/2018 16:00,0.425,252.68,2
12/14/2018 17:00,0.425,252.68,0
12/14/2018 18:00,0.425,252.68,0
12/14/2018 19:00,0.425,252.68,0
12/14/2018 20:00,0.425,252.68,0
12/14/2018 21:00,0.425,252.68,0
12/14/2018 22:00,0.425,252.71,0.3
12/14/2018 23:00,0.425,252.71,0
12/15/2018 0:00,0.424,252.71,0
12/15/2018 1:00,0.424,252.71,0
12/15/2018 2:00,0.425,252.71,0
12/15/2018 3:00,0.424,252.71,0
12/15/2018 4:00,0.424,252.71,0
12/15/2018 5:00,0.424,252.71,0
12/15/2018 6:00,0.424,252.71,0
12/15/2018 7:00,0.423,252.71,0
12/15/2018 8:00,0.423,252.71,0
12/15/2018 9:00,0.423,252.71,0
12/15/2018 10:00,0.423,252.71,0
12/15/2018 11:00,0.421,252.71,0
12/15/2018 12:00,0.42,252.71,0
12/15/2018 13:00,0.42,252.71,0
12/15/2018 14:00,0.419,252.71,0
12/15/2018 15:00,0.416,252.71,0
12/15/2018 16:00,0.417,252.71,0
12/15/2018 17:00,0.417,252.71,0
12/15/2018 18:00,0.417,252.71,0
12/15/2018 19:00,0.417,252.71,0
12/15/2018 20:00,0.417,252.71,0
12/15/2018 21:00,0.417,252.71,0
12/15/2018 22:00,0.417,252.76,0.5
12/15/2018 23:00,0.418,252.76,0
12/16/2018 0:00,0.418,252.76,0
12/16/2018 1:00,0.417,252.76,0
12/16/2018 2:00,0.418,252.79,0.3
12/16/2018 3:00,0.419,252.81,0.2
12/16/2018 4:00,0.419,252.84,0.3
12/16/2018 5:00,0.419,252.84,0
12/16/2018 6:00,0.423,253.02,1.8
12/16/2018 7:00,0.425,253.02,0
12/16/2018 8:00,0.425,253.02,0
12/16/2018 9:00,0.425,253.02,0
12/16/2018 10:00,0.426,253.04,0.2
12/16/2018 11:00,0.426,253.04,0
12/16/2018 12:00,0.426,253.12,0.8
12/16/2018 13:00,0.427,253.52,4
12/16/2018 14:00,0.427,253.83,3.1
12/16/2018 15:00,0.427,255.43,16
12/16/2018 16:00,0.428,255.68,2.5
12/16/2018 17:00,0.428,255.73,0.5
12/16/2018 18:00,0.428,255.73,0
12/16/2018 19:00,0.428,255.73,0
12/16/2018 20:00,0.428,255.73,0
12/16/2018 21:00,0.428,255.73,0
12/16/2018 22:00,0.428,255.73,0
12/16/2018 23:00,0.428,255.73,0
12/17/2018 0:00,0.428,255.73,0
12/17/2018 1:00,0.428,255.73,0
12/17/2018 2:00,0.428,255.78,0.5
12/17/2018 3:00,0.428,255.78,0
12/17/2018 4:00,0.428,255.78,0
12/17/2018 5:00,0.427,255.78,0
12/17/2018 6:00,0.427,255.78,0
12/17/2018 7:00,0.427,255.86,0.8
12/17/2018 8:00,0.427,255.94,0.8
12/17/2018 9:00,0.427,255.94,0
12/17/2018 10:00,0.427,255.94,0
12/17/2018 11:00,0.427,255.94,0
12/17/2018 12:00,0.428,255.94,0
12/17/2018 13:00,0.427,255.94,0
12/17/2018 14:00,0.428,255.94,0
12/17/2018 15:00,0.427,255.94,0
12/17/2018 16:00,0.428,255.94,0
12/17/2018 17:00,0.428,255.94,0
12/17/2018 18:00,0.428,255.94,0
12/17/2018 19:00,0.429,255.96,0.2
12/17/2018 20:00,0.428,255.96,0
12/17/2018 21:00,0.429,255.96,0
12/17/2018 22:00,0.429,255.96,0
12/17/2018 23:00,0.429,255.96,0
12/18/2018 0:00,0.429,255.96,0
12/18/2018 1:00,0.429,255.96,0
12/18/2018 2:00,0.429,255.96,0
12/18/2018 3:00,0.428,255.96,0
12/18/2018 4:00,0.429,255.96,0
12/18/2018 5:00,0.429,255.96,0
12/18/2018 6:00,0.429,255.96,0
12/18/2018 7:00,0.428,255.96,0
12/18/2018 8:00,0.428,255.99,0.3
12/18/2018 9:00,0.428,256.01,0.2
12/18/2018 10:00,0.429,256.01,0
12/18/2018 11:00,0.429,256.04,0.3
12/18/2018 12:00,0.428,256.04,0
12/18/2018 13:00,0.429,256.16,1.2
12/18/2018 14:00,0.429,256.34,1.8
12/18/2018 15:00,0.429,256.8,4.6
12/18/2018 16:00,0.43,257.23,4.3
12/18/2018 17:00,0.43,257.54,3.1
12/18/2018 18:00,0.43,257.82,2.8
12/18/2018 19:00,0.431,257.92,1
12/18/2018 20:00,0.431,257.99,0.7
12/18/2018 21:00,0.431,258.02,0.3
12/18/2018 22:00,0.431,258.04,0.2
12/18/2018 23:00,0.431,258.04,0
12/19/2018 0:00,0.431,258.04,0
12/19/2018 1:00,0.431,258.04,0
12/19/2018 2:00,0.431,258.04,0
12/19/2018 3:00,0.431,258.04,0
12/19/2018 4:00,0.431,258.04,0
12/19/2018 5:00,0.431,258.04,0
12/19/2018 6:00,0.431,258.04,0
12/19/2018 7:00,0.431,258.04,0
12/19/2018 8:00,0.43,258.04,0
12/19/2018 9:00,0.43,258.04,0
12/19/2018 10:00,0.43,258.04,0
12/19/2018 11:00,0.43,258.04,0
12/19/2018 12:00,0.43,258.04,0
12/19/2018 13:00,0.43,258.04,0
12/19/2018 14:00,0.43,258.04,0
12/19/2018 15:00,0.43,258.04,0
12/19/2018 16:00,0.431,258.04,0
12/19/2018 17:00,0.43,258.04,0
12/19/2018 18:00,0.431,258.04,0
12/19/2018 19:00,0.431,258.04,0
12/19/2018 20:00,0.431,258.04,0
12/19/2018 21:00,0.431,258.04,0
12/19/2018 22:00,0.431,258.04,0
12/19/2018 23:00,0.431,258.04,0
12/20/2018 0:00,0.431,258.04,0
12/20/2018 1:00,0.43,258.07,0.3
12/20/2018 2:00,0.43,258.07,0
12/20/2018 3:00,0.43,258.07,0
12/20/2018 4:00,0.43,258.07,0
12/20/2018 5:00,0.429,258.07,0
12/20/2018 6:00,0.429,258.07,0
12/20/2018 7:00,0.429,258.07,0
12/20/2018 8:00,0.429,258.07,0
12/20/2018 9:00,0.429,258.07,0
12/20/2018 10:00,0.429,258.07,0
12/20/2018 11:00,0.429,258.07,0
12/20/2018 12:00,0.429,258.07,0
12/20/2018 13:00,0.429,258.07,0
12/20/2018 14:00,0.43,258.07,0
12/20/2018 15:00,0.43,258.07,0
12/20/2018 16:00,0.43,258.07,0
12/20/2018 17:00,0.43,258.48,4.1
12/20/2018 18:00,0.431,258.73,2.5
12/20/2018 19:00,0.432,258.93,2
12/20/2018 20:00,0.432,259.26,3.3
12/20/2018 21:00,0.432,259.92,6.6
12/20/2018 22:00,0.432,260.05,1.3
12/20/2018 23:00,0.432,260.08,0.3
12/21/2018 0:00,0.432,260.13,0.5
12/21/2018 1:00,0.432,260.13,0
12/21/2018 2:00,0.432,260.13,0
12/21/2018 3:00,0.432,260.13,0
12/21/2018 4:00,0.431,260.18,0.5
12/21/2018 5:00,0.431,260.18,0
12/21/2018 6:00,0.431,260.18,0
12/21/2018 7:00,0.431,260.18,0
12/21/2018 8:00,0.431,260.23,0.5
12/21/2018 9:00,0.431,260.23,0
12/21/2018 10:00,0.431,260.23,0
12/21/2018 11:00,0.431,260.23,0
12/21/2018 12:00,0.431,260.23,0
12/21/2018 13:00,0.431,260.23,0
12/21/2018 14:00,0.431,260.23,0
12/21/2018 15:00,0.431,260.23,0
12/21/2018 16:00,0.432,260.23,0
12/21/2018 17:00,0.432,260.23,0
12/21/2018 18:00,0.432,260.23,0
12/21/2018 19:00,0.431,260.23,0
12/21/2018 20:00,0.432,260.23,0
12/21/2018 21:00,0.431,260.23,0
12/21/2018 22:00,0.431,260.23,0
12/21/2018 23:00,0.431,260.23,0
12/22/2018 0:00,0.43,260.23,0
12/22/2018 1:00,0.43,260.23,0
12/22/2018 2:00,0.429,260.23,0
12/22/2018 3:00,0.429,260.23,0
12/22/2018 4:00,0.429,260.23,0
12/22/2018 5:00,0.429,260.23,0
12/22/2018 6:00,0.429,260.23,0
12/22/2018 7:00,0.429,260.23,0
12/22/2018 8:00,0.428,260.23,0
12/22/2018 9:00,0.428,260.23,0
12/22/2018 10:00,0.428,260.23,0
12/22/2018 11:00,0.427,260.23,0
12/22/2018 12:00,0.427,260.23,0
12/22/2018 13:00,0.427,260.23,0
12/22/2018 14:00,0.427,260.25,0.2
12/22/2018 15:00,0.427,260.25,0
12/22/2018 16:00,0.427,260.25,0
12/22/2018 17:00,0.427,260.25,0
12/22/2018 18:00,0.427,260.25,0
12/22/2018 19:00,0.427,260.25,0
12/22/2018 20:00,0.428,260.25,0
12/22/2018 21:00,0.427,260.25,0
12/22/2018 22:00,0.426,260.25,0
12/22/2018 23:00,0.427,260.25,0
12/23/2018 0:00,0.426,260.25,0
12/23/2018 1:00,0.426,260.25,0
12/23/2018 2:00,0.425,260.25,0
12/23/2018 3:00,0.425,260.25,0
12/23/2018 4:00,0.425,260.25,0
12/23/2018 5:00,0.425,260.25,0
12/23/2018 6:00,0.425,260.25,0
12/23/2018 7:00,0.424,260.25,0
12/23/2018 8:00,0.424,260.25,0
12/23/2018 9:00,0.428,260.33,0.8
12/23/2018 10:00,0.429,260.51,1.8
12/23/2018 11:00,0.429,260.61,1
12/23/2018 12:00,0.429,260.76,1.5
12/23/2018 13:00,0.43,261.02,2.6
12/23/2018 14:00,0.43,261.19,1.7
12/23/2018 15:00,0.43,261.27,0.8
12/23/2018 16:00,0.43,261.27,0
12/23/2018 17:00,0.43,261.27,0
12/23/2018 18:00,0.43,261.27,0
12/23/2018 19:00,0.43,261.27,0
12/23/2018 20:00,0.43,261.27,0
12/23/2018 21:00,0.43,261.27,0
12/23/2018 22:00,0.43,261.27,0
12/23/2018 23:00,0.43,261.27,0
12/24/2018 0:00,0.43,261.27,0
12/24/2018 1:00,0.43,261.27,0
12/24/2018 2:00,0.43,261.27,0
12/24/2018 3:00,0.429,261.27,0
12/24/2018 4:00,0.429,261.27,0
12/24/2018 5:00,0.429,261.3,0.3
12/24/2018 6:00,0.429,261.35,0.5
12/24/2018 7:00,0.429,261.45,1
12/24/2018 8:00,0.43,261.85,4
12/24/2018 9:00,0.43,262.18,3.3
12/24/2018 10:00,0.43,262.41,2.3
12/24/2018 11:00,0.43,262.84,4.3
12/24/2018 12:00,0.431,263.4,5.6
12/24/2018 13:00,0.43,264.32,9.2
12/24/2018 14:00,0.43,264.75,4.3
12/24/2018 15:00,0.43,264.78,0.3
12/24/2018 16:00,0.431,264.85,0.7
12/24/2018 17:00,0.431,264.88,0.3
12/24/2018 18:00,0.431,264.88,0
12/24/2018 19:00,0.431,264.88,0
12/24/2018 20:00,0.431,264.88,0
12/24/2018 21:00,0.431,264.88,0
12/24/2018 22:00,0.431,264.88,0
12/24/2018 23:00,0.431,264.88,0
12/25/2018 0:00,0.43,264.88,0
12/25/2018 1:00,0.431,264.88,0
12/25/2018 2:00,0.431,264.88,0
12/25/2018 3:00,0.43,264.88,0
12/25/2018 4:00,0.43,264.88,0
12/25/2018 5:00,0.43,264.88,0
12/25/2018 6:00,0.43,264.88,0
12/25/2018 7:00,0.43,264.88,0
12/25/2018 8:00,0.429,264.88,0
12/25/2018 9:00,0.429,264.88,0
12/25/2018 10:00,0.429,264.88,0
12/25/2018 11:00,0.429,264.88,0
12/25/2018 12:00,0.429,264.88,0
12/25/2018 13:00,0.429,264.88,0
12/25/2018 14:00,0.429,264.88,0
12/25/2018 15:00,0.429,264.88,0
12/25/2018 16:00,0.429,264.88,0
12/25/2018 17:00,0.429,264.88,0
12/25/2018 18:00,0.429,264.88,0
12/25/2018 19:00,0.429,264.88,0
12/25/2018 20:00,0.429,264.88,0
12/25/2018 21:00,0.429,264.88,0
12/25/2018 22:00,0.429,264.88,0
12/25/2018 23:00,0.429,264.88,0
12/26/2018 0:00,0.429,264.88,0
12/26/2018 1:00,0.429,264.88,0
12/26/2018 2:00,0.429,264.88,0
12/26/2018 3:00,0.429,264.88,0
12/26/2018 4:00,0.429,264.88,0
12/26/2018 5:00,0.428,264.88,0
12/26/2018 6:00,0.428,264.88,0
12/26/2018 7:00,0.428,264.88,0
12/26/2018 8:00,0.427,264.88,0
12/26/2018 9:00,0.425,264.88,0
12/26/2018 10:00,0.423,264.88,0
12/26/2018 11:00,0.423,264.88,0
12/26/2018 12:00,0.423,264.88,0
12/26/2018 13:00,0.422,264.88,0
12/26/2018 14:00,0.423,264.88,0
12/26/2018 15:00,0.423,264.88,0
12/26/2018 16:00,0.423,264.88,0
12/26/2018 17:00,0.423,264.88,0
12/26/2018 18:00,0.423,264.88,0
12/26/2018 19:00,0.423,264.88,0
12/26/2018 20:00,0.423,264.9,0.2
12/26/2018 21:00,0.423,264.9,0
12/26/2018 22:00,0.423,264.9,0
12/26/2018 23:00,0.422,264.9,0
12/27/2018 0:00,0.422,264.9,0
12/27/2018 1:00,0.422,264.9,0
12/27/2018 2:00,0.423,264.9,0
12/27/2018 3:00,0.423,264.9,0
12/27/2018 4:00,0.422,264.9,0
12/27/2018 5:00,0.422,264.9,0
12/27/2018 6:00,0.421,264.9,0
12/27/2018 7:00,0.421,264.9,0
12/27/2018 8:00,0.421,264.9,0
12/27/2018 9:00,0.42,264.9,0
12/27/2018 10:00,0.419,264.9,0
12/27/2018 11:00,0.419,264.9,0
12/27/2018 12:00,0.419,264.9,0
12/27/2018 13:00,0.418,264.9,0
12/27/2018 14:00,0.419,264.9,0
12/27/2018 15:00,0.419,264.9,0
12/27/2018 16:00,0.418,264.9,0
12/27/2018 17:00,0.418,264.9,0
12/27/2018 18:00,0.418,264.9,0
12/27/2018 19:00,0.418,264.9,0
12/27/2018 20:00,0.418,264.9,0
12/27/2018 21:00,0.418,264.9,0
12/27/2018 22:00,0.417,264.9,0
12/27/2018 23:00,0.417,264.9,0
12/28/2018 0:00,0.417,264.9,0
12/28/2018 1:00,0.417,264.9,0
12/28/2018 2:00,0.416,264.9,0
12/28/2018 3:00,0.416,264.9,0
12/28/2018 4:00,0.415,264.9,0
12/28/2018 5:00,0.415,264.9,0
12/28/2018 6:00,0.415,264.9,0
12/28/2018 7:00,0.414,264.9,0
12/28/2018 8:00,0.414,264.9,0
12/28/2018 9:00,0.414,264.9,0
12/28/2018 10:00,0.414,264.9,0
12/28/2018 11:00,0.413,264.9,0
12/28/2018 12:00,0.414,264.9,0
12/28/2018 13:00,0.414,264.9,0
12/28/2018 14:00,0.414,264.9,0
12/28/2018 15:00,0.414,264.9,0
12/28/2018 16:00,0.414,264.9,0
12/28/2018 17:00,0.414,264.9,0
12/28/2018 18:00,0.414,264.9,0
12/28/2018 19:00,0.414,264.9,0
12/28/2018 20:00,0.414,264.9,0
12/28/2018 21:00,0.414,264.9,0
12/28/2018 22:00,0.414,264.9,0
12/28/2018 23:00,0.414,264.9,0
12/29/2018 0:00,0.414,264.9,0
12/29/2018 1:00,0.413,264.9,0
12/29/2018 2:00,0.413,264.9,0
12/29/2018 3:00,0.413,264.9,0
12/29/2018 4:00,0.413,264.9,0
12/29/2018 5:00,0.412,264.9,0
12/29/2018 6:00,0.412,264.9,0
12/29/2018 7:00,0.412,264.9,0
12/29/2018 8:00,0.412,264.9,0
12/29/2018 9:00,0.411,264.9,0
12/29/2018 10:00,0.412,264.9,0
12/29/2018 11:00,0.411,264.9,0
12/29/2018 12:00,0.412,264.9,0
12/29/2018 13:00,0.412,264.9,0
12/29/2018 14:00,0.412,264.9,0
12/29/2018 15:00,0.412,264.9,0
12/29/2018 16:00,0.413,264.93,0.3
12/29/2018 17:00,0.412,264.93,0
12/29/2018 18:00,0.413,264.93,0
12/29/2018 19:00,0.413,264.93,0
12/29/2018 20:00,0.413,264.93,0
12/29/2018 21:00,0.413,264.93,0
12/29/2018 22:00,0.413,264.93,0
12/29/2018 23:00,0.414,264.93,0
12/30/2018 0:00,0.414,264.93,0
12/30/2018 1:00,0.413,264.93,0
12/30/2018 2:00,0.413,264.93,0
12/30/2018 3:00,0.413,264.93,0
12/30/2018 4:00,0.413,264.93,0
12/30/2018 5:00,0.413,264.93,0
12/30/2018 6:00,0.413,264.93,0
12/30/2018 7:00,0.413,264.93,0
12/30/2018 8:00,0.413,264.93,0
12/30/2018 9:00,0.413,264.93,0
12/30/2018 10:00,0.415,264.95,0.2
12/30/2018 11:00,0.415,264.98,0.3
12/30/2018 12:00,0.417,264.98,0
12/30/2018 13:00,0.418,264.98,0
12/30/2018 14:00,0.419,264.98,0
12/30/2018 15:00,0.419,264.98,0
12/30/2018 16:00,0.419,264.98,0
12/30/2018 17:00,0.42,264.98,0
12/30/2018 18:00,0.42,264.98,0
12/30/2018 19:00,0.42,264.98,0
12/30/2018 20:00,0.42,264.98,0
12/30/2018 21:00,0.42,264.98,0
12/30/2018 22:00,0.42,264.98,0
12/30/2018 23:00,0.42,264.98,0
12/31/2018 0:00,0.42,264.98,0
12/31/2018 1:00,0.419,264.98,0
12/31/2018 2:00,0.419,264.98,0
12/31/2018 3:00,0.419,264.98,0
12/31/2018 4:00,0.418,264.98,0
12/31/2018 5:00,0.418,264.98,0
12/31/2018 6:00,0.417,264.98,0
12/31/2018 7:00,0.416,264.98,0
12/31/2018 8:00,0.415,264.98,0
12/31/2018 9:00,0.415,264.98,0
12/31/2018 10:00,0.413,264.98,0
12/31/2018 11:00,0.413,264.98,0
12/31/2018 12:00,0.413,264.98,0
12/31/2018 13:00,0.413,264.98,0
12/31/2018 14:00,0.413,264.98,0
12/31/2018 15:00,0.413,264.98,0
12/31/2018 16:00,0.413,264.98,0
12/31/2018 17:00,0.412,264.98,0
12/31/2018 18:00,0.412,264.98,0
12/31/2018 19:00,0.412,264.98,0
12/31/2018 20:00,0.412,264.98,0
12/31/2018 21:00,0.412,264.98,0
12/31/2018 22:00,0.412,264.98,0
12/31/2018 23:00,0.411,264.98,0
1/1/2019 0:00,0.41,264.98,0
1/1/2019 1:00,0.41,264.98,0
1/1/2019 2:00,0.409,264.98,0
1/1/2019 3:00,0.408,264.98,0
1/1/2019 4:00,0.408,264.98,0
1/1/2019 5:00,0.407,264.98,0
1/1/2019 6:00,0.406,264.98,0
1/1/2019 7:00,0.406,264.98,0
1/1/2019 8:00,0.406,264.98,0
1/1/2019 9:00,0.405,264.98,0
1/1/2019 10:00,0.404,264.98,0
1/1/2019 11:00,0.404,264.98,0
1/1/2019 12:00,0.405,264.98,0
1/1/2019 13:00,0.406,264.98,0
1/1/2019 14:00,0.407,264.98,0
1/1/2019 15:00,0.407,264.98,0
1/1/2019 16:00,0.408,264.98,0
1/1/2019 17:00,0.408,264.98,0
1/1/2019 18:00,0.408,264.98,0
1/1/2019 19:00,0.408,264.98,0
1/1/2019 20:00,0.408,264.98,0
1/1/2019 21:00,0.407,264.98,0
1/1/2019 22:00,0.407,264.98,0
1/1/2019 23:00,0.408,264.98,0
1/2/2019 0:00,0.407,264.98,0
1/2/2019 1:00,0.407,264.98,0
1/2/2019 2:00,0.406,264.98,0
1/2/2019 3:00,0.406,264.98,0
1/2/2019 4:00,0.406,264.98,0
1/2/2019 5:00,0.405,264.98,0
1/2/2019 6:00,0.404,264.98,0
1/2/2019 7:00,0.404,264.98,0
1/2/2019 8:00,0.404,264.98,0
1/2/2019 9:00,0.404,264.98,0
1/2/2019 10:00,0.403,264.98,0
1/2/2019 11:00,0.403,264.98,0
1/2/2019 12:00,0.404,264.98,0
1/2/2019 13:00,0.404,264.98,0
1/2/2019 14:00,0.404,264.98,0
1/2/2019 15:00,0.404,264.98,0
1/2/2019 16:00,0.404,264.98,0
1/2/2019 17:00,0.404,264.98,0
1/2/2019 18:00,0.405,264.98,0
1/2/2019 19:00,0.405,264.98,0
1/2/2019 20:00,0.405,264.98,0
1/2/2019 21:00,0.405,264.98,0
1/2/2019 22:00,0.405,264.98,0
1/2/2019 23:00,0.404,264.98,0
1/3/2019 0:00,0.405,264.98,0
1/3/2019 1:00,0.405,264.98,0
1/3/2019 2:00,0.405,264.98,0
1/3/2019 3:00,0.405,264.98,0
1/3/2019 4:00,0.404,264.98,0
1/3/2019 5:00,0.404,264.98,0
1/3/2019 6:00,0.404,264.98,0
1/3/2019 7:00,0.404,264.98,0
1/3/2019 8:00,0.404,264.98,0
1/3/2019 9:00,0.404,264.98,0
1/3/2019 10:00,0.404,264.98,0
1/3/2019 11:00,0.404,264.98,0
1/3/2019 12:00,0.404,264.98,0
1/3/2019 13:00,0.404,264.98,0
1/3/2019 14:00,0.404,264.98,0
1/3/2019 15:00,0.404,264.98,0
1/3/2019 16:00,0.405,264.98,0
1/3/2019 17:00,0.405,264.98,0
1/3/2019 18:00,0.405,264.98,0
1/3/2019 19:00,0.406,264.98,0
1/3/2019 20:00,0.406,264.98,0
1/3/2019 21:00,0.406,264.98,0
1/3/2019 22:00,0.406,264.98,0
1/3/2019 23:00,0.406,264.98,0
1/4/2019 0:00,0.406,264.98,0
1/4/2019 1:00,0.406,264.98,0
1/4/2019 2:00,0.406,264.98,0
1/4/2019 3:00,0.405,264.98,0
1/4/2019 4:00,0.405,264.98,0
1/4/2019 5:00,0.405,264.98,0
1/4/2019 6:00,0.406,264.98,0
1/4/2019 7:00,0.405,264.98,0
1/4/2019 8:00,0.405,264.98,0
1/4/2019 9:00,0.405,264.98,0
1/4/2019 10:00,0.405,264.98,0
1/4/2019 11:00,0.405,264.98,0
1/4/2019 12:00,0.405,264.98,0
1/4/2019 13:00,0.405,264.98,0
1/4/2019 14:00,0.405,264.98,0
1/4/2019 15:00,0.405,264.98,0
1/4/2019 16:00,0.405,264.98,0
1/4/2019 17:00,0.406,264.98,0
1/4/2019 18:00,0.406,264.98,0
1/4/2019 19:00,0.406,264.98,0
1/4/2019 20:00,0.406,264.98,0
1/4/2019 21:00,0.406,264.98,0
1/4/2019 22:00,0.406,264.98,0
1/4/2019 23:00,0.406,264.98,0
1/5/2019 0:00,0.406,264.98,0
1/5/2019 1:00,0.406,264.98,0
1/5/2019 2:00,0.406,264.98,0
1/5/2019 3:00,0.405,264.98,0
1/5/2019 4:00,0.405,264.98,0
1/5/2019 5:00,0.405,264.98,0
1/5/2019 6:00,0.405,264.98,0
1/5/2019 7:00,0.406,265,0.2
1/5/2019 8:00,0.413,265.23,2.3
1/5/2019 9:00,0.416,265.36,1.3
1/5/2019 10:00,0.424,265.77,4.1
1/5/2019 11:00,0.424,265.84,0.7
1/5/2019 12:00,0.424,265.87,0.3
1/5/2019 13:00,0.425,266.12,2.5
1/5/2019 14:00,0.425,266.5,3.8
1/5/2019 15:00,0.425,266.6,1
1/5/2019 16:00,0.426,266.81,2.1
1/5/2019 17:00,0.426,266.91,1
1/5/2019 18:00,0.427,267.65,7.4
1/5/2019 19:00,0.427,267.77,1.2
1/5/2019 20:00,0.427,268.03,2.6
1/5/2019 21:00,0.427,268.38,3.5
1/5/2019 22:00,0.427,268.48,1
1/5/2019 23:00,0.427,268.53,0.5
1/6/2019 0:00,0.427,268.53,0
1/6/2019 1:00,0.427,268.56,0.3
1/6/2019 2:00,0.427,268.69,1.3
1/6/2019 3:00,0.427,268.84,1.5
1/6/2019 4:00,0.427,268.92,0.8
1/6/2019 5:00,0.427,268.94,0.2
1/6/2019 6:00,0.427,269.04,1
1/6/2019 7:00,0.426,269.32,2.8
1/6/2019 8:00,0.427,269.45,1.3
1/6/2019 9:00,0.427,269.75,3
1/6/2019 10:00,0.427,269.91,1.6
1/6/2019 11:00,0.427,270.03,1.2
1/6/2019 12:00,0.427,270.16,1.3
1/6/2019 13:00,0.427,270.34,1.8
1/6/2019 14:00,0.426,270.49,1.5
1/6/2019 15:00,0.426,270.57,0.8
1/6/2019 16:00,0.426,270.69,1.2
1/6/2019 17:00,0.426,270.9,2.1
1/6/2019 18:00,0.426,270.97,0.7
1/6/2019 19:00,0.427,270.97,0
1/6/2019 20:00,0.427,270.97,0
1/6/2019 21:00,0.427,270.97,0
1/6/2019 22:00,0.427,270.97,0
1/6/2019 23:00,0.426,270.97,0
1/7/2019 0:00,0.426,270.97,0
1/7/2019 1:00,0.426,270.97,0
1/7/2019 2:00,0.425,270.97,0
1/7/2019 3:00,0.425,270.97,0
1/7/2019 4:00,0.425,270.97,0
1/7/2019 5:00,0.425,270.97,0
1/7/2019 6:00,0.425,270.97,0
1/7/2019 7:00,0.425,270.97,0
1/7/2019 8:00,0.424,270.97,0
1/7/2019 9:00,0.424,270.97,0
1/7/2019 10:00,0.424,271,0.3
1/7/2019 11:00,0.425,271,0
1/7/2019 12:00,0.425,271,0
1/7/2019 13:00,0.425,271,0
1/7/2019 14:00,0.425,271,0
1/7/2019 15:00,0.425,271,0
1/7/2019 16:00,0.426,271,0
1/7/2019 17:00,0.426,271.02,0.2
1/7/2019 18:00,0.427,271.05,0.3
1/7/2019 19:00,0.427,271.05,0
1/7/2019 20:00,0.427,271.07,0.2
1/7/2019 21:00,0.427,271.07,0
1/7/2019 22:00,0.427,271.07,0
1/7/2019 23:00,0.427,271.07,0
1/8/2019 0:00,0.427,271.07,0
1/8/2019 1:00,0.428,271.07,0
1/8/2019 2:00,0.428,271.07,0
1/8/2019 3:00,0.427,271.07,0
1/8/2019 4:00,0.428,271.07,0
1/8/2019 5:00,0.428,271.07,0
1/8/2019 6:00,0.427,271.07,0
1/8/2019 7:00,0.427,271.07,0
1/8/2019 8:00,0.427,271.07,0
1/8/2019 9:00,0.427,271.1,0.3
1/8/2019 10:00,0.428,271.23,1.3
1/8/2019 11:00,0.428,271.4,1.7
1/8/2019 12:00,0.428,271.51,1.1
1/8/2019 13:00,0.429,271.66,1.5
1/8/2019 14:00,0.429,271.81,1.5
1/8/2019 15:00,0.429,272.01,2
1/8/2019 16:00,0.429,272.09,0.8
1/8/2019 17:00,0.43,272.12,0.3
1/8/2019 18:00,0.43,272.12,0
1/8/2019 19:00,0.43,272.12,0
1/8/2019 20:00,0.43,272.12,0
1/8/2019 21:00,0.43,272.14,0.2
1/8/2019 22:00,0.43,272.14,0
1/8/2019 23:00,0.43,272.19,0.5
1/9/2019 0:00,0.431,272.78,5.9
1/9/2019 1:00,0.43,273.23,4.5
1/9/2019 2:00,0.43,273.26,0.3
1/9/2019 3:00,0.431,273.31,0.5
1/9/2019 4:00,0.431,273.67,3.6
1/9/2019 5:00,0.431,273.94,2.7
1/9/2019 6:00,0.431,274.12,1.8
1/9/2019 7:00,0.43,274.33,2.1
1/9/2019 8:00,0.431,274.35,0.2
1/9/2019 9:00,0.431,274.55,2
1/9/2019 10:00,0.431,274.68,1.3
1/9/2019 11:00,0.431,274.78,1
1/9/2019 12:00,0.431,274.91,1.3
1/9/2019 13:00,0.431,274.94,0.3
1/9/2019 14:00,0.431,275.04,1
1/9/2019 15:00,0.431,275.11,0.7
1/9/2019 16:00,0.432,275.21,1
1/9/2019 17:00,0.432,275.27,0.6
1/9/2019 18:00,0.432,275.29,0.2
1/9/2019 19:00,0.433,275.32,0.3
1/9/2019 20:00,0.433,275.37,0.5
1/9/2019 21:00,0.433,275.37,0
1/9/2019 22:00,0.433,275.37,0
1/9/2019 23:00,0.433,275.37,0
1/10/2019 0:00,0.433,275.37,0
1/10/2019 1:00,0.433,275.39,0.2
1/10/2019 2:00,0.433,275.39,0
1/10/2019 3:00,0.433,275.39,0
1/10/2019 4:00,0.433,275.39,0
1/10/2019 5:00,0.433,275.39,0
1/10/2019 6:00,0.433,275.39,0
1/10/2019 7:00,0.432,275.39,0
1/10/2019 8:00,0.432,275.39,0
1/10/2019 9:00,0.432,275.39,0
1/10/2019 10:00,0.432,275.39,0
1/10/2019 11:00,0.432,275.39,0
1/10/2019 12:00,0.432,275.39,0
1/10/2019 13:00,0.432,275.39,0
1/10/2019 14:00,0.432,275.39,0
1/10/2019 15:00,0.432,275.39,0
1/10/2019 16:00,0.433,275.39,0
1/10/2019 17:00,0.433,275.39,0
1/10/2019 18:00,0.433,275.39,0
1/10/2019 19:00,0.434,275.39,0
1/10/2019 20:00,0.434,275.39,0
1/10/2019 21:00,0.434,275.39,0
1/10/2019 22:00,0.434,275.39,0
1/10/2019 23:00,0.434,275.39,0
1/11/2019 0:00,0.433,275.39,0
1/11/2019 1:00,0.433,275.39,0
1/11/2019 2:00,0.433,275.39,0
1/11/2019 3:00,0.433,275.39,0
1/11/2019 4:00,0.433,275.39,0
1/11/2019 5:00,0.432,275.39,0
1/11/2019 6:00,0.432,275.39,0
1/11/2019 7:00,0.432,275.39,0
1/11/2019 8:00,0.432,275.39,0
1/11/2019 9:00,0.432,275.39,0
1/11/2019 10:00,0.432,275.39,0
1/11/2019 11:00,0.432,275.39,0
1/11/2019 12:00,0.432,275.39,0
1/11/2019 13:00,0.432,275.39,0
1/11/2019 14:00,0.432,275.57,1.8
1/11/2019 15:00,0.432,275.75,1.8
1/11/2019 16:00,0.432,275.87,1.2
1/11/2019 17:00,0.433,275.93,0.6
1/11/2019 18:00,0.433,275.95,0.2
1/11/2019 19:00,0.434,275.95,0
1/11/2019 20:00,0.434,275.95,0
1/11/2019 21:00,0.434,275.95,0
1/11/2019 22:00,0.434,275.98,0.3
1/11/2019 23:00,0.434,275.98,0
1/12/2019 0:00,0.434,275.98,0
1/12/2019 1:00,0.434,275.98,0
1/12/2019 2:00,0.434,275.98,0
1/12/2019 3:00,0.434,275.98,0
1/12/2019 4:00,0.434,275.98,0
1/12/2019 5:00,0.434,275.98,0
1/12/2019 6:00,0.434,275.98,0
1/12/2019 7:00,0.434,275.98,0
1/12/2019 8:00,0.433,275.98,0
1/12/2019 9:00,0.433,275.98,0
1/12/2019 10:00,0.433,275.98,0
1/12/2019 11:00,0.433,275.98,0
1/12/2019 12:00,0.433,275.98,0
1/12/2019 13:00,0.433,275.98,0
1/12/2019 14:00,0.433,275.98,0
1/12/2019 15:00,0.433,275.98,0
1/12/2019 16:00,0.433,275.98,0
1/12/2019 17:00,0.433,275.98,0
1/12/2019 18:00,0.434,275.98,0
1/12/2019 19:00,0.434,275.98,0
1/12/2019 20:00,0.434,275.98,0
1/12/2019 21:00,0.435,275.98,0
1/12/2019 22:00,0.434,275.98,0
1/12/2019 23:00,0.434,275.98,0
1/13/2019 0:00,0.434,275.98,0
1/13/2019 1:00,0.433,275.98,0
1/13/2019 2:00,0.433,275.98,0
1/13/2019 3:00,0.433,275.98,0
1/13/2019 4:00,0.433,275.98,0
1/13/2019 5:00,0.433,275.98,0
1/13/2019 6:00,0.433,275.98,0
1/13/2019 7:00,0.433,275.98,0
1/13/2019 8:00,0.432,275.98,0
1/13/2019 9:00,0.432,275.98,0
1/13/2019 10:00,0.431,275.98,0
1/13/2019 11:00,0.43,275.98,0
1/13/2019 12:00,0.43,275.98,0
1/13/2019 13:00,0.429,275.98,0
1/13/2019 14:00,0.43,275.98,0
1/13/2019 15:00,0.429,275.98,0
1/13/2019 16:00,0.429,275.98,0
1/13/2019 17:00,0.429,275.98,0
1/13/2019 18:00,0.429,275.98,0
1/13/2019 19:00,0.428,275.98,0
1/13/2019 20:00,0.428,275.98,0
1/13/2019 21:00,0.429,275.98,0
1/13/2019 22:00,0.428,275.98,0
1/13/2019 23:00,0.428,275.98,0
1/14/2019 0:00,0.427,275.98,0
1/14/2019 1:00,0.426,275.98,0
1/14/2019 2:00,0.426,275.98,0
1/14/2019 3:00,0.425,275.98,0
1/14/2019 4:00,0.425,275.98,0
1/14/2019 5:00,0.425,275.98,0
1/14/2019 6:00,0.425,275.98,0
1/14/2019 7:00,0.425,275.98,0
1/14/2019 8:00,0.425,275.98,0
1/14/2019 9:00,0.425,275.98,0
1/14/2019 10:00,0.424,275.98,0
1/14/2019 11:00,0.424,275.98,0
1/14/2019 12:00,0.424,275.98,0
1/14/2019 13:00,0.423,275.98,0
1/14/2019 14:00,0.423,275.98,0
1/14/2019 15:00,0.424,275.98,0
1/14/2019 16:00,0.424,275.98,0
1/14/2019 17:00,0.425,275.98,0
1/14/2019 18:00,0.425,275.98,0
1/14/2019 19:00,0.425,275.98,0
1/14/2019 20:00,0.425,275.98,0
1/14/2019 21:00,0.425,275.98,0
1/14/2019 22:00,0.425,275.98,0
1/14/2019 23:00,0.425,275.98,0
1/15/2019 0:00,0.425,275.98,0
1/15/2019 1:00,0.425,275.98,0
1/15/2019 2:00,0.424,275.98,0
1/15/2019 3:00,0.424,275.98,0
1/15/2019 4:00,0.424,275.98,0
1/15/2019 5:00,0.424,275.98,0
1/15/2019 6:00,0.424,275.98,0
1/15/2019 7:00,0.425,275.98,0
1/15/2019 8:00,0.431,276.31,3.3
1/15/2019 9:00,0.431,276.33,0.2
1/15/2019 10:00,0.431,276.36,0.3
1/15/2019 11:00,0.431,276.41,0.5
1/15/2019 12:00,0.431,276.41,0
1/15/2019 13:00,0.431,276.41,0
1/15/2019 14:00,0.431,276.41,0
1/15/2019 15:00,0.432,276.41,0
1/15/2019 16:00,0.432,276.41,0
1/15/2019 17:00,0.432,276.41,0
1/15/2019 18:00,0.433,276.41,0
1/15/2019 19:00,0.433,276.48,0.7
1/15/2019 20:00,0.433,276.51,0.3
1/15/2019 21:00,0.433,276.61,1
1/15/2019 22:00,0.433,276.64,0.3
1/15/2019 23:00,0.434,276.64,0
1/16/2019 0:00,0.433,276.64,0
1/16/2019 1:00,0.433,276.66,0.2
1/16/2019 2:00,0.434,276.66,0
1/16/2019 3:00,0.434,276.66,0
1/16/2019 4:00,0.433,276.69,0.3
1/16/2019 5:00,0.433,276.71,0.2
1/16/2019 6:00,0.433,276.76,0.5
1/16/2019 7:00,0.434,276.81,0.5
1/16/2019 8:00,0.433,276.84,0.3
1/16/2019 9:00,0.433,276.89,0.5
1/16/2019 10:00,0.433,276.97,0.8
1/16/2019 11:00,0.434,277.02,0.5
1/16/2019 12:00,0.434,277.32,3
1/16/2019 13:00,0.434,277.83,5.1
1/16/2019 14:00,0.434,278.14,3.1
1/16/2019 15:00,0.434,278.64,5
1/16/2019 16:00,0.434,279.23,5.9
1/16/2019 17:00,0.434,279.53,3
1/16/2019 18:00,0.434,279.94,4.1
1/16/2019 19:00,0.434,280.62,6.8
1/16/2019 20:00,0.434,281.01,3.9
1/16/2019 21:00,0.434,281.11,1
1/16/2019 22:00,0.434,281.11,0
1/16/2019 23:00,0.434,281.23,1.2
1/17/2019 0:00,0.435,281.34,1.1
1/17/2019 1:00,0.435,281.44,1
1/17/2019 2:00,0.435,281.62,1.8
1/17/2019 3:00,0.434,282.07,4.5
1/17/2019 4:00,0.434,282.4,3.3
1/17/2019 5:00,0.434,282.48,0.8
1/17/2019 6:00,0.434,282.71,2.3
1/17/2019 7:00,0.434,282.78,0.7
1/17/2019 8:00,0.434,283.49,7.1
1/17/2019 9:00,0.434,283.65,1.6
1/17/2019 10:00,0.433,284.03,3.8
1/17/2019 11:00,0.433,284.16,1.3
1/17/2019 12:00,0.433,284.18,0.2
1/17/2019 13:00,0.433,284.69,5.1
1/17/2019 14:00,0.433,284.87,1.8
1/17/2019 15:00,0.433,284.99,1.2
1/17/2019 16:00,0.433,285.32,3.3
1/17/2019 17:00,0.434,285.32,0
1/17/2019 18:00,0.434,285.37,0.5
1/17/2019 19:00,0.434,285.37,0
1/17/2019 20:00,0.433,285.37,0
1/17/2019 21:00,0.434,285.37,0
1/17/2019 22:00,0.433,285.37,0
1/17/2019 23:00,0.434,285.37,0
1/18/2019 0:00,0.433,285.45,0.8
1/18/2019 1:00,0.433,285.45,0
1/18/2019 2:00,0.433,285.45,0
1/18/2019 3:00,0.433,285.45,0
1/18/2019 4:00,0.433,285.45,0
1/18/2019 5:00,0.433,285.45,0
1/18/2019 6:00,0.433,285.53,0.8
1/18/2019 7:00,0.433,285.55,0.2
1/18/2019 8:00,0.433,285.63,0.8
1/18/2019 9:00,0.433,285.63,0
1/18/2019 10:00,0.433,285.63,0
1/18/2019 11:00,0.433,285.7,0.7
1/18/2019 12:00,0.433,285.98,2.8
1/18/2019 13:00,0.433,286.09,1.1
1/18/2019 14:00,0.434,286.11,0.2
1/18/2019 15:00,0.434,286.19,0.8
1/18/2019 16:00,0.434,286.31,1.2
1/18/2019 17:00,0.434,286.39,0.8
1/18/2019 18:00,0.435,286.49,1
1/18/2019 19:00,0.434,286.62,1.3
1/18/2019 20:00,0.435,286.67,0.5
1/18/2019 21:00,0.435,286.75,0.8
1/18/2019 22:00,0.435,286.8,0.5
1/18/2019 23:00,0.435,286.85,0.5
1/19/2019 0:00,0.435,286.87,0.2
1/19/2019 1:00,0.435,286.9,0.3
1/19/2019 2:00,0.435,287.03,1.3
1/19/2019 3:00,0.435,287.1,0.7
1/19/2019 4:00,0.435,287.15,0.5
1/19/2019 5:00,0.435,287.28,1.3
1/19/2019 6:00,0.435,287.28,0
1/19/2019 7:00,0.435,287.28,0
1/19/2019 8:00,0.435,287.28,0
1/19/2019 9:00,0.436,287.28,0
1/19/2019 10:00,0.435,287.28,0
1/19/2019 11:00,0.435,287.33,0.5
1/19/2019 12:00,0.436,287.33,0
1/19/2019 13:00,0.436,287.36,0.3
1/19/2019 14:00,0.436,287.36,0
1/19/2019 15:00,0.437,287.36,0
1/19/2019 16:00,0.437,287.36,0
1/19/2019 17:00,0.437,287.41,0.5
1/19/2019 18:00,0.437,287.41,0
1/19/2019 19:00,0.438,287.48,0.7
1/19/2019 20:00,0.438,287.48,0
1/19/2019 21:00,0.438,287.48,0
1/19/2019 22:00,0.438,287.48,0
1/19/2019 23:00,0.438,287.48,0
1/20/2019 0:00,0.438,287.48,0
1/20/2019 1:00,0.438,287.56,0.8
1/20/2019 2:00,0.438,287.63,0.7
1/20/2019 3:00,0.438,287.63,0
1/20/2019 4:00,0.438,287.63,0
1/20/2019 5:00,0.438,288.07,4.4
1/20/2019 6:00,0.437,288.8,7.3
1/20/2019 7:00,0.438,288.9,1
1/20/2019 8:00,0.438,289.34,4.4
1/20/2019 9:00,0.438,289.39,0.5
1/20/2019 10:00,0.438,289.44,0.5
1/20/2019 11:00,0.438,289.59,1.5
1/20/2019 12:00,0.438,289.62,0.3
1/20/2019 13:00,0.438,289.77,1.5
1/20/2019 14:00,0.438,290.17,4
1/20/2019 15:00,0.438,290.17,0
1/20/2019 16:00,0.438,290.53,3.6
1/20/2019 17:00,0.438,290.73,2
1/20/2019 18:00,0.438,291.24,5.1
1/20/2019 19:00,0.438,291.47,2.3
1/20/2019 20:00,0.437,291.67,2
1/20/2019 21:00,0.438,291.72,0.5
1/20/2019 22:00,0.438,291.72,0
1/20/2019 23:00,0.437,291.8,0.8
1/21/2019 0:00,0.438,291.9,1
1/21/2019 1:00,0.437,291.95,0.5
1/21/2019 2:00,0.437,291.95,0
1/21/2019 3:00,0.437,291.95,0
1/21/2019 4:00,0.437,291.95,0
1/21/2019 5:00,0.437,291.95,0
1/21/2019 6:00,0.437,291.98,0.3
1/21/2019 7:00,0.437,291.98,0
1/21/2019 8:00,0.437,291.98,0
1/21/2019 9:00,0.437,291.98,0
1/21/2019 10:00,0.436,291.98,0
1/21/2019 11:00,0.436,291.98,0
1/21/2019 12:00,0.436,291.98,0
1/21/2019 13:00,0.436,291.98,0
1/21/2019 14:00,0.437,291.98,0
1/21/2019 15:00,0.436,291.98,0
1/21/2019 16:00,0.437,291.98,0
1/21/2019 17:00,0.437,291.98,0
1/21/2019 18:00,0.437,291.98,0
1/21/2019 19:00,0.437,291.98,0
1/21/2019 20:00,0.437,291.98,0
1/21/2019 21:00,0.438,291.98,0
1/21/2019 22:00,0.438,291.98,0
1/21/2019 23:00,0.437,291.98,0
1/22/2019 0:00,0.437,291.98,0
1/22/2019 1:00,0.437,291.98,0
1/22/2019 2:00,0.437,291.98,0
1/22/2019 3:00,0.437,291.98,0
1/22/2019 4:00,0.436,291.98,0
1/22/2019 5:00,0.436,291.98,0
1/22/2019 6:00,0.435,291.98,0
1/22/2019 7:00,0.435,291.98,0
1/22/2019 8:00,0.435,291.98,0
1/22/2019 9:00,0.435,291.98,0
1/22/2019 10:00,0.434,291.98,0
1/22/2019 11:00,0.435,291.98,0
1/22/2019 12:00,0.435,291.98,0
1/22/2019 13:00,0.434,291.98,0
1/22/2019 14:00,0.435,291.98,0
1/22/2019 15:00,0.435,291.98,0
1/22/2019 16:00,0.435,291.98,0
1/22/2019 17:00,0.435,291.98,0
1/22/2019 18:00,0.436,291.98,0
1/22/2019 19:00,0.435,291.98,0
1/22/2019 20:00,0.436,291.98,0
1/22/2019 21:00,0.435,291.98,0
1/22/2019 22:00,0.436,291.98,0
1/22/2019 23:00,0.436,291.98,0
1/23/2019 0:00,0.436,291.98,0
1/23/2019 1:00,0.436,291.98,0
1/23/2019 2:00,0.435,291.98,0
1/23/2019 3:00,0.435,291.98,0
1/23/2019 4:00,0.435,291.98,0
1/23/2019 5:00,0.435,291.98,0
1/23/2019 6:00,0.435,291.98,0
1/23/2019 7:00,0.435,291.98,0
1/23/2019 8:00,0.435,291.98,0
1/23/2019 9:00,0.434,291.98,0
1/23/2019 10:00,0.434,291.98,0
1/23/2019 11:00,0.434,291.98,0
1/23/2019 12:00,0.434,291.98,0
1/23/2019 13:00,0.434,291.98,0
1/23/2019 14:00,0.434,291.98,0
1/23/2019 15:00,0.434,291.98,0
1/23/2019 16:00,0.434,291.98,0
1/23/2019 17:00,0.435,291.98,0
1/23/2019 18:00,0.435,291.98,0
1/23/2019 19:00,0.435,291.98,0
1/23/2019 20:00,0.435,291.98,0
1/23/2019 21:00,0.435,291.98,0
1/23/2019 22:00,0.435,291.98,0
1/23/2019 23:00,0.436,291.98,0
1/24/2019 0:00,0.436,291.98,0
1/24/2019 1:00,0.435,291.98,0
1/24/2019 2:00,0.435,291.98,0
1/24/2019 3:00,0.435,291.98,0
1/24/2019 4:00,0.435,291.98,0
1/24/2019 5:00,0.435,291.98,0
1/24/2019 6:00,0.435,291.98,0
1/24/2019 7:00,0.434,291.98,0
1/24/2019 8:00,0.434,291.98,0
1/24/2019 9:00,0.433,291.98,0
1/24/2019 10:00,0.432,291.98,0
1/24/2019 11:00,0.432,291.98,0
1/24/2019 12:00,0.434,291.98,0
1/24/2019 13:00,0.432,291.98,0
1/24/2019 14:00,0.432,291.98,0
1/24/2019 15:00,0.432,291.98,0
1/24/2019 16:00,0.431,291.98,0
1/24/2019 17:00,0.431,291.98,0
1/24/2019 18:00,0.43,291.98,0
1/24/2019 19:00,0.429,291.98,0
1/24/2019 20:00,0.43,291.98,0
1/24/2019 21:00,0.429,291.98,0
1/24/2019 22:00,0.429,291.98,0
1/24/2019 23:00,0.429,291.98,0
1/25/2019 0:00,0.429,291.98,0
1/25/2019 1:00,0.428,291.98,0
1/25/2019 2:00,0.428,291.98,0
1/25/2019 3:00,0.427,291.98,0
1/25/2019 4:00,0.428,291.98,0
1/25/2019 5:00,0.427,291.98,0
1/25/2019 6:00,0.427,291.98,0
1/25/2019 7:00,0.427,291.98,0
1/25/2019 8:00,0.426,291.98,0
1/25/2019 9:00,0.425,291.98,0
1/25/2019 10:00,0.425,291.98,0
1/25/2019 11:00,0.424,291.98,0
1/25/2019 12:00,0.424,291.98,0
1/25/2019 13:00,0.424,291.98,0
1/25/2019 14:00,0.424,291.98,0
1/25/2019 15:00,0.424,291.98,0
1/25/2019 16:00,0.423,291.98,0
1/25/2019 17:00,0.424,291.98,0
1/25/2019 18:00,0.424,291.98,0
1/25/2019 19:00,0.425,291.98,0
1/25/2019 20:00,0.425,291.98,0
1/25/2019 21:00,0.425,291.98,0
1/25/2019 22:00,0.424,291.98,0
1/25/2019 23:00,0.425,291.98,0
1/26/2019 0:00,0.424,291.98,0
1/26/2019 1:00,0.424,291.98,0
1/26/2019 2:00,0.423,291.98,0
1/26/2019 3:00,0.423,291.98,0
1/26/2019 4:00,0.423,291.98,0
1/26/2019 5:00,0.423,291.98,0
1/26/2019 6:00,0.423,291.98,0
1/26/2019 7:00,0.422,291.98,0
1/26/2019 8:00,0.421,291.98,0
1/26/2019 9:00,0.422,291.98,0
1/26/2019 10:00,0.422,291.98,0
1/26/2019 11:00,0.422,291.98,0
1/26/2019 12:00,0.421,291.98,0
1/26/2019 13:00,0.421,291.98,0
1/26/2019 14:00,0.421,291.98,0
1/26/2019 15:00,0.422,291.98,0
1/26/2019 16:00,0.422,291.98,0
1/26/2019 17:00,0.423,291.98,0
1/26/2019 18:00,0.423,291.98,0
1/26/2019 19:00,0.424,291.98,0
1/26/2019 20:00,0.424,291.98,0
1/26/2019 21:00,0.424,291.98,0
1/26/2019 22:00,0.424,291.98,0
1/26/2019 23:00,0.425,291.98,0
1/27/2019 0:00,0.424,291.98,0
1/27/2019 1:00,0.424,291.98,0
1/27/2019 2:00,0.424,291.98,0
1/27/2019 3:00,0.424,291.98,0
1/27/2019 4:00,0.424,291.98,0
1/27/2019 5:00,0.425,291.98,0
1/27/2019 6:00,0.424,291.98,0
1/27/2019 7:00,0.424,291.98,0
1/27/2019 8:00,0.424,291.98,0
1/27/2019 9:00,0.423,291.98,0
1/27/2019 10:00,0.423,291.98,0
1/27/2019 11:00,0.423,291.98,0
1/27/2019 12:00,0.423,291.98,0
1/27/2019 13:00,0.423,291.98,0
1/27/2019 14:00,0.423,291.98,0
1/27/2019 15:00,0.423,291.98,0
1/27/2019 16:00,0.424,291.98,0
1/27/2019 17:00,0.424,291.98,0
1/27/2019 18:00,0.425,291.98,0
1/27/2019 19:00,0.425,291.98,0
1/27/2019 20:00,0.426,291.98,0
1/27/2019 21:00,0.426,291.98,0
1/27/2019 22:00,0.426,291.98,0
1/27/2019 23:00,0.426,291.98,0
1/28/2019 0:00,0.426,291.98,0
1/28/2019 1:00,0.426,291.98,0
1/28/2019 2:00,0.426,291.98,0
1/28/2019 3:00,0.426,291.98,0
1/28/2019 4:00,0.426,291.98,0
1/28/2019 5:00,0.426,291.98,0
1/28/2019 6:00,0.426,291.98,0
1/28/2019 7:00,0.426,291.98,0
1/28/2019 8:00,0.426,291.98,0
1/28/2019 9:00,0.425,291.98,0
1/28/2019 10:00,0.425,291.98,0
1/28/2019 11:00,0.425,291.98,0
1/28/2019 12:00,0.425,291.98,0
1/28/2019 13:00,0.425,291.98,0
1/28/2019 14:00,0.426,291.98,0
1/28/2019 15:00,0.426,291.98,0
1/28/2019 16:00,0.426,291.98,0
1/28/2019 17:00,0.427,291.98,0
1/28/2019 18:00,0.427,291.98,0
1/28/2019 19:00,0.427,291.98,0
1/28/2019 20:00,0.428,291.98,0
1/28/2019 21:00,0.428,291.98,0
1/28/2019 22:00,0.428,291.98,0
1/28/2019 23:00,0.428,291.98,0
1/29/2019 0:00,0.428,291.98,0
1/29/2019 1:00,0.428,291.98,0
1/29/2019 2:00,0.428,291.98,0
1/29/2019 3:00,0.428,291.98,0
1/29/2019 4:00,0.428,291.98,0
1/29/2019 5:00,0.428,291.98,0
1/29/2019 6:00,0.428,291.98,0
1/29/2019 7:00,0.428,291.98,0
1/29/2019 8:00,0.428,291.98,0
1/29/2019 9:00,0.428,291.98,0
1/29/2019 10:00,0.428,291.98,0
1/29/2019 11:00,0.427,291.98,0
1/29/2019 12:00,0.428,291.98,0
1/29/2019 13:00,0.428,291.98,0
1/29/2019 14:00,0.427,291.98,0
1/29/2019 15:00,0.428,291.98,0
1/29/2019 16:00,0.428,291.98,0
1/29/2019 17:00,0.429,291.98,0
1/29/2019 18:00,0.429,291.98,0
1/29/2019 19:00,0.429,291.98,0
1/29/2019 20:00,0.429,291.98,0
1/29/2019 21:00,0.429,291.98,0
1/29/2019 22:00,0.429,291.98,0
1/29/2019 23:00,0.429,291.98,0
1/30/2019 0:00,0.429,291.98,0
1/30/2019 1:00,0.428,291.98,0
1/30/2019 2:00,0.428,291.98,0
1/30/2019 3:00,0.428,291.98,0
1/30/2019 4:00,0.428,291.98,0
1/30/2019 5:00,0.428,291.98,0
1/30/2019 6:00,0.428,291.98,0
1/30/2019 7:00,0.428,291.98,0
1/30/2019 8:00,0.428,291.98,0
1/30/2019 9:00,0.427,291.98,0
1/30/2019 10:00,0.427,291.98,0
1/30/2019 11:00,0.427,291.98,0
1/30/2019 12:00,0.427,291.98,0
1/30/2019 13:00,0.427,291.98,0
1/30/2019 14:00,0.427,291.98,0
1/30/2019 15:00,0.427,291.98,0
1/30/2019 16:00,0.427,291.98,0
1/30/2019 17:00,0.428,291.98,0
1/30/2019 18:00,0.428,291.98,0
1/30/2019 19:00,0.428,291.98,0
1/30/2019 20:00,0.428,291.98,0
1/30/2019 21:00,0.428,291.98,0
1/30/2019 22:00,0.428,291.98,0
1/30/2019 23:00,0.428,291.98,0
1/31/2019 0:00,0.428,291.98,0
1/31/2019 1:00,0.428,291.98,0
1/31/2019 2:00,0.427,291.98,0
1/31/2019 3:00,0.427,291.98,0
1/31/2019 4:00,0.427,291.98,0
1/31/2019 5:00,0.427,291.98,0
1/31/2019 6:00,0.426,291.98,0
1/31/2019 7:00,0.425,291.98,0
1/31/2019 8:00,0.425,291.98,0
1/31/2019 9:00,0.425,291.98,0
1/31/2019 10:00,0.425,291.98,0
1/31/2019 11:00,0.425,291.98,0
1/31/2019 12:00,0.425,291.98,0
1/31/2019 13:00,0.424,291.98,0
1/31/2019 14:00,0.425,291.98,0
1/31/2019 15:00,0.424,291.98,0
1/31/2019 16:00,0.425,291.98,0
1/31/2019 17:00,0.425,291.98,0
1/31/2019 18:00,0.425,291.98,0
1/31/2019 19:00,0.425,291.98,0
1/31/2019 20:00,0.426,291.98,0
1/31/2019 21:00,0.426,291.98,0
1/31/2019 22:00,0.426,291.98,0
1/31/2019 23:00,0.426,291.98,0
2/1/2019 0:00,0.426,291.98,0
2/1/2019 1:00,0.426,291.98,0
2/1/2019 2:00,0.426,291.98,0
2/1/2019 3:00,0.426,291.98,0
2/1/2019 4:00,0.426,291.98,0
2/1/2019 5:00,0.426,291.98,0
2/1/2019 6:00,0.427,291.98,0
2/1/2019 7:00,0.427,291.98,0
2/1/2019 8:00,0.427,291.98,0
2/1/2019 9:00,0.427,291.98,0
2/1/2019 10:00,0.426,291.98,0
2/1/2019 11:00,0.426,291.98,0
2/1/2019 12:00,0.426,291.98,0
2/1/2019 13:00,0.426,291.98,0
2/1/2019 14:00,0.426,291.98,0
2/1/2019 15:00,0.429,292.03,0.5
2/1/2019 16:00,0.439,292.31,2.8
2/1/2019 17:00,0.439,292.46,1.5
2/1/2019 18:00,0.439,292.56,1
2/1/2019 19:00,0.439,292.64,0.8
2/1/2019 20:00,0.439,292.74,1
2/1/2019 21:00,0.44,293.12,3.8
2/1/2019 22:00,0.439,293.25,1.3
2/1/2019 23:00,0.44,293.38,1.3
2/2/2019 0:00,0.44,293.53,1.5
2/2/2019 1:00,0.439,293.73,2
2/2/2019 2:00,0.439,293.88,1.5
2/2/2019 3:00,0.439,294.09,2.1
2/2/2019 4:00,0.439,294.16,0.7
2/2/2019 5:00,0.439,294.37,2.1
2/2/2019 6:00,0.439,294.42,0.5
2/2/2019 7:00,0.439,294.49,0.7
2/2/2019 8:00,0.439,294.67,1.8
2/2/2019 9:00,0.439,294.77,1
2/2/2019 10:00,0.439,294.82,0.5
2/2/2019 11:00,0.439,294.82,0
2/2/2019 12:00,0.439,294.82,0
2/2/2019 13:00,0.439,294.82,0
2/2/2019 14:00,0.439,294.82,0
2/2/2019 15:00,0.44,294.82,0
2/2/2019 16:00,0.441,294.82,0
2/2/2019 17:00,0.441,294.82,0
2/2/2019 18:00,0.441,294.82,0
2/2/2019 19:00,0.441,294.82,0
2/2/2019 20:00,0.442,294.82,0
2/2/2019 21:00,0.442,294.82,0
2/2/2019 22:00,0.442,294.82,0
2/2/2019 23:00,0.441,294.82,0
2/3/2019 0:00,0.441,294.82,0
2/3/2019 1:00,0.441,294.82,0
2/3/2019 2:00,0.441,294.82,0
2/3/2019 3:00,0.441,294.82,0
2/3/2019 4:00,0.44,294.82,0
2/3/2019 5:00,0.44,294.82,0
2/3/2019 6:00,0.44,294.82,0
2/3/2019 7:00,0.439,294.82,0
2/3/2019 8:00,0.439,294.82,0
2/3/2019 9:00,0.439,294.82,0
2/3/2019 10:00,0.439,294.82,0
2/3/2019 11:00,0.439,294.82,0
2/3/2019 12:00,0.439,294.82,0
2/3/2019 13:00,0.439,294.87,0.5
2/3/2019 14:00,0.44,295.33,4.6
2/3/2019 15:00,0.44,295.53,2
2/3/2019 16:00,0.44,295.92,3.9
2/3/2019 17:00,0.44,295.94,0.2
2/3/2019 18:00,0.439,295.94,0
2/3/2019 19:00,0.44,296.12,1.8
2/3/2019 20:00,0.44,296.32,2
2/3/2019 21:00,0.44,296.35,0.3
2/3/2019 22:00,0.44,296.52,1.7
2/3/2019 23:00,0.44,296.58,0.6
2/4/2019 0:00,0.44,296.7,1.2
2/4/2019 1:00,0.44,296.85,1.5
2/4/2019 2:00,0.44,296.98,1.3
2/4/2019 3:00,0.439,297.13,1.5
2/4/2019 4:00,0.439,297.39,2.6
2/4/2019 5:00,0.439,297.41,0.2
2/4/2019 6:00,0.439,297.46,0.5
2/4/2019 7:00,0.439,297.49,0.3
2/4/2019 8:00,0.438,297.57,0.8
2/4/2019 9:00,0.438,297.62,0.5
2/4/2019 10:00,0.438,297.62,0
2/4/2019 11:00,0.437,297.72,1
2/4/2019 12:00,0.437,297.9,1.8
2/4/2019 13:00,0.437,298.15,2.5
2/4/2019 14:00,0.437,298.45,3
2/4/2019 15:00,0.437,298.45,0
2/4/2019 16:00,0.437,298.45,0
2/4/2019 17:00,0.437,298.45,0
2/4/2019 18:00,0.437,298.45,0
2/4/2019 19:00,0.437,298.45,0
2/4/2019 20:00,0.437,298.45,0
2/4/2019 21:00,0.437,298.45,0
2/4/2019 22:00,0.436,298.45,0
2/4/2019 23:00,0.436,298.45,0
2/5/2019 0:00,0.436,298.45,0
2/5/2019 1:00,0.436,298.45,0
2/5/2019 2:00,0.436,298.45,0
2/5/2019 3:00,0.436,298.45,0
2/5/2019 4:00,0.436,298.45,0
2/5/2019 5:00,0.435,298.45,0
2/5/2019 6:00,0.435,298.45,0
2/5/2019 7:00,0.435,298.45,0
2/5/2019 8:00,0.435,298.45,0
2/5/2019 9:00,0.435,298.45,0
2/5/2019 10:00,0.435,298.45,0
2/5/2019 11:00,0.435,298.45,0
2/5/2019 12:00,0.435,298.45,0
2/5/2019 13:00,0.435,298.45,0
2/5/2019 14:00,0.435,298.48,0.3
2/5/2019 15:00,0.435,298.48,0
2/5/2019 16:00,0.434,298.48,0
2/5/2019 17:00,0.435,298.48,0
2/5/2019 18:00,0.435,298.48,0
2/5/2019 19:00,0.435,298.48,0
2/5/2019 20:00,0.435,298.48,0
2/5/2019 21:00,0.435,298.48,0
2/5/2019 22:00,0.435,298.48,0
2/5/2019 23:00,0.435,298.48,0
2/6/2019 0:00,0.435,298.48,0
2/6/2019 1:00,0.435,298.48,0
2/6/2019 2:00,0.435,298.48,0
2/6/2019 3:00,0.435,298.48,0
2/6/2019 4:00,0.435,298.48,0
2/6/2019 5:00,0.434,298.48,0
2/6/2019 6:00,0.434,298.48,0
2/6/2019 7:00,0.434,298.48,0
2/6/2019 8:00,0.434,298.48,0
2/6/2019 9:00,0.434,298.48,0
2/6/2019 10:00,0.434,298.56,0.8
2/6/2019 11:00,0.434,298.56,0
2/6/2019 12:00,0.435,298.56,0
2/6/2019 13:00,0.435,298.56,0
2/6/2019 14:00,0.435,298.56,0
2/6/2019 15:00,0.435,298.56,0
2/6/2019 16:00,0.435,298.56,0
2/6/2019 17:00,0.436,298.56,0
2/6/2019 18:00,0.436,298.56,0
2/6/2019 19:00,0.436,298.56,0
2/6/2019 20:00,0.437,298.56,0
2/6/2019 21:00,0.436,298.56,0
2/6/2019 22:00,0.436,298.56,0
2/6/2019 23:00,0.436,298.56,0
2/7/2019 0:00,0.436,298.56,0
2/7/2019 1:00,0.436,298.56,0
2/7/2019 2:00,0.435,298.56,0
2/7/2019 3:00,0.436,298.56,0
2/7/2019 4:00,0.435,298.56,0
2/7/2019 5:00,0.435,298.56,0
2/7/2019 6:00,0.435,298.56,0
2/7/2019 7:00,0.435,298.56,0
2/7/2019 8:00,0.434,298.56,0
2/7/2019 9:00,0.433,298.56,0
2/7/2019 10:00,0.432,298.56,0
2/7/2019 11:00,0.432,298.56,0
2/7/2019 12:00,0.433,298.58,0.2
2/7/2019 13:00,0.433,298.58,0
2/7/2019 14:00,0.433,298.58,0
2/7/2019 15:00,0.433,298.58,0
2/7/2019 16:00,0.432,298.58,0
2/7/2019 17:00,0.432,298.58,0
2/7/2019 18:00,0.432,298.58,0
2/7/2019 19:00,0.432,298.58,0
2/7/2019 20:00,0.432,298.58,0
2/7/2019 21:00,0.432,298.58,0
2/7/2019 22:00,0.432,298.58,0
2/7/2019 23:00,0.432,298.58,0
2/8/2019 0:00,0.432,298.58,0
2/8/2019 1:00,0.432,298.58,0
2/8/2019 2:00,0.432,298.58,0
2/8/2019 3:00,0.432,298.58,0
2/8/2019 4:00,0.432,298.58,0
2/8/2019 5:00,0.432,298.58,0
2/8/2019 6:00,0.432,298.58,0
2/8/2019 7:00,0.432,298.58,0
2/8/2019 8:00,0.432,298.58,0
2/8/2019 9:00,0.432,298.58,0
2/8/2019 10:00,0.431,298.58,0
2/8/2019 11:00,0.429,298.58,0
2/8/2019 12:00,0.428,298.58,0
2/8/2019 13:00,0.428,298.58,0
2/8/2019 14:00,0.428,298.58,0
2/8/2019 15:00,0.428,298.58,0
2/8/2019 16:00,0.428,298.58,0
2/8/2019 17:00,0.428,298.58,0
2/8/2019 18:00,0.428,298.58,0
2/8/2019 19:00,0.428,298.58,0
2/8/2019 20:00,0.427,298.58,0
2/8/2019 21:00,0.427,298.58,0
2/8/2019 22:00,0.428,298.58,0
2/8/2019 23:00,0.427,298.58,0
2/9/2019 0:00,0.427,298.58,0
2/9/2019 1:00,0.427,298.58,0
2/9/2019 2:00,0.427,298.58,0
2/9/2019 3:00,0.427,298.58,0
2/9/2019 4:00,0.426,298.58,0
2/9/2019 5:00,0.426,298.58,0
2/9/2019 6:00,0.428,298.58,0
2/9/2019 7:00,0.429,298.58,0
2/9/2019 8:00,0.431,298.61,0.3
2/9/2019 9:00,0.435,298.76,1.5
2/9/2019 10:00,0.435,298.91,1.5
2/9/2019 11:00,0.435,299.04,1.3
2/9/2019 12:00,0.434,299.37,3.3
2/9/2019 13:00,0.434,299.98,6.1
2/9/2019 14:00,0.434,300.44,4.6
2/9/2019 15:00,0.434,300.72,2.8
2/9/2019 16:00,0.434,301.1,3.8
2/9/2019 17:00,0.434,301.2,1
2/9/2019 18:00,0.433,301.25,0.5
2/9/2019 19:00,0.433,301.25,0
2/9/2019 20:00,0.433,301.25,0
2/9/2019 21:00,0.433,301.25,0
2/9/2019 22:00,0.433,301.25,0
2/9/2019 23:00,0.433,301.25,0
2/10/2019 0:00,0.432,301.25,0
2/10/2019 1:00,0.433,301.25,0
2/10/2019 2:00,0.433,301.25,0
2/10/2019 3:00,0.433,301.25,0
2/10/2019 4:00,0.433,301.25,0
2/10/2019 5:00,0.432,301.25,0
2/10/2019 6:00,0.432,301.25,0
2/10/2019 7:00,0.432,301.25,0
2/10/2019 8:00,0.433,301.25,0
2/10/2019 9:00,0.433,301.25,0
2/10/2019 10:00,0.432,301.25,0
2/10/2019 11:00,0.432,301.25,0
2/10/2019 12:00,0.431,301.48,2.3
2/10/2019 13:00,0.433,302.5,10.2
2/10/2019 14:00,0.433,303,5
2/10/2019 15:00,0.433,303,0
2/10/2019 16:00,0.432,303,0
2/10/2019 17:00,0.433,303,0
2/10/2019 18:00,0.432,303,0
2/10/2019 19:00,0.432,303,0
2/10/2019 20:00,0.432,303,0
2/10/2019 21:00,0.432,303,0
2/10/2019 22:00,0.432,303,0
2/10/2019 23:00,0.431,303,0
2/11/2019 0:00,0.431,303,0
2/11/2019 1:00,0.431,303,0
2/11/2019 2:00,0.431,303,0
2/11/2019 3:00,0.431,303,0
2/11/2019 4:00,0.431,303,0
2/11/2019 5:00,0.431,303,0
2/11/2019 6:00,0.431,303,0
2/11/2019 7:00,0.431,303,0
2/11/2019 8:00,0.431,303,0
2/11/2019 9:00,0.431,303,0
2/11/2019 10:00,0.431,303,0
2/11/2019 11:00,0.431,303,0
2/11/2019 12:00,0.432,303,0
2/11/2019 13:00,0.432,303,0
2/11/2019 14:00,0.431,303,0
2/11/2019 15:00,0.431,303,0
2/11/2019 16:00,0.432,303,0
2/11/2019 17:00,0.432,303,0
2/11/2019 18:00,0.432,303,0
2/11/2019 19:00,0.433,303,0
2/11/2019 20:00,0.433,303.1,1
2/11/2019 21:00,0.433,303.1,0
2/11/2019 22:00,0.433,303.1,0
2/11/2019 23:00,0.433,303.1,0
2/12/2019 0:00,0.433,303.1,0
2/12/2019 1:00,0.433,303.1,0
2/12/2019 2:00,0.433,303.1,0
2/12/2019 3:00,0.433,303.1,0
2/12/2019 4:00,0.433,303.1,0
2/12/2019 5:00,0.433,303.1,0
2/12/2019 6:00,0.433,303.1,0
2/12/2019 7:00,0.433,303.1,0
2/12/2019 8:00,0.433,303.1,0
2/12/2019 9:00,0.433,303.1,0
2/12/2019 10:00,0.433,303.1,0
2/12/2019 11:00,0.433,303.1,0
2/12/2019 12:00,0.433,303.1,0
2/12/2019 13:00,0.433,303.1,0
2/12/2019 14:00,0.433,303.1,0
2/12/2019 15:00,0.433,303.1,0
2/12/2019 16:00,0.433,303.3,2
2/12/2019 17:00,0.434,303.7,4
2/12/2019 18:00,0.434,304.3,6
2/12/2019 19:00,0.434,304.9,6
2/12/2019 20:00,0.434,305.6,7
2/12/2019 21:00,0.433,306.3,7
2/12/2019 22:00,0.433,306.9,6
2/12/2019 23:00,0.433,308.2,13
2/13/2019 0:00,0.433,308.6,4
2/13/2019 1:00,0.433,308.8,2
2/13/2019 2:00,0.432,308.9,1
2/13/2019 3:00,0.432,309.5,6
2/13/2019 4:00,0.432,309.7,2
2/13/2019 5:00,0.432,309.9,2
2/13/2019 6:00,0.431,310,1
2/13/2019 7:00,0.432,310,0
2/13/2019 8:00,0.432,310,0
2/13/2019 9:00,0.432,310,0
2/13/2019 10:00,0.432,310.1,1
2/13/2019 11:00,0.433,310.1,0
2/13/2019 12:00,0.433,310.1,0
2/13/2019 13:00,0.433,310.1,0
2/13/2019 14:00,0.433,310.1,0
2/13/2019 15:00,0.433,310.1,0
2/13/2019 16:00,0.434,310.1,0
2/13/2019 17:00,0.434,310.4,3
2/13/2019 18:00,0.435,311.4,10
2/13/2019 19:00,0.435,311.4,0
2/13/2019 20:00,0.436,311.6,2
2/13/2019 21:00,0.436,312.1,5
2/13/2019 22:00,0.436,312.3,2
2/13/2019 23:00,0.436,312.8,5
2/14/2019 0:00,0.436,313.2,4
2/14/2019 1:00,0.437,313.7,5
2/14/2019 2:00,0.437,314.1,4
2/14/2019 3:00,0.437,314.5,4
2/14/2019 4:00,0.437,314.9,4
2/14/2019 5:00,0.437,315,1
2/14/2019 6:00,0.438,315.2,2
2/14/2019 7:00,0.438,315.6,4
2/14/2019 8:00,0.438,315.7,1
2/14/2019 9:00,0.439,315.7,0
2/14/2019 10:00,0.439,316.1,4
2/14/2019 11:00,0.439,316.2,1
2/14/2019 12:00,0.439,316.3,1
2/14/2019 13:00,0.439,316.4,1
2/14/2019 14:00,0.439,316.6,2
2/14/2019 15:00,0.439,316.7,1
2/14/2019 16:00,0.439,316.7,0
2/14/2019 17:00,0.439,316.8,1
2/14/2019 18:00,0.44,316.8,0
2/14/2019 19:00,0.44,317,2
2/14/2019 20:00,0.44,317.7,7
2/14/2019 21:00,0.44,318.2,5
2/14/2019 22:00,0.44,318.5,3
2/14/2019 23:00,0.44,318.7,2
2/15/2019 0:00,0.439,318.7,0
2/15/2019 1:00,0.439,319,3
2/15/2019 2:00,0.439,319,0
2/15/2019 3:00,0.439,319.2,2
2/15/2019 4:00,0.438,319.2,0
2/15/2019 5:00,0.438,319.3,1
2/15/2019 6:00,0.437,319.3,0
2/15/2019 7:00,0.437,319.3,0
2/15/2019 8:00,0.437,319.3,0
2/15/2019 9:00,0.437,319.4,1
2/15/2019 10:00,0.437,319.4,0
2/15/2019 11:00,0.436,319.4,0
2/15/2019 12:00,0.436,319.6,2
2/15/2019 13:00,0.436,320.4,8
2/15/2019 14:00,0.436,320.6,2
2/15/2019 15:00,0.436,320.6,0
2/15/2019 16:00,0.436,320.6,0
2/15/2019 17:00,0.436,320.6,0
2/15/2019 18:00,0.436,320.7,1
2/15/2019 19:00,0.436,320.8,1
2/15/2019 20:00,0.436,321.1,3
2/15/2019 21:00,0.435,321.2,1
2/15/2019 22:00,0.436,321.2,0
2/15/2019 23:00,0.435,321.2,0
2/16/2019 0:00,0.435,321.4,2
2/16/2019 1:00,0.435,321.5,1
2/16/2019 2:00,0.435,321.5,0
2/16/2019 3:00,0.435,321.6,1
2/16/2019 4:00,0.435,321.7,1
2/16/2019 5:00,0.435,321.8,1
2/16/2019 6:00,0.435,321.8,0
2/16/2019 7:00,0.435,321.9,1
2/16/2019 8:00,0.434,322.2,3
2/16/2019 9:00,0.434,322.4,2
2/16/2019 10:00,0.434,322.7,3
2/16/2019 11:00,0.434,323,3
2/16/2019 12:00,0.434,323.4,4
2/16/2019 13:00,0.434,323.9,5
2/16/2019 14:00,0.435,324,1
2/16/2019 15:00,0.435,324.1,1
2/16/2019 16:00,0.435,324.1,0
2/16/2019 17:00,0.435,324.1,0
2/16/2019 18:00,0.435,324.1,0
2/16/2019 19:00,0.435,324.1,0
2/16/2019 20:00,0.435,324.1,0
2/16/2019 21:00,0.435,324.1,0
2/16/2019 22:00,0.435,324.1,0
2/16/2019 23:00,0.435,324.1,0
2/17/2019 0:00,0.435,324.1,0
2/17/2019 1:00,0.435,324.1,0
2/17/2019 2:00,0.435,324.1,0
2/17/2019 3:00,0.435,324.1,0
2/17/2019 4:00,0.435,324.1,0
2/17/2019 5:00,0.435,324.1,0
2/17/2019 6:00,0.435,324.1,0
2/17/2019 7:00,0.435,324.1,0
2/17/2019 8:00,0.435,324.1,0
2/17/2019 9:00,0.434,324.1,0
2/17/2019 10:00,0.434,324.1,0
2/17/2019 11:00,0.434,324.1,0
2/17/2019 12:00,0.435,324.9,8
2/17/2019 13:00,0.435,324.9,0
2/17/2019 14:00,0.435,324.9,0
2/17/2019 15:00,0.435,324.9,0
2/17/2019 16:00,0.435,324.9,0
2/17/2019 17:00,0.435,324.9,0
2/17/2019 18:00,0.436,324.9,0
2/17/2019 19:00,0.436,324.9,0
2/17/2019 20:00,0.437,324.9,0
2/17/2019 21:00,0.437,324.9,0
2/17/2019 22:00,0.437,324.9,0
2/17/2019 23:00,0.437,324.9,0
2/18/2019 0:00,0.437,324.9,0
2/18/2019 1:00,0.436,324.9,0
2/18/2019 2:00,0.437,324.9,0
2/18/2019 3:00,0.436,324.9,0
2/18/2019 4:00,0.435,324.9,0
2/18/2019 5:00,0.435,324.9,0
2/18/2019 6:00,0.435,324.9,0
2/18/2019 7:00,0.435,324.9,0
2/18/2019 8:00,0.435,324.9,0
2/18/2019 9:00,0.435,324.9,0
2/18/2019 10:00,0.434,324.9,0
2/18/2019 11:00,0.435,324.9,0
2/18/2019 12:00,0.434,324.9,0
2/18/2019 13:00,0.435,324.9,0
2/18/2019 14:00,0.434,324.9,0
2/18/2019 15:00,0.434,324.9,0
2/18/2019 16:00,0.435,324.9,0
2/18/2019 17:00,0.435,324.9,0
2/18/2019 18:00,0.436,324.9,0
2/18/2019 19:00,0.436,324.9,0
2/18/2019 20:00,0.436,324.9,0
2/18/2019 21:00,0.437,324.9,0
2/18/2019 22:00,0.437,324.9,0
2/18/2019 23:00,0.437,324.9,0
2/19/2019 0:00,0.436,324.9,0
2/19/2019 1:00,0.436,324.9,0
2/19/2019 2:00,0.436,324.9,0
2/19/2019 3:00,0.435,324.9,0
2/19/2019 4:00,0.436,324.9,0
2/19/2019 5:00,0.435,324.9,0
2/19/2019 6:00,0.435,324.9,0
2/19/2019 7:00,0.435,324.9,0
2/19/2019 8:00,0.435,324.9,0
2/19/2019 9:00,0.435,324.9,0
2/19/2019 10:00,0.435,324.9,0
2/19/2019 11:00,0.435,324.9,0
2/19/2019 12:00,0.435,324.9,0
2/19/2019 13:00,0.434,324.9,0
2/19/2019 14:00,0.434,324.9,0
2/19/2019 15:00,0.435,324.9,0
2/19/2019 16:00,0.435,324.9,0
2/19/2019 17:00,0.435,324.9,0
2/19/2019 18:00,0.436,324.9,0
2/19/2019 19:00,0.436,324.9,0
2/19/2019 20:00,0.436,324.9,0
2/19/2019 21:00,0.437,324.9,0
2/19/2019 22:00,0.437,324.9,0
2/19/2019 23:00,0.437,324.9,0
2/20/2019 0:00,0.437,324.9,0
2/20/2019 1:00,0.437,324.9,0
2/20/2019 2:00,0.437,324.9,0
2/20/2019 3:00,0.437,324.9,0
2/20/2019 4:00,0.436,325,1
2/20/2019 5:00,0.436,325,0
2/20/2019 6:00,0.436,325.1,1
2/20/2019 7:00,0.436,325.2,1
2/20/2019 8:00,0.436,325.2,0
2/20/2019 9:00,0.436,325.2,0
2/20/2019 10:00,0.436,325.3,1
2/20/2019 11:00,0.436,325.3,0
2/20/2019 12:00,0.436,325.3,0
2/20/2019 13:00,0.436,325.3,0
2/20/2019 14:00,0.436,325.3,0
2/20/2019 15:00,0.436,325.3,0
2/20/2019 16:00,0.437,325.3,0
2/20/2019 17:00,0.437,325.3,0
2/20/2019 18:00,0.437,325.3,0
2/20/2019 19:00,0.437,325.3,0
2/20/2019 20:00,0.438,325.3,0
2/20/2019 21:00,0.437,325.3,0
2/20/2019 22:00,0.437,325.3,0
2/20/2019 23:00,0.438,325.3,0
2/21/2019 0:00,0.437,325.3,0
2/21/2019 1:00,0.437,325.3,0
2/21/2019 2:00,0.437,325.3,0
2/21/2019 3:00,0.437,325.3,0
2/21/2019 4:00,0.437,325.3,0
2/21/2019 5:00,0.437,325.3,0
2/21/2019 6:00,0.437,325.3,0
2/21/2019 7:00,0.437,325.3,0
2/21/2019 8:00,0.436,325.3,0
2/21/2019 9:00,0.436,325.3,0
2/21/2019 10:00,0.436,325.3,0
2/21/2019 11:00,0.436,325.3,0
2/21/2019 12:00,0.436,325.3,0
2/21/2019 13:00,0.435,325.3,0
2/21/2019 14:00,0.435,325.3,0
2/21/2019 15:00,0.436,325.3,0
2/21/2019 16:00,0.436,325.3,0
2/21/2019 17:00,0.436,325.3,0
2/21/2019 18:00,0.437,325.3,0
2/21/2019 19:00,0.437,325.3,0
2/21/2019 20:00,0.437,325.3,0
2/21/2019 21:00,0.437,325.3,0
2/21/2019 22:00,0.438,325.3,0
2/21/2019 23:00,0.436,325.3,0
2/22/2019 0:00,0.434,325.3,0
2/22/2019 1:00,0.433,325.3,0
2/22/2019 2:00,0.433,325.3,0
2/22/2019 3:00,0.432,325.3,0
2/22/2019 4:00,0.432,325.3,0
2/22/2019 5:00,0.431,325.3,0
2/22/2019 6:00,0.428,325.3,0
2/22/2019 7:00,0.427,325.3,0
2/22/2019 8:00,0.425,325.3,0
2/22/2019 9:00,0.424,325.3,0
2/22/2019 10:00,0.424,325.3,0
2/22/2019 11:00,0.424,325.3,0
2/22/2019 12:00,0.427,325.3,0
2/22/2019 13:00,0.429,325.3,0
2/22/2019 14:00,0.431,325.3,0
2/22/2019 15:00,0.431,325.3,0
2/22/2019 16:00,0.43,325.3,0
2/22/2019 17:00,0.429,325.3,0
2/22/2019 18:00,0.428,325.3,0
2/22/2019 19:00,0.429,325.3,0
2/22/2019 20:00,0.428,325.3,0
2/22/2019 21:00,0.428,325.3,0
2/22/2019 22:00,0.428,325.3,0
2/22/2019 23:00,0.427,325.3,0
2/23/2019 0:00,0.427,325.3,0
2/23/2019 1:00,0.427,325.3,0
2/23/2019 2:00,0.426,325.3,0
2/23/2019 3:00,0.426,325.3,0
2/23/2019 4:00,0.426,325.3,0
2/23/2019 5:00,0.426,325.3,0
2/23/2019 6:00,0.425,325.3,0
2/23/2019 7:00,0.425,325.3,0
2/23/2019 8:00,0.425,325.3,0
2/23/2019 9:00,0.425,325.3,0
2/23/2019 10:00,0.425,325.3,0
2/23/2019 11:00,0.426,325.3,0
2/23/2019 12:00,0.425,325.3,0
2/23/2019 13:00,0.426,325.3,0
2/23/2019 14:00,0.426,325.3,0
2/23/2019 15:00,0.426,325.3,0
2/23/2019 16:00,0.426,325.3,0
2/23/2019 17:00,0.428,325.3,0
2/23/2019 18:00,0.433,325.4,1
2/23/2019 19:00,0.437,325.5,1
2/23/2019 20:00,0.437,325.5,0
2/23/2019 21:00,0.437,325.5,0
2/23/2019 22:00,0.437,325.5,0
2/23/2019 23:00,0.437,325.5,0
2/24/2019 0:00,0.437,325.5,0
2/24/2019 1:00,0.437,325.5,0
2/24/2019 2:00,0.437,325.6,1
2/24/2019 3:00,0.438,325.6,0
2/24/2019 4:00,0.438,325.6,0
2/24/2019 5:00,0.438,325.7,1
2/24/2019 6:00,0.437,325.7,0
2/24/2019 7:00,0.437,325.8,1
2/24/2019 8:00,0.437,325.8,0
2/24/2019 9:00,0.437,325.8,0
2/24/2019 10:00,0.437,325.8,0
2/24/2019 11:00,0.437,325.8,0
2/24/2019 12:00,0.437,325.8,0
2/24/2019 13:00,0.437,325.9,1
2/24/2019 14:00,0.437,325.9,0
2/24/2019 15:00,0.438,326,1
2/24/2019 16:00,0.438,326,0
2/24/2019 17:00,0.438,326,0
2/24/2019 18:00,0.439,326.1,1
2/24/2019 19:00,0.439,326.4,3
2/24/2019 20:00,0.439,326.6,2
2/24/2019 21:00,0.439,326.8,2
2/24/2019 22:00,0.439,326.9,1
2/24/2019 23:00,0.439,326.9,0
2/25/2019 0:00,0.439,326.9,0
2/25/2019 1:00,0.439,326.9,0
2/25/2019 2:00,0.439,327.2,3
2/25/2019 3:00,0.439,327.5,3
2/25/2019 4:00,0.439,327.7,2
2/25/2019 5:00,0.439,328,3
2/25/2019 6:00,0.439,328.2,2
2/25/2019 7:00,0.439,328.3,1
2/25/2019 8:00,0.439,328.6,3
2/25/2019 9:00,0.439,328.7,1
2/25/2019 10:00,0.439,329.1,4
2/25/2019 11:00,0.439,329.7,6
2/25/2019 12:00,0.439,330.3,6
2/25/2019 13:00,0.439,330.5,2
2/25/2019 14:00,0.439,330.9,4
2/25/2019 15:00,0.439,331.1,2
2/25/2019 16:00,0.439,331.6,5
2/25/2019 17:00,0.439,332.1,5
2/25/2019 18:00,0.439,332.3,2
2/25/2019 19:00,0.439,332.5,2
2/25/2019 20:00,0.439,332.6,1
2/25/2019 21:00,0.44,332.8,2
2/25/2019 22:00,0.44,333,2
2/25/2019 23:00,0.44,333.4,4
2/26/2019 0:00,0.44,333.9,5
2/26/2019 1:00,0.44,334.1,2
2/26/2019 2:00,0.44,334.3,2
2/26/2019 3:00,0.44,334.4,1
2/26/2019 4:00,0.44,334.4,0
2/26/2019 5:00,0.44,334.4,0
2/26/2019 6:00,0.44,334.4,0
2/26/2019 7:00,0.44,334.4,0
2/26/2019 8:00,0.44,334.4,0
2/26/2019 9:00,0.44,334.5,1
2/26/2019 10:00,0.44,334.6,1
2/26/2019 11:00,0.44,334.8,2
2/26/2019 12:00,0.44,335.3,5
2/26/2019 13:00,0.44,335.6,3
2/26/2019 14:00,0.44,336.2,6
2/26/2019 15:00,0.441,336.7,5
2/26/2019 16:00,0.441,337,3
2/26/2019 17:00,0.441,337.5,5
2/26/2019 18:00,0.441,337.6,1
2/26/2019 19:00,0.442,337.8,2
2/26/2019 20:00,0.442,338.2,4
2/26/2019 21:00,0.442,338.8,6
2/26/2019 22:00,0.442,339.1,3
2/26/2019 23:00,0.442,339.6,5
2/27/2019 0:00,0.442,340.2,6
2/27/2019 1:00,0.442,340.7,5
2/27/2019 2:00,0.442,341.3,6
2/27/2019 3:00,0.442,341.7,4
2/27/2019 4:00,0.442,341.7,0
2/27/2019 5:00,0.442,341.8,1
2/27/2019 6:00,0.442,341.9,1
2/27/2019 7:00,0.442,342,1
2/27/2019 8:00,0.442,342,0
2/27/2019 9:00,0.442,342,0
2/27/2019 10:00,0.442,342.1,1
2/27/2019 11:00,0.442,342.1,0
2/27/2019 12:00,0.442,342.1,0
2/27/2019 13:00,0.442,342.2,1
2/27/2019 14:00,0.443,342.3,1
2/27/2019 15:00,0.443,342.3,0
2/27/2019 16:00,0.443,342.7,4
2/27/2019 17:00,0.444,342.8,1
2/27/2019 18:00,0.444,342.8,0
2/27/2019 19:00,0.444,342.8,0
2/27/2019 20:00,0.444,342.8,0
2/27/2019 21:00,0.444,342.8,0
2/27/2019 22:00,0.444,342.8,0
2/27/2019 23:00,0.444,342.8,0
2/28/2019 0:00,0.444,342.8,0
2/28/2019 1:00,0.444,342.8,0
2/28/2019 2:00,0.444,342.8,0
2/28/2019 3:00,0.444,342.9,1
2/28/2019 4:00,0.443,343,1
2/28/2019 5:00,0.443,343,0
2/28/2019 6:00,0.443,343,0
2/28/2019 7:00,0.443,343.1,1
2/28/2019 8:00,0.443,343.1,0
2/28/2019 9:00,0.442,343.1,0
2/28/2019 10:00,0.442,343.1,0
2/28/2019 11:00,0.442,343.1,0
2/28/2019 12:00,0.442,343.1,0
2/28/2019 13:00,0.442,343.1,0
2/28/2019 14:00,0.442,343.1,0
2/28/2019 15:00,0.442,343.1,0
2/28/2019 16:00,0.443,343.1,0
2/28/2019 17:00,0.443,343.1,0
2/28/2019 18:00,0.444,343.1,0
2/28/2019 19:00,0.444,343.1,0
2/28/2019 20:00,0.444,343.1,0
2/28/2019 21:00,0.444,343.1,0
2/28/2019 22:00,0.444,343.1,0
2/28/2019 23:00,0.444,343.1,0
3/1/2019 0:00,0.444,343.1,0
3/1/2019 1:00,0.444,343.1,0
3/1/2019 2:00,0.444,343.1,0
3/1/2019 3:00,0.443,343.1,0
3/1/2019 4:00,0.443,343.1,0
3/1/2019 5:00,0.443,343.1,0
3/1/2019 6:00,0.443,343.1,0
3/1/2019 7:00,0.443,343.1,0
3/1/2019 8:00,0.443,343.1,0
3/1/2019 9:00,0.443,343.1,0
3/1/2019 10:00,0.443,343.1,0
3/1/2019 11:00,0.442,343.1,0
3/1/2019 12:00,0.442,343.1,0
3/1/2019 13:00,0.442,343.1,0
3/1/2019 14:00,0.443,343.1,0
3/1/2019 15:00,0.443,343.1,0
3/1/2019 16:00,0.443,343.1,0
3/1/2019 17:00,0.443,343.1,0
3/1/2019 18:00,0.443,343.1,0
3/1/2019 19:00,0.444,343.1,0
3/1/2019 20:00,0.444,343.1,0
3/1/2019 21:00,0.444,343.1,0
3/1/2019 22:00,0.444,343.1,0
3/1/2019 23:00,0.444,343.1,0
3/2/2019 0:00,0.444,343.2,1
3/2/2019 1:00,0.444,343.3,1
3/2/2019 2:00,0.443,343.4,1
3/2/2019 3:00,0.443,343.6,2
3/2/2019 4:00,0.443,343.7,1
3/2/2019 5:00,0.443,343.9,2
3/2/2019 6:00,0.443,344.2,3
3/2/2019 7:00,0.443,344.4,2
3/2/2019 8:00,0.443,344.8,4
3/2/2019 9:00,0.443,344.9,1
3/2/2019 10:00,0.443,345,1
3/2/2019 11:00,0.443,345,0
3/2/2019 12:00,0.443,345,0
3/2/2019 13:00,0.443,345,0
3/2/2019 14:00,0.443,345,0
3/2/2019 15:00,0.443,345,0
3/2/2019 16:00,0.444,345,0
3/2/2019 17:00,0.445,345,0
3/2/2019 18:00,0.445,345,0
3/2/2019 19:00,0.446,345,0
3/2/2019 20:00,0.446,345,0
3/2/2019 21:00,0.446,345,0
3/2/2019 22:00,0.446,345.1,1
3/2/2019 23:00,0.446,345.1,0
3/3/2019 0:00,0.446,345.1,0
3/3/2019 1:00,0.446,345.1,0
3/3/2019 2:00,0.446,345.2,1
3/3/2019 3:00,0.446,345.4,2
3/3/2019 4:00,0.446,345.7,3
3/3/2019 5:00,0.446,345.9,2
3/3/2019 6:00,0.446,346,1
3/3/2019 7:00,0.446,346,0
3/3/2019 8:00,0.446,346,0
3/3/2019 9:00,0.446,346,0
3/3/2019 10:00,0.446,346,0
3/3/2019 11:00,0.446,346,0
3/3/2019 12:00,0.446,346,0
3/3/2019 13:00,0.446,346.1,1
3/3/2019 14:00,0.446,346.2,1
3/3/2019 15:00,0.447,346.2,0
3/3/2019 16:00,0.447,346.2,0
3/3/2019 17:00,0.447,346.2,0
3/3/2019 18:00,0.448,346.2,0
3/3/2019 19:00,0.448,346.2,0
3/3/2019 20:00,0.448,346.2,0
3/3/2019 21:00,0.448,346.2,0
3/3/2019 22:00,0.449,346.2,0
3/3/2019 23:00,0.449,346.2,0
3/4/2019 0:00,0.449,346.3,1
3/4/2019 1:00,0.448,346.3,0
3/4/2019 2:00,0.448,346.3,0
3/4/2019 3:00,0.448,346.3,0
3/4/2019 4:00,0.448,346.3,0
3/4/2019 5:00,0.447,346.3,0
3/4/2019 6:00,0.447,346.3,0
3/4/2019 7:00,0.447,346.3,0
3/4/2019 8:00,0.447,346.3,0
3/4/2019 9:00,0.447,346.3,0
3/4/2019 10:00,0.447,346.3,0
3/4/2019 11:00,0.447,346.3,0
3/4/2019 12:00,0.447,346.3,0
3/4/2019 13:00,0.447,346.3,0
3/4/2019 14:00,0.447,346.3,0
3/4/2019 15:00,0.447,346.3,0
3/4/2019 16:00,0.447,346.3,0
3/4/2019 17:00,0.448,346.3,0
3/4/2019 18:00,0.448,346.4,1
3/4/2019 19:00,0.448,346.4,0
3/4/2019 20:00,0.449,346.4,0
3/4/2019 21:00,0.449,346.4,0
3/4/2019 22:00,0.449,346.4,0
3/4/2019 23:00,0.449,346.4,0
3/5/2019 0:00,0.449,346.4,0
3/5/2019 1:00,0.448,346.4,0
3/5/2019 2:00,0.448,346.4,0
3/5/2019 3:00,0.447,346.4,0
3/5/2019 4:00,0.447,346.4,0
3/5/2019 5:00,0.447,346.4,0
3/5/2019 6:00,0.447,346.4,0
3/5/2019 7:00,0.447,346.4,0
3/5/2019 8:00,0.447,346.4,0
3/5/2019 9:00,0.446,346.4,0
3/5/2019 10:00,0.446,346.4,0
3/5/2019 11:00,0.446,346.4,0
3/5/2019 12:00,0.446,346.4,0
3/5/2019 13:00,0.446,346.4,0
3/5/2019 14:00,0.446,346.4,0
3/5/2019 15:00,0.446,346.4,0
3/5/2019 16:00,0.445,346.5,1
3/5/2019 17:00,0.446,346.7,2
3/5/2019 18:00,0.446,346.7,0
3/5/2019 19:00,0.446,346.9,2
3/5/2019 20:00,0.446,346.9,0
3/5/2019 21:00,0.446,347,1
3/5/2019 22:00,0.446,347,0
3/5/2019 23:00,0.446,347.1,1
3/6/2019 0:00,0.446,347.5,4
3/6/2019 1:00,0.446,347.8,3
3/6/2019 2:00,0.446,348.1,3
3/6/2019 3:00,0.446,348.2,1
3/6/2019 4:00,0.446,348.5,3
3/6/2019 5:00,0.446,348.7,2
3/6/2019 6:00,0.446,349.3,6
3/6/2019 7:00,0.445,349.7,4
3/6/2019 8:00,0.445,349.8,1
3/6/2019 9:00,0.445,349.9,1
3/6/2019 10:00,0.445,349.9,0
3/6/2019 11:00,0.445,349.9,0
3/6/2019 12:00,0.445,349.9,0
3/6/2019 13:00,0.445,349.9,0
3/6/2019 14:00,0.446,350.5,6
3/6/2019 15:00,0.446,350.9,4
3/6/2019 16:00,0.447,350.9,0
3/6/2019 17:00,0.447,350.9,0
3/6/2019 18:00,0.448,350.9,0
3/6/2019 19:00,0.448,350.9,0
3/6/2019 20:00,0.448,350.9,0
3/6/2019 21:00,0.448,350.9,0
3/6/2019 22:00,0.448,350.9,0
3/6/2019 23:00,0.448,351.1,2
3/7/2019 0:00,0.448,351.1,0
3/7/2019 1:00,0.448,351.1,0
3/7/2019 2:00,0.447,351.2,1
3/7/2019 3:00,0.447,351.2,0
3/7/2019 4:00,0.447,351.3,1
3/7/2019 5:00,0.447,351.3,0
3/7/2019 6:00,0.446,351.3,0
3/7/2019 7:00,0.447,351.3,0
3/7/2019 8:00,0.447,351.4,1
3/7/2019 9:00,0.446,351.4,0
3/7/2019 10:00,0.447,351.4,0
3/7/2019 11:00,0.446,351.4,0
3/7/2019 12:00,0.446,351.4,0
3/7/2019 13:00,0.446,351.4,0
3/7/2019 14:00,0.446,351.4,0
3/7/2019 15:00,0.446,351.4,0
3/7/2019 16:00,0.447,351.4,0
3/7/2019 17:00,0.447,351.4,0
3/7/2019 18:00,0.447,351.4,0
3/7/2019 19:00,0.447,351.4,0
3/7/2019 20:00,0.447,351.4,0
3/7/2019 21:00,0.447,351.4,0
3/7/2019 22:00,0.448,351.4,0
3/7/2019 23:00,0.447,351.4,0
3/8/2019 0:00,0.447,351.4,0
3/8/2019 1:00,0.447,351.4,0
3/8/2019 2:00,0.447,351.4,0
3/8/2019 3:00,0.446,351.4,0
3/8/2019 4:00,0.446,351.4,0
3/8/2019 5:00,0.446,351.4,0
3/8/2019 6:00,0.446,351.4,0
3/8/2019 7:00,0.445,351.4,0
3/8/2019 8:00,0.445,351.4,0
3/8/2019 9:00,0.445,351.4,0
3/8/2019 10:00,0.445,351.4,0
3/8/2019 11:00,0.445,351.4,0
3/8/2019 12:00,0.444,351.4,0
3/8/2019 13:00,0.444,351.4,0
3/8/2019 14:00,0.445,351.4,0
3/8/2019 15:00,0.445,351.4,0
3/8/2019 16:00,0.445,351.4,0
3/8/2019 17:00,0.446,351.4,0
3/8/2019 18:00,0.445,351.4,0
3/8/2019 19:00,0.443,351.4,0
3/8/2019 20:00,0.442,351.4,0
3/8/2019 21:00,0.443,351.4,0
3/8/2019 22:00,0.442,351.4,0
3/8/2019 23:00,0.442,351.4,0
3/9/2019 0:00,0.441,351.4,0
3/9/2019 1:00,0.441,351.4,0
3/9/2019 2:00,0.441,351.4,0
3/9/2019 3:00,0.441,351.4,0
3/9/2019 4:00,0.44,351.4,0
3/9/2019 5:00,0.44,351.4,0
3/9/2019 6:00,0.44,351.4,0
3/9/2019 7:00,0.44,351.4,0
3/9/2019 8:00,0.441,351.5,1
3/9/2019 9:00,0.443,351.5,0
3/9/2019 10:00,0.444,351.5,0
3/9/2019 11:00,0.444,351.5,0
3/9/2019 12:00,0.443,351.5,0
3/9/2019 13:00,0.442,351.5,0
3/9/2019 14:00,0.441,351.5,0
3/9/2019 15:00,0.441,351.5,0
3/9/2019 16:00,0.444,351.6,1
3/9/2019 17:00,0.444,351.7,1
3/9/2019 18:00,0.444,351.8,1
3/9/2019 19:00,0.444,352.2,4
3/9/2019 20:00,0.445,352.5,3
3/9/2019 21:00,0.445,352.7,2
3/9/2019 22:00,0.444,352.8,1
3/9/2019 23:00,0.445,353.2,4
3/10/2019 0:00,0.445,353.4,2
3/10/2019 1:00,0.445,353.5,1
3/10/2019 2:00,0.444,353.5,0
3/10/2019 3:00,0.444,353.5,0
3/10/2019 4:00,0.444,353.5,0
3/10/2019 5:00,0.444,353.5,0
3/10/2019 6:00,0.443,353.5,0
3/10/2019 7:00,0.443,353.5,0
3/10/2019 8:00,0.443,353.5,0
3/10/2019 9:00,0.443,353.6,1
3/10/2019 10:00,0.443,353.6,0
3/10/2019 11:00,0.443,353.6,0
3/10/2019 12:00,0.443,353.6,0
3/10/2019 13:00,0.443,353.6,0
3/10/2019 14:00,0.444,353.6,0
3/10/2019 15:00,0.443,353.6,0
3/10/2019 16:00,0.444,353.7,1
3/10/2019 17:00,0.445,353.7,0
3/10/2019 18:00,0.445,353.7,0
3/10/2019 19:00,0.445,353.7,0
3/10/2019 20:00,0.445,353.7,0
3/10/2019 21:00,0.445,353.7,0
3/10/2019 22:00,0.445,353.7,0
3/10/2019 23:00,0.445,353.7,0
3/11/2019 0:00,0.445,353.7,0
3/11/2019 1:00,0.445,353.7,0
3/11/2019 2:00,0.445,353.7,0
3/11/2019 3:00,0.444,353.7,0
3/11/2019 4:00,0.444,353.7,0
3/11/2019 5:00,0.444,353.7,0
3/11/2019 6:00,0.443,353.7,0
3/11/2019 7:00,0.443,353.7,0
3/11/2019 8:00,0.443,353.7,0
3/11/2019 9:00,0.443,353.7,0
3/11/2019 10:00,0.443,353.7,0
3/11/2019 11:00,0.443,353.7,0
3/11/2019 12:00,0.443,353.7,0
3/11/2019 13:00,0.443,353.7,0
3/11/2019 14:00,0.443,353.7,0
3/11/2019 15:00,0.443,353.7,0
3/11/2019 16:00,0.442,353.7,0
3/11/2019 17:00,0.441,353.7,0
3/11/2019 18:00,0.441,353.7,0
3/11/2019 19:00,0.438,353.7,0
3/11/2019 20:00,0.439,353.7,0
3/11/2019 21:00,0.439,353.7,0
3/11/2019 22:00,0.439,353.7,0
3/11/2019 23:00,0.439,353.7,0
3/12/2019 0:00,0.439,353.7,0
3/12/2019 1:00,0.439,353.7,0
3/12/2019 2:00,0.439,353.7,0
3/12/2019 3:00,0.438,353.7,0
3/12/2019 4:00,0.437,353.7,0
3/12/2019 5:00,0.437,353.7,0
3/12/2019 6:00,0.436,353.7,0
3/12/2019 7:00,0.436,353.7,0
3/12/2019 8:00,0.436,353.7,0
3/12/2019 9:00,0.438,353.8,1
3/12/2019 10:00,0.439,353.8,0
3/12/2019 11:00,0.44,353.8,0
3/12/2019 12:00,0.438,353.8,0
3/12/2019 13:00,0.438,353.8,0
3/12/2019 14:00,0.437,353.8,0
3/12/2019 15:00,0.436,353.8,0
3/12/2019 16:00,0.435,353.8,0
3/12/2019 17:00,0.434,353.8,0
3/12/2019 18:00,0.435,353.8,0
3/12/2019 19:00,0.435,353.8,0
3/12/2019 20:00,0.434,353.8,0
3/12/2019 21:00,0.434,353.8,0
3/12/2019 22:00,0.434,353.8,0
3/12/2019 23:00,0.434,353.8,0
3/13/2019 0:00,0.434,353.8,0
3/13/2019 1:00,0.433,353.8,0
3/13/2019 2:00,0.433,353.8,0
3/13/2019 3:00,0.432,353.8,0
3/13/2019 4:00,0.432,353.8,0
3/13/2019 5:00,0.431,353.8,0
3/13/2019 6:00,0.431,353.8,0
3/13/2019 7:00,0.431,353.8,0
3/13/2019 8:00,0.43,353.8,0
3/13/2019 9:00,0.43,353.8,0
3/13/2019 10:00,0.43,353.8,0
3/13/2019 11:00,0.429,353.8,0
3/13/2019 12:00,0.429,353.8,0
3/13/2019 13:00,0.429,353.8,0
3/13/2019 14:00,0.429,353.8,0
3/13/2019 15:00,0.429,353.8,0
3/13/2019 16:00,0.429,353.8,0
3/13/2019 17:00,0.43,353.8,0
3/13/2019 18:00,0.431,353.8,0
3/13/2019 19:00,0.431,353.8,0
3/13/2019 20:00,0.431,353.8,0
3/13/2019 21:00,0.431,353.8,0
3/13/2019 22:00,0.431,353.8,0
3/13/2019 23:00,0.432,353.8,0
3/14/2019 0:00,0.432,353.8,0
3/14/2019 1:00,0.431,353.8,0
3/14/2019 2:00,0.431,353.8,0
3/14/2019 3:00,0.431,353.8,0
3/14/2019 4:00,0.43,353.8,0
3/14/2019 5:00,0.43,353.8,0
3/14/2019 6:00,0.429,353.8,0
3/14/2019 7:00,0.429,353.8,0
3/14/2019 8:00,0.429,353.8,0
3/14/2019 9:00,0.428,353.8,0
3/14/2019 10:00,0.428,353.8,0
3/14/2019 11:00,0.429,353.8,0
3/14/2019 12:00,0.428,353.8,0
3/14/2019 13:00,0.428,353.8,0
3/14/2019 14:00,0.428,353.8,0
3/14/2019 15:00,0.428,353.8,0
3/14/2019 16:00,0.429,353.8,0
3/14/2019 17:00,0.429,353.8,0
3/14/2019 18:00,0.43,353.8,0
3/14/2019 19:00,0.431,353.8,0
3/14/2019 20:00,0.431,353.8,0
3/14/2019 21:00,0.431,353.8,0
3/14/2019 22:00,0.432,353.8,0
3/14/2019 23:00,0.432,353.8,0
3/15/2019 0:00,0.432,353.8,0
3/15/2019 1:00,0.432,353.8,0
3/15/2019 2:00,0.431,353.8,0
3/15/2019 3:00,0.431,353.8,0
3/15/2019 4:00,0.431,353.8,0
3/15/2019 5:00,0.431,353.8,0
3/15/2019 6:00,0.431,353.8,0
3/15/2019 7:00,0.43,353.8,0
3/15/2019 8:00,0.43,353.8,0
3/15/2019 9:00,0.429,353.8,0
3/15/2019 10:00,0.429,353.8,0
3/15/2019 11:00,0.429,353.8,0
3/15/2019 12:00,0.429,353.8,0
3/15/2019 13:00,0.429,353.8,0
3/15/2019 14:00,0.429,353.8,0
3/15/2019 15:00,0.429,353.8,0
3/15/2019 16:00,0.43,353.8,0
3/15/2019 17:00,0.43,353.8,0
3/15/2019 18:00,0.431,353.8,0
3/15/2019 19:00,0.432,353.8,0
3/15/2019 20:00,0.432,353.8,0
3/15/2019 21:00,0.433,353.8,0
3/15/2019 22:00,0.433,353.8,0
3/15/2019 23:00,0.432,353.8,0
3/16/2019 0:00,0.433,353.8,0
3/16/2019 1:00,0.432,353.8,0
3/16/2019 2:00,0.432,353.8,0
3/16/2019 3:00,0.431,353.8,0
3/16/2019 4:00,0.431,353.8,0
3/16/2019 5:00,0.431,353.8,0
3/16/2019 6:00,0.431,353.8,0
3/16/2019 7:00,0.43,353.8,0
3/16/2019 8:00,0.43,353.8,0
3/16/2019 9:00,0.43,353.8,0
3/16/2019 10:00,0.43,353.8,0
3/16/2019 11:00,0.43,353.8,0
3/16/2019 12:00,0.429,353.8,0
3/16/2019 13:00,0.429,353.8,0
3/16/2019 14:00,0.429,353.8,0
3/16/2019 15:00,0.43,353.8,0
3/16/2019 16:00,0.43,353.8,0
3/16/2019 17:00,0.431,353.8,0
3/16/2019 18:00,0.431,353.8,0
3/16/2019 19:00,0.432,353.8,0
3/16/2019 20:00,0.432,353.8,0
3/16/2019 21:00,0.433,353.8,0
3/16/2019 22:00,0.433,353.8,0
3/16/2019 23:00,0.433,353.8,0
3/17/2019 0:00,0.432,353.8,0
3/17/2019 1:00,0.433,353.8,0
3/17/2019 2:00,0.432,353.8,0
3/17/2019 3:00,0.432,353.8,0
3/17/2019 4:00,0.432,353.8,0
3/17/2019 5:00,0.431,353.8,0
3/17/2019 6:00,0.431,353.8,0
3/17/2019 7:00,0.431,353.8,0
3/17/2019 8:00,0.431,353.8,0
3/17/2019 9:00,0.43,353.8,0
3/17/2019 10:00,0.43,353.8,0
3/17/2019 11:00,0.43,353.8,0
3/17/2019 12:00,0.43,353.8,0
3/17/2019 13:00,0.43,353.8,0
3/17/2019 14:00,0.43,353.8,0
3/17/2019 15:00,0.43,353.8,0
3/17/2019 16:00,0.431,353.8,0
3/17/2019 17:00,0.432,353.8,0
3/17/2019 18:00,0.433,353.8,0
3/17/2019 19:00,0.433,353.8,0
3/17/2019 20:00,0.434,353.8,0
3/17/2019 21:00,0.434,353.8,0
3/17/2019 22:00,0.435,353.8,0
3/17/2019 23:00,0.434,353.8,0
3/18/2019 0:00,0.434,353.8,0
3/18/2019 1:00,0.434,353.8,0
3/18/2019 2:00,0.433,353.8,0
3/18/2019 3:00,0.434,353.8,0
3/18/2019 4:00,0.433,353.8,0
3/18/2019 5:00,0.433,353.8,0
3/18/2019 6:00,0.433,353.8,0
3/18/2019 7:00,0.433,353.8,0
3/18/2019 8:00,0.432,353.8,0
3/18/2019 9:00,0.432,353.8,0
3/18/2019 10:00,0.432,353.8,0
3/18/2019 11:00,0.432,353.8,0
3/18/2019 12:00,0.431,353.8,0
3/18/2019 13:00,0.431,353.8,0
3/18/2019 14:00,0.431,353.8,0
3/18/2019 15:00,0.431,353.8,0
3/18/2019 16:00,0.432,353.8,0
3/18/2019 17:00,0.433,353.8,0
3/18/2019 18:00,0.433,353.8,0
3/18/2019 19:00,0.434,353.8,0
3/18/2019 20:00,0.435,353.8,0
3/18/2019 21:00,0.435,353.8,0
3/18/2019 22:00,0.435,353.8,0
3/18/2019 23:00,0.435,353.8,0
3/19/2019 0:00,0.435,353.8,0
3/19/2019 1:00,0.435,353.8,0
3/19/2019 2:00,0.435,353.8,0
3/19/2019 3:00,0.434,353.8,0
3/19/2019 4:00,0.434,353.8,0
3/19/2019 5:00,0.433,353.8,0
3/19/2019 6:00,0.433,353.8,0
3/19/2019 7:00,0.433,353.8,0
3/19/2019 8:00,0.433,353.8,0
3/19/2019 9:00,0.433,353.8,0
3/19/2019 10:00,0.433,353.8,0
3/19/2019 11:00,0.433,353.8,0
3/19/2019 12:00,0.432,353.8,0
3/19/2019 13:00,0.433,353.8,0
3/19/2019 14:00,0.433,353.8,0
3/19/2019 15:00,0.433,353.8,0
3/19/2019 16:00,0.434,353.8,0
3/19/2019 17:00,0.434,353.8,0
3/19/2019 18:00,0.435,353.8,0
3/19/2019 19:00,0.435,353.8,0
3/19/2019 20:00,0.436,353.8,0
3/19/2019 21:00,0.435,353.8,0
3/19/2019 22:00,0.435,353.8,0
3/19/2019 23:00,0.436,353.8,0
3/20/2019 0:00,0.435,353.8,0
3/20/2019 1:00,0.435,353.8,0
3/20/2019 2:00,0.435,353.8,0
3/20/2019 3:00,0.435,353.8,0
3/20/2019 4:00,0.437,353.9,1
3/20/2019 5:00,0.438,354.1,2
3/20/2019 6:00,0.444,354.3,2
3/20/2019 7:00,0.445,354.3,0
3/20/2019 8:00,0.445,354.3,0
3/20/2019 9:00,0.444,354.3,0
3/20/2019 10:00,0.443,354.3,0
3/20/2019 11:00,0.443,354.4,1
3/20/2019 12:00,0.447,354.5,1
3/20/2019 13:00,0.447,354.5,0
3/20/2019 14:00,0.447,354.6,1
3/20/2019 15:00,0.449,354.7,1
3/20/2019 16:00,0.45,354.9,2
3/20/2019 17:00,0.45,355.3,4
3/20/2019 18:00,0.451,355.6,3
3/20/2019 19:00,0.451,355.6,0
3/20/2019 20:00,0.45,355.8,2
3/20/2019 21:00,0.45,355.8,0
3/20/2019 22:00,0.45,355.8,0
3/20/2019 23:00,0.45,355.8,0
3/21/2019 0:00,0.45,355.8,0
3/21/2019 1:00,0.45,355.8,0
3/21/2019 2:00,0.45,355.8,0
3/21/2019 3:00,0.449,355.8,0
3/21/2019 4:00,0.449,355.8,0
3/21/2019 5:00,0.449,355.8,0
3/21/2019 6:00,0.449,355.8,0
3/21/2019 7:00,0.448,355.8,0
3/21/2019 8:00,0.449,355.8,0
3/21/2019 9:00,0.449,355.8,0
3/21/2019 10:00,0.448,355.8,0
3/21/2019 11:00,0.448,355.8,0
3/21/2019 12:00,0.448,355.8,0
3/21/2019 13:00,0.448,355.8,0
3/21/2019 14:00,0.449,355.8,0
3/21/2019 15:00,0.449,355.8,0
3/21/2019 16:00,0.449,355.8,0
3/21/2019 17:00,0.447,355.8,0
3/21/2019 18:00,0.445,355.8,0
3/21/2019 19:00,0.445,355.8,0
3/21/2019 20:00,0.445,355.8,0
3/21/2019 21:00,0.445,355.8,0
3/21/2019 22:00,0.445,355.8,0
3/21/2019 23:00,0.444,355.8,0
3/22/2019 0:00,0.443,355.8,0
3/22/2019 1:00,0.443,355.8,0
3/22/2019 2:00,0.442,355.8,0
3/22/2019 3:00,0.441,355.8,0
3/22/2019 4:00,0.441,355.8,0
3/22/2019 5:00,0.44,355.8,0
3/22/2019 6:00,0.443,355.9,1
3/22/2019 7:00,0.448,356,1
3/22/2019 8:00,0.448,356.1,1
3/22/2019 9:00,0.448,356.2,1
3/22/2019 10:00,0.448,356.2,0
3/22/2019 11:00,0.448,356.4,2
3/22/2019 12:00,0.448,356.4,0
3/22/2019 13:00,0.448,356.6,2
3/22/2019 14:00,0.448,356.7,1
3/22/2019 15:00,0.448,356.7,0
3/22/2019 16:00,0.448,356.9,2
3/22/2019 17:00,0.448,356.9,0
3/22/2019 18:00,0.448,357,1
3/22/2019 19:00,0.448,357,0
3/22/2019 20:00,0.448,357.1,1
3/22/2019 21:00,0.448,357.3,2
3/22/2019 22:00,0.448,357.3,0
3/22/2019 23:00,0.448,357.3,0
3/23/2019 0:00,0.449,357.3,0
3/23/2019 1:00,0.447,357.4,1
3/23/2019 2:00,0.447,357.4,0
3/23/2019 3:00,0.447,357.4,0
3/23/2019 4:00,0.447,357.4,0
3/23/2019 5:00,0.447,357.4,0
3/23/2019 6:00,0.447,357.4,0
3/23/2019 7:00,0.447,357.4,0
3/23/2019 8:00,0.447,357.4,0
3/23/2019 9:00,0.446,357.4,0
3/23/2019 10:00,0.447,357.4,0
3/23/2019 11:00,0.447,357.4,0
3/23/2019 12:00,0.447,357.4,0
3/23/2019 13:00,0.447,357.4,0
3/23/2019 14:00,0.448,357.4,0
3/23/2019 15:00,0.448,357.4,0
3/23/2019 16:00,0.449,357.4,0
3/23/2019 17:00,0.449,357.4,0
3/23/2019 18:00,0.45,357.4,0
3/23/2019 19:00,0.45,357.5,1
3/23/2019 20:00,0.45,357.5,0
3/23/2019 21:00,0.453,357.5,0
3/23/2019 22:00,0.453,357.5,0
3/23/2019 23:00,0.452,357.5,0
3/24/2019 0:00,0.452,357.5,0
3/24/2019 1:00,0.452,357.5,0
3/24/2019 2:00,0.452,357.5,0
3/24/2019 3:00,0.451,357.5,0
3/24/2019 4:00,0.451,357.5,0
3/24/2019 5:00,0.451,357.5,0
3/24/2019 6:00,0.45,357.5,0
3/24/2019 7:00,0.449,357.5,0
3/24/2019 8:00,0.447,357.5,0
3/24/2019 9:00,0.446,357.5,0
3/24/2019 10:00,0.446,357.5,0
3/24/2019 11:00,0.445,357.5,0
3/24/2019 12:00,0.445,357.5,0
3/24/2019 13:00,0.443,357.5,0
3/24/2019 14:00,0.443,357.5,0
3/24/2019 15:00,0.442,357.5,0
3/24/2019 16:00,0.442,357.5,0
3/24/2019 17:00,0.442,357.5,0
3/24/2019 18:00,0.441,357.5,0
3/24/2019 19:00,0.442,357.5,0
3/24/2019 20:00,0.442,357.5,0
3/24/2019 21:00,0.442,357.5,0
3/24/2019 22:00,0.442,357.5,0
3/24/2019 23:00,0.444,357.5,0
3/25/2019 0:00,0.444,357.5,0
3/25/2019 1:00,0.445,357.5,0
3/25/2019 2:00,0.445,357.5,0
3/25/2019 3:00,0.445,357.5,0
3/25/2019 4:00,0.445,357.5,0
3/25/2019 5:00,0.449,358,5
3/25/2019 6:00,0.449,358.7,7
3/25/2019 7:00,0.447,359.2,5
3/25/2019 8:00,0.447,359.7,5
3/25/2019 9:00,0.447,359.9,2
3/25/2019 10:00,0.447,360.4,5
3/25/2019 11:00,0.446,361,6
3/25/2019 12:00,0.446,361.5,5
3/25/2019 13:00,0.447,361.5,0
3/25/2019 14:00,0.447,361.5,0
3/25/2019 15:00,0.447,361.5,0
3/25/2019 16:00,0.446,361.5,0
3/25/2019 17:00,0.447,361.5,0
3/25/2019 18:00,0.447,361.5,0
3/25/2019 19:00,0.448,361.5,0
3/25/2019 20:00,0.448,361.5,0
3/25/2019 21:00,0.448,361.5,0
3/25/2019 22:00,0.448,361.5,0
3/25/2019 23:00,0.448,361.5,0
3/26/2019 0:00,0.447,361.5,0
3/26/2019 1:00,0.447,361.5,0
3/26/2019 2:00,0.447,361.5,0
3/26/2019 3:00,0.447,361.5,0
3/26/2019 4:00,0.447,361.5,0
3/26/2019 5:00,0.447,361.5,0
3/26/2019 6:00,0.446,361.5,0
3/26/2019 7:00,0.446,361.5,0
3/26/2019 8:00,0.445,361.5,0
3/26/2019 9:00,0.445,361.5,0
3/26/2019 10:00,0.446,361.5,0
3/26/2019 11:00,0.445,361.5,0
3/26/2019 12:00,0.445,361.5,0
3/26/2019 13:00,0.445,361.5,0
3/26/2019 14:00,0.445,361.5,0
3/26/2019 15:00,0.446,361.5,0
3/26/2019 16:00,0.447,361.5,0
3/26/2019 17:00,0.447,361.5,0
3/26/2019 18:00,0.448,361.5,0
3/26/2019 19:00,0.449,361.5,0
3/26/2019 20:00,0.449,361.5,0
3/26/2019 21:00,0.449,361.5,0
3/26/2019 22:00,0.449,361.5,0
3/26/2019 23:00,0.449,361.5,0
3/27/2019 0:00,0.449,361.7,2
3/27/2019 1:00,0.449,362.1,4
3/27/2019 2:00,0.449,362.3,2
3/27/2019 3:00,0.449,362.7,4
3/27/2019 4:00,0.449,362.8,1
3/27/2019 5:00,0.448,362.8,0
3/27/2019 6:00,0.448,363,2
3/27/2019 7:00,0.448,363.1,1
3/27/2019 8:00,0.448,363.8,7
3/27/2019 9:00,0.448,364.1,3
3/27/2019 10:00,0.448,364.1,0
3/27/2019 11:00,0.448,364.1,0
3/27/2019 12:00,0.448,364.1,0
3/27/2019 13:00,0.448,364.2,1
3/27/2019 14:00,0.449,364.4,2
3/27/2019 15:00,0.449,364.4,0
3/27/2019 16:00,0.449,364.4,0
3/27/2019 17:00,0.45,364.4,0
3/27/2019 18:00,0.451,364.4,0
3/27/2019 19:00,0.451,364.4,0
3/27/2019 20:00,0.451,364.4,0
3/27/2019 21:00,0.451,364.4,0
3/27/2019 22:00,0.451,364.4,0
3/27/2019 23:00,0.45,364.4,0
3/28/2019 0:00,0.45,364.4,0
3/28/2019 1:00,0.45,364.4,0
3/28/2019 2:00,0.449,364.6,2
3/28/2019 3:00,0.449,365,4
3/28/2019 4:00,0.449,365.1,1
3/28/2019 5:00,0.448,365.1,0
3/28/2019 6:00,0.448,365.1,0
3/28/2019 7:00,0.447,365.2,1
3/28/2019 8:00,0.447,365.9,7
3/28/2019 9:00,0.447,366.5,6
3/28/2019 10:00,0.447,367.3,8
3/28/2019 11:00,0.445,368.1,8
3/28/2019 12:00,0.446,368.2,1
3/28/2019 13:00,0.446,368.4,2
3/28/2019 14:00,0.445,368.5,1
3/28/2019 15:00,0.446,368.5,0
3/28/2019 16:00,0.447,368.5,0
3/28/2019 17:00,0.447,368.5,0
3/28/2019 18:00,0.448,368.5,0
3/28/2019 19:00,0.449,368.5,0
3/28/2019 20:00,0.449,368.6,1
3/28/2019 21:00,0.449,368.7,1
3/28/2019 22:00,0.449,368.7,0
3/28/2019 23:00,0.448,368.7,0
3/29/2019 0:00,0.447,368.7,0
3/29/2019 1:00,0.447,368.9,2
3/29/2019 2:00,0.447,368.9,0
3/29/2019 3:00,0.447,368.9,0
3/29/2019 4:00,0.447,368.9,0
3/29/2019 5:00,0.447,368.9,0
3/29/2019 6:00,0.447,369,1
3/29/2019 7:00,0.446,369,0
3/29/2019 8:00,0.446,369,0
3/29/2019 9:00,0.446,369,0
3/29/2019 10:00,0.447,369,0
3/29/2019 11:00,0.447,369,0
3/29/2019 12:00,0.447,369,0
3/29/2019 13:00,0.447,369,0
3/29/2019 14:00,0.447,369,0
3/29/2019 15:00,0.448,369,0
3/29/2019 16:00,0.449,369,0
3/29/2019 17:00,0.45,369,0
3/29/2019 18:00,0.45,369,0
3/29/2019 19:00,0.451,369,0
3/29/2019 20:00,0.451,369,0
3/29/2019 21:00,0.452,369,0
3/29/2019 22:00,0.452,369,0
3/29/2019 23:00,0.452,369,0
3/30/2019 0:00,0.451,369,0
3/30/2019 1:00,0.451,369,0
3/30/2019 2:00,0.451,369,0
3/30/2019 3:00,0.451,369,0
3/30/2019 4:00,0.451,369,0
3/30/2019 5:00,0.45,369,0
3/30/2019 6:00,0.45,369,0
3/30/2019 7:00,0.449,369,0
3/30/2019 8:00,0.449,369,0
3/30/2019 9:00,0.449,369,0
3/30/2019 10:00,0.449,369,0
3/30/2019 11:00,0.449,369,0
3/30/2019 12:00,0.448,369,0
3/30/2019 13:00,0.448,369,0
3/30/2019 14:00,0.448,369,0
3/30/2019 15:00,0.449,369,0
3/30/2019 16:00,0.45,369,0
3/30/2019 17:00,0.451,369,0
3/30/2019 18:00,0.452,369,0
3/30/2019 19:00,0.452,369,0
3/30/2019 20:00,0.453,369,0
3/30/2019 21:00,0.453,369,0
3/30/2019 22:00,0.453,369,0
3/30/2019 23:00,0.453,369,0
3/31/2019 0:00,0.454,369,0
3/31/2019 1:00,0.453,369,0
3/31/2019 2:00,0.453,369,0
3/31/2019 3:00,0.452,369,0
3/31/2019 4:00,0.452,369,0
3/31/2019 5:00,0.451,369,0
3/31/2019 6:00,0.451,369,0
3/31/2019 7:00,0.451,369,0
3/31/2019 8:00,0.45,369,0
3/31/2019 9:00,0.45,369,0
3/31/2019 10:00,0.45,369,0
3/31/2019 11:00,0.45,369,0
3/31/2019 12:00,0.45,369,0
3/31/2019 13:00,0.45,369,0
3/31/2019 14:00,0.451,369,0
3/31/2019 15:00,0.452,369,0
3/31/2019 16:00,0.45,369,0
3/31/2019 17:00,0.451,369,0
3/31/2019 18:00,0.451,369,0
3/31/2019 19:00,0.452,369,0
3/31/2019 20:00,0.452,369,0
3/31/2019 21:00,0.452,369,0
3/31/2019 22:00,0.453,369,0
3/31/2019 23:00,0.453,369,0
4/1/2019 0:00,0.453,369,0
4/1/2019 1:00,0.453,369,0
4/1/2019 2:00,0.453,369,0
4/1/2019 3:00,0.453,369,0
4/1/2019 4:00,0.453,369,0
4/1/2019 5:00,0.453,369,0
4/1/2019 6:00,0.453,369,0
4/1/2019 7:00,0.452,369,0
4/1/2019 8:00,0.452,369,0
4/1/2019 9:00,0.452,369,0
4/1/2019 10:00,0.452,369,0
4/1/2019 11:00,0.452,369,0
4/1/2019 12:00,0.453,369,0
4/1/2019 13:00,0.453,369.1,1
4/1/2019 14:00,0.452,369.1,0
4/1/2019 15:00,0.453,369.1,0
4/1/2019 16:00,0.453,369.1,0
4/1/2019 17:00,0.453,369.1,0
4/1/2019 18:00,0.453,369.1,0
4/1/2019 19:00,0.454,369.4,3
4/1/2019 20:00,0.455,369.4,0
4/1/2019 21:00,0.455,369.5,1
4/1/2019 22:00,0.455,369.5,0
4/1/2019 23:00,0.454,369.5,0
4/2/2019 0:00,0.454,369.5,0
4/2/2019 1:00,0.454,369.5,0
4/2/2019 2:00,0.454,369.5,0
4/2/2019 3:00,0.454,369.5,0
4/2/2019 4:00,0.454,369.5,0
4/2/2019 5:00,0.454,369.6,1
4/2/2019 6:00,0.454,369.7,1
4/2/2019 7:00,0.454,369.8,1
4/2/2019 8:00,0.453,369.9,1
4/2/2019 9:00,0.454,369.9,0
4/2/2019 10:00,0.453,369.9,0
4/2/2019 11:00,0.453,370,1
4/2/2019 12:00,0.453,370,0
4/2/2019 13:00,0.453,370,0
4/2/2019 14:00,0.453,370,0
4/2/2019 15:00,0.453,370.1,1
4/2/2019 16:00,0.453,370.3,2
4/2/2019 17:00,0.454,370.5,2
4/2/2019 18:00,0.454,370.8,3
4/2/2019 19:00,0.454,370.9,1
4/2/2019 20:00,0.454,370.9,0
4/2/2019 21:00,0.454,370.9,0
4/2/2019 22:00,0.455,371,1
4/2/2019 23:00,0.455,371,0
4/3/2019 0:00,0.455,371,0
4/3/2019 1:00,0.454,371,0
4/3/2019 2:00,0.454,371,0
4/3/2019 3:00,0.454,371,0
4/3/2019 4:00,0.453,371,0
4/3/2019 5:00,0.454,371,0
4/3/2019 6:00,0.454,371,0
4/3/2019 7:00,0.454,371,0
4/3/2019 8:00,0.453,371,0
4/3/2019 9:00,0.453,371,0
4/3/2019 10:00,0.453,371,0
4/3/2019 11:00,0.453,371,0
4/3/2019 12:00,0.453,371,0
4/3/2019 13:00,0.453,371,0
4/3/2019 14:00,0.453,371,0
4/3/2019 15:00,0.453,371,0
4/3/2019 16:00,0.454,371,0
4/3/2019 17:00,0.455,371,0
4/3/2019 18:00,0.455,371,0
4/3/2019 19:00,0.455,371,0
4/3/2019 20:00,0.456,371,0
4/3/2019 21:00,0.456,371,0
4/3/2019 22:00,0.456,371,0
4/3/2019 23:00,0.456,371,0
4/4/2019 0:00,0.456,371,0
4/4/2019 1:00,0.456,371,0
4/4/2019 2:00,0.456,371,0
4/4/2019 3:00,0.456,371,0
4/4/2019 4:00,0.455,371,0
4/4/2019 5:00,0.455,371,0
4/4/2019 6:00,0.455,371,0
4/4/2019 7:00,0.455,371,0
4/4/2019 8:00,0.455,371,0
4/4/2019 9:00,0.455,371,0
4/4/2019 10:00,0.454,371,0
4/4/2019 11:00,0.454,371,0
4/4/2019 12:00,0.455,371,0
4/4/2019 13:00,0.455,371,0
4/4/2019 14:00,0.455,371,0
4/4/2019 15:00,0.455,371,0
4/4/2019 16:00,0.455,371,0
4/4/2019 17:00,0.456,371.1,1
4/4/2019 18:00,0.456,371.2,1
4/4/2019 19:00,0.456,371.2,0
4/4/2019 20:00,0.456,371.2,0
4/4/2019 21:00,0.455,371.2,0
4/4/2019 22:00,0.455,371.2,0
4/4/2019 23:00,0.455,371.2,0
4/5/2019 0:00,0.455,371.2,0
4/5/2019 1:00,0.455,371.2,0
4/5/2019 2:00,0.455,371.2,0
4/5/2019 3:00,0.455,371.2,0
4/5/2019 4:00,0.455,371.2,0
4/5/2019 5:00,0.455,371.2,0
4/5/2019 6:00,0.454,371.2,0
4/5/2019 7:00,0.454,371.4,2
4/5/2019 8:00,0.454,371.5,1
4/5/2019 9:00,0.454,371.7,2
4/5/2019 10:00,0.454,371.9,2
4/5/2019 11:00,0.453,372,1
4/5/2019 12:00,0.454,372.1,1
4/5/2019 13:00,0.453,372.1,0
4/5/2019 14:00,0.454,372.1,0
4/5/2019 15:00,0.454,372.1,0
4/5/2019 16:00,0.454,372.1,0
4/5/2019 17:00,0.455,372.1,0
4/5/2019 18:00,0.455,372.1,0
4/5/2019 19:00,0.456,372.1,0
4/5/2019 20:00,0.456,372.1,0
4/5/2019 21:00,0.456,372.1,0
4/5/2019 22:00,0.456,372.1,0
4/5/2019 23:00,0.457,372.1,0
4/6/2019 0:00,0.456,372.1,0
4/6/2019 1:00,0.456,372.1,0
4/6/2019 2:00,0.456,372.1,0
4/6/2019 3:00,0.455,372.1,0
4/6/2019 4:00,0.456,372.1,0
4/6/2019 5:00,0.455,372.2,1
4/6/2019 6:00,0.455,372.2,0
4/6/2019 7:00,0.455,372.2,0
4/6/2019 8:00,0.454,372.2,0
4/6/2019 9:00,0.455,372.2,0
4/6/2019 10:00,0.454,372.2,0
4/6/2019 11:00,0.454,372.2,0
4/6/2019 12:00,0.453,372.2,0
4/6/2019 13:00,0.453,372.2,0
4/6/2019 14:00,0.454,372.2,0
4/6/2019 15:00,0.454,372.2,0
4/6/2019 16:00,0.454,372.2,0
4/6/2019 17:00,0.454,372.3,1
4/6/2019 18:00,0.455,372.3,0
4/6/2019 19:00,0.455,372.3,0
4/6/2019 20:00,0.454,372.3,0
4/6/2019 21:00,0.455,372.3,0
4/6/2019 22:00,0.455,372.3,0
4/6/2019 23:00,0.455,372.3,0
4/7/2019 0:00,0.455,372.3,0
4/7/2019 1:00,0.455,372.4,1
4/7/2019 2:00,0.455,372.5,1
4/7/2019 3:00,0.454,372.6,1
4/7/2019 4:00,0.455,372.6,0
4/7/2019 5:00,0.454,372.7,1
4/7/2019 6:00,0.454,372.7,0
4/7/2019 7:00,0.454,372.9,2
4/7/2019 8:00,0.454,372.9,0
4/7/2019 9:00,0.454,372.9,0
4/7/2019 10:00,0.454,372.9,0
4/7/2019 11:00,0.455,372.9,0
4/7/2019 12:00,0.455,372.9,0
4/7/2019 13:00,0.455,372.9,0
4/7/2019 14:00,0.455,372.9,0
4/7/2019 15:00,0.455,372.9,0
4/7/2019 16:00,0.455,372.9,0
4/7/2019 17:00,0.455,372.9,0
4/7/2019 18:00,0.456,373.1,2
4/7/2019 19:00,0.457,373.4,3
4/7/2019 20:00,0.458,373.6,2
4/7/2019 21:00,0.458,373.7,1
4/7/2019 22:00,0.458,373.8,1
4/7/2019 23:00,0.457,373.8,0
4/8/2019 0:00,0.457,373.9,1
4/8/2019 1:00,0.457,373.9,0
4/8/2019 2:00,0.457,373.9,0
4/8/2019 3:00,0.457,374,1
4/8/2019 4:00,0.457,374,0
4/8/2019 5:00,0.457,374,0
4/8/2019 6:00,0.457,374,0
4/8/2019 7:00,0.457,374.1,1
4/8/2019 8:00,0.457,374.3,2
4/8/2019 9:00,0.457,374.5,2
4/8/2019 10:00,0.457,374.6,1
4/8/2019 11:00,0.457,374.9,3
4/8/2019 12:00,0.457,375.8,9
4/8/2019 13:00,0.457,376.1,3
4/8/2019 14:00,0.458,376.2,1
4/8/2019 15:00,0.458,376.3,1
4/8/2019 16:00,0.458,376.5,2
4/8/2019 17:00,0.458,376.6,1
4/8/2019 18:00,0.458,376.7,1
4/8/2019 19:00,0.458,376.8,1
4/8/2019 20:00,0.458,376.9,1
4/8/2019 21:00,0.458,376.9,0
4/8/2019 22:00,0.458,377.2,3
4/8/2019 23:00,0.458,377.2,0
4/9/2019 0:00,0.457,377.2,0
4/9/2019 1:00,0.458,377.2,0
4/9/2019 2:00,0.457,377.2,0
4/9/2019 3:00,0.457,377.3,1
4/9/2019 4:00,0.456,377.3,0
4/9/2019 5:00,0.456,377.3,0
4/9/2019 6:00,0.456,377.3,0
4/9/2019 7:00,0.455,377.3,0
4/9/2019 8:00,0.455,377.3,0
4/9/2019 9:00,0.455,377.3,0
4/9/2019 10:00,0.455,377.3,0
4/9/2019 11:00,0.455,377.3,0
4/9/2019 12:00,0.455,377.3,0
4/9/2019 13:00,0.455,377.3,0
4/9/2019 14:00,0.455,377.3,0
4/9/2019 15:00,0.456,377.3,0
4/9/2019 16:00,0.456,377.3,0
4/9/2019 17:00,0.457,377.3,0
4/9/2019 18:00,0.457,377.3,0
4/9/2019 19:00,0.458,377.3,0
4/9/2019 20:00,0.458,377.3,0
4/9/2019 21:00,0.458,377.3,0
4/9/2019 22:00,0.458,377.3,0
4/9/2019 23:00,0.458,377.3,0
4/10/2019 0:00,0.458,377.3,0
4/10/2019 1:00,0.458,377.3,0
4/10/2019 2:00,0.457,377.3,0
4/10/2019 3:00,0.457,377.3,0
4/10/2019 4:00,0.457,377.3,0
4/10/2019 5:00,0.456,377.3,0
4/10/2019 6:00,0.456,377.3,0
4/10/2019 7:00,0.455,377.3,0
4/10/2019 8:00,0.456,377.3,0
4/10/2019 9:00,0.456,377.3,0
4/10/2019 10:00,0.455,377.3,0
4/10/2019 11:00,0.454,377.3,0
4/10/2019 12:00,0.454,377.3,0
4/10/2019 13:00,0.455,377.3,0
4/10/2019 14:00,0.455,377.3,0
4/10/2019 15:00,0.456,377.3,0
4/10/2019 16:00,0.455,377.3,0
4/10/2019 17:00,0.455,377.3,0
4/10/2019 18:00,0.455,377.3,0
4/10/2019 19:00,0.456,377.3,0
4/10/2019 20:00,0.456,377.3,0
4/10/2019 21:00,0.456,377.3,0
4/10/2019 22:00,0.457,377.3,0
4/10/2019 23:00,0.457,377.3,0
4/11/2019 0:00,0.456,377.3,0
4/11/2019 1:00,0.456,377.3,0
4/11/2019 2:00,0.456,377.3,0
4/11/2019 3:00,0.456,377.3,0
4/11/2019 4:00,0.456,377.3,0
4/11/2019 5:00,0.456,377.3,0
4/11/2019 6:00,0.455,377.3,0
4/11/2019 7:00,0.455,377.3,0
4/11/2019 8:00,0.455,377.3,0
4/11/2019 9:00,0.454,377.3,0
4/11/2019 10:00,0.454,377.3,0
4/11/2019 11:00,0.454,377.3,0
4/11/2019 12:00,0.454,377.3,0
4/11/2019 13:00,0.454,377.3,0
4/11/2019 14:00,0.455,377.3,0
4/11/2019 15:00,0.456,377.3,0
4/11/2019 16:00,0.455,377.3,0
4/11/2019 17:00,0.455,377.3,0
4/11/2019 18:00,0.455,377.3,0
4/11/2019 19:00,0.455,377.3,0
4/11/2019 20:00,0.455,377.3,0
4/11/2019 21:00,0.455,377.3,0
4/11/2019 22:00,0.455,377.3,0
4/11/2019 23:00,0.455,377.3,0
4/12/2019 0:00,0.454,377.3,0
4/12/2019 1:00,0.454,377.3,0
4/12/2019 2:00,0.454,377.3,0
4/12/2019 3:00,0.454,377.3,0
4/12/2019 4:00,0.453,377.3,0
4/12/2019 5:00,0.453,377.3,0
4/12/2019 6:00,0.453,377.3,0
4/12/2019 7:00,0.453,377.3,0
4/12/2019 8:00,0.453,377.3,0
4/12/2019 9:00,0.452,377.3,0
4/12/2019 10:00,0.452,377.3,0
4/12/2019 11:00,0.451,377.3,0
4/12/2019 12:00,0.451,377.3,0
4/12/2019 13:00,0.451,377.3,0
4/12/2019 14:00,0.451,377.3,0
4/12/2019 15:00,0.451,377.3,0
4/12/2019 16:00,0.452,377.3,0
4/12/2019 17:00,0.452,377.3,0
4/12/2019 18:00,0.453,377.3,0
4/12/2019 19:00,0.453,377.3,0
4/12/2019 20:00,0.454,377.3,0
4/12/2019 21:00,0.454,377.3,0
4/12/2019 22:00,0.455,377.3,0
4/12/2019 23:00,0.455,377.3,0
4/13/2019 0:00,0.455,377.3,0
4/13/2019 1:00,0.455,377.3,0
4/13/2019 2:00,0.455,377.3,0
4/13/2019 3:00,0.455,377.3,0
4/13/2019 4:00,0.455,377.3,0
4/13/2019 5:00,0.455,377.3,0
4/13/2019 6:00,0.454,377.3,0
4/13/2019 7:00,0.454,377.3,0
4/13/2019 8:00,0.454,377.3,0
4/13/2019 9:00,0.454,377.3,0
4/13/2019 10:00,0.453,377.3,0
4/13/2019 11:00,0.453,377.3,0
4/13/2019 12:00,0.453,377.3,0
4/13/2019 13:00,0.452,377.3,0
4/13/2019 14:00,0.453,377.3,0
4/13/2019 15:00,0.453,377.3,0
4/13/2019 16:00,0.453,377.3,0
4/13/2019 17:00,0.454,377.3,0
4/13/2019 18:00,0.455,377.3,0
4/13/2019 19:00,0.455,377.3,0
4/13/2019 20:00,0.456,377.3,0
4/13/2019 21:00,0.456,377.3,0
4/13/2019 22:00,0.457,377.3,0
4/13/2019 23:00,0.456,377.3,0
4/14/2019 0:00,0.457,377.3,0
4/14/2019 1:00,0.457,377.3,0
4/14/2019 2:00,0.456,377.3,0
4/14/2019 3:00,0.456,377.3,0
4/14/2019 4:00,0.456,377.3,0
4/14/2019 5:00,0.456,377.3,0
4/14/2019 6:00,0.455,377.3,0
4/14/2019 7:00,0.455,377.3,0
4/14/2019 8:00,0.455,377.3,0
4/14/2019 9:00,0.455,377.3,0
4/14/2019 10:00,0.454,377.3,0
4/14/2019 11:00,0.454,377.3,0
4/14/2019 12:00,0.453,377.3,0
4/14/2019 13:00,0.454,377.3,0
4/14/2019 14:00,0.454,377.3,0
4/14/2019 15:00,0.453,377.3,0
4/14/2019 16:00,0.453,377.3,0
4/14/2019 17:00,0.454,377.3,0
4/14/2019 18:00,0.454,377.3,0
4/14/2019 19:00,0.455,377.3,0
4/14/2019 20:00,0.456,377.3,0
4/14/2019 21:00,0.456,377.3,0
4/14/2019 22:00,0.456,377.3,0
4/14/2019 23:00,0.455,377.3,0
4/15/2019 0:00,0.454,377.3,0
4/15/2019 1:00,0.454,377.3,0
4/15/2019 2:00,0.454,377.3,0
4/15/2019 3:00,0.454,377.3,0
4/15/2019 4:00,0.453,377.3,0
4/15/2019 5:00,0.453,377.3,0
4/15/2019 6:00,0.452,377.3,0
4/15/2019 7:00,0.451,377.3,0
4/15/2019 8:00,0.451,377.3,0
4/15/2019 9:00,0.451,377.3,0
4/15/2019 10:00,0.451,377.3,0
4/15/2019 11:00,0.451,377.3,0
4/15/2019 12:00,0.451,377.3,0
4/15/2019 13:00,0.45,377.3,0
4/15/2019 14:00,0.454,377.5,2
4/15/2019 15:00,0.456,377.6,1
4/15/2019 16:00,0.456,377.7,1
4/15/2019 17:00,0.456,377.8,1
4/15/2019 18:00,0.457,377.9,1
4/15/2019 19:00,0.457,378.2,3
4/15/2019 20:00,0.457,378.5,3
4/15/2019 21:00,0.457,378.6,1
4/15/2019 22:00,0.457,378.6,0
4/15/2019 23:00,0.457,378.6,0
4/16/2019 0:00,0.457,378.7,1
4/16/2019 1:00,0.457,378.7,0
4/16/2019 2:00,0.457,378.7,0
4/16/2019 3:00,0.457,378.7,0
4/16/2019 4:00,0.456,378.7,0
4/16/2019 5:00,0.456,378.7,0
4/16/2019 6:00,0.456,378.7,0
4/16/2019 7:00,0.456,378.7,0
4/16/2019 8:00,0.456,378.7,0
4/16/2019 9:00,0.456,378.7,0
4/16/2019 10:00,0.456,378.7,0
4/16/2019 11:00,0.456,378.7,0
4/16/2019 12:00,0.456,378.7,0
4/16/2019 13:00,0.456,378.7,0
4/16/2019 14:00,0.456,378.7,0
4/16/2019 15:00,0.457,378.7,0
4/16/2019 16:00,0.458,378.7,0
4/16/2019 17:00,0.458,378.7,0
4/16/2019 18:00,0.458,378.7,0
4/16/2019 19:00,0.458,378.7,0
4/16/2019 20:00,0.458,378.7,0
4/16/2019 21:00,0.458,378.7,0
4/16/2019 22:00,0.459,378.7,0
4/16/2019 23:00,0.459,378.7,0
4/17/2019 0:00,0.459,378.7,0
4/17/2019 1:00,0.458,378.7,0
4/17/2019 2:00,0.458,378.7,0
4/17/2019 3:00,0.458,378.7,0
4/17/2019 4:00,0.458,378.7,0
4/17/2019 5:00,0.457,378.7,0
4/17/2019 6:00,0.457,378.7,0
4/17/2019 7:00,0.456,378.7,0
4/17/2019 8:00,0.456,378.7,0
4/17/2019 9:00,0.456,378.7,0
4/17/2019 10:00,0.455,378.7,0
4/17/2019 11:00,0.455,378.7,0
4/17/2019 12:00,0.455,378.7,0
4/17/2019 13:00,0.454,378.7,0
4/17/2019 14:00,0.454,378.7,0
4/17/2019 15:00,0.454,378.7,0
4/17/2019 16:00,0.454,378.7,0
4/17/2019 17:00,0.455,378.7,0
4/17/2019 18:00,0.456,378.7,0
4/17/2019 19:00,0.457,378.7,0
4/17/2019 20:00,0.458,378.7,0
4/17/2019 21:00,0.458,378.7,0
4/17/2019 22:00,0.459,378.7,0
4/17/2019 23:00,0.458,378.7,0
4/18/2019 0:00,0.458,378.7,0
4/18/2019 1:00,0.458,378.7,0
4/18/2019 2:00,0.458,378.7,0
4/18/2019 3:00,0.458,378.7,0
4/18/2019 4:00,0.458,378.7,0
4/18/2019 5:00,0.457,378.7,0
4/18/2019 6:00,0.457,378.7,0
4/18/2019 7:00,0.456,378.7,0
4/18/2019 8:00,0.456,378.7,0
4/18/2019 9:00,0.456,378.7,0
4/18/2019 10:00,0.456,378.7,0
4/18/2019 11:00,0.455,378.7,0
4/18/2019 12:00,0.455,378.7,0
4/18/2019 13:00,0.455,378.7,0
4/18/2019 14:00,0.454,378.7,0
4/18/2019 15:00,0.455,378.7,0
4/18/2019 16:00,0.456,378.7,0
4/18/2019 17:00,0.457,378.7,0
4/18/2019 18:00,0.457,378.7,0
4/18/2019 19:00,0.459,378.7,0
4/18/2019 20:00,0.46,378.7,0
4/18/2019 21:00,0.46,378.7,0
4/18/2019 22:00,0.46,378.7,0
4/18/2019 23:00,0.461,378.7,0
4/19/2019 0:00,0.46,378.7,0
4/19/2019 1:00,0.46,378.7,0
4/19/2019 2:00,0.46,378.7,0
4/19/2019 3:00,0.46,378.7,0
4/19/2019 4:00,0.46,378.7,0
4/19/2019 5:00,0.459,378.7,0
4/19/2019 6:00,0.459,378.7,0
4/19/2019 7:00,0.458,378.7,0
4/19/2019 8:00,0.458,378.7,0
4/19/2019 9:00,0.458,378.7,0
4/19/2019 10:00,0.458,378.7,0
4/19/2019 11:00,0.458,378.7,0
4/19/2019 12:00,0.457,378.7,0
4/19/2019 13:00,0.457,378.7,0
4/19/2019 14:00,0.457,378.7,0
4/19/2019 15:00,0.457,378.7,0
4/19/2019 16:00,0.458,378.7,0
4/19/2019 17:00,0.459,378.7,0
4/19/2019 18:00,0.46,378.7,0
4/19/2019 19:00,0.461,378.7,0
4/19/2019 20:00,0.461,378.7,0
4/19/2019 21:00,0.461,378.7,0
4/19/2019 22:00,0.461,378.7,0
4/19/2019 23:00,0.462,378.7,0
4/20/2019 0:00,0.461,378.7,0
4/20/2019 1:00,0.461,378.7,0
4/20/2019 2:00,0.461,378.7,0
4/20/2019 3:00,0.46,378.7,0
4/20/2019 4:00,0.46,378.7,0
4/20/2019 5:00,0.46,378.7,0
4/20/2019 6:00,0.459,378.7,0
4/20/2019 7:00,0.459,378.7,0
4/20/2019 8:00,0.459,378.7,0
4/20/2019 9:00,0.459,378.8,1
4/20/2019 10:00,0.461,378.8,0
4/20/2019 11:00,0.46,378.8,0
4/20/2019 12:00,0.459,378.8,0
4/20/2019 13:00,0.46,378.8,0
4/20/2019 14:00,0.459,378.8,0
4/20/2019 15:00,0.459,378.8,0
4/20/2019 16:00,0.458,378.8,0
4/20/2019 17:00,0.458,378.8,0
4/20/2019 18:00,0.458,378.8,0
4/20/2019 19:00,0.458,378.8,0
4/20/2019 20:00,0.458,378.8,0
4/20/2019 21:00,0.458,378.8,0
4/20/2019 22:00,0.458,378.8,0
4/20/2019 23:00,0.458,378.8,0
4/21/2019 0:00,0.458,378.8,0
4/21/2019 1:00,0.457,378.8,0
4/21/2019 2:00,0.456,378.8,0
4/21/2019 3:00,0.456,378.8,0
4/21/2019 4:00,0.456,378.8,0
4/21/2019 5:00,0.456,378.8,0
4/21/2019 6:00,0.456,378.8,0
4/21/2019 7:00,0.455,378.8,0
4/21/2019 8:00,0.455,378.8,0
4/21/2019 9:00,0.455,378.8,0
4/21/2019 10:00,0.455,378.8,0
4/21/2019 11:00,0.454,378.8,0
4/21/2019 12:00,0.454,378.8,0
4/21/2019 13:00,0.454,378.8,0
4/21/2019 14:00,0.453,378.8,0
4/21/2019 15:00,0.454,378.8,0
4/21/2019 16:00,0.455,378.8,0
4/21/2019 17:00,0.456,378.8,0
4/21/2019 18:00,0.457,378.8,0
4/21/2019 19:00,0.458,378.8,0
4/21/2019 20:00,0.458,378.8,0
4/21/2019 21:00,0.458,378.8,0
4/21/2019 22:00,0.458,378.8,0
4/21/2019 23:00,0.458,378.8,0
4/22/2019 0:00,0.458,378.8,0
4/22/2019 1:00,0.458,378.8,0
4/22/2019 2:00,0.458,378.8,0
4/22/2019 3:00,0.457,378.8,0
4/22/2019 4:00,0.457,378.8,0
4/22/2019 5:00,0.456,378.8,0
4/22/2019 6:00,0.456,378.8,0
4/22/2019 7:00,0.456,378.8,0
4/22/2019 8:00,0.455,378.8,0
4/22/2019 9:00,0.455,378.8,0
4/22/2019 10:00,0.455,378.8,0
4/22/2019 11:00,0.455,378.8,0
4/22/2019 12:00,0.454,378.8,0
4/22/2019 13:00,0.455,378.8,0
4/22/2019 14:00,0.454,378.8,0
4/22/2019 15:00,0.455,378.8,0
4/22/2019 16:00,0.456,378.8,0
4/22/2019 17:00,0.457,378.8,0
4/22/2019 18:00,0.458,378.8,0
4/22/2019 19:00,0.457,378.8,0
4/22/2019 20:00,0.457,378.8,0
4/22/2019 21:00,0.458,378.8,0
4/22/2019 22:00,0.458,378.8,0
4/22/2019 23:00,0.458,378.8,0
4/23/2019 0:00,0.458,378.8,0
4/23/2019 1:00,0.458,378.8,0
4/23/2019 2:00,0.457,378.8,0
4/23/2019 3:00,0.457,378.8,0
4/23/2019 4:00,0.457,378.8,0
4/23/2019 5:00,0.456,378.8,0
4/23/2019 6:00,0.455,378.8,0
4/23/2019 7:00,0.455,378.8,0
4/23/2019 8:00,0.455,378.8,0
4/23/2019 9:00,0.455,378.8,0
4/23/2019 10:00,0.455,378.8,0
4/23/2019 11:00,0.455,378.8,0
4/23/2019 12:00,0.454,378.8,0
4/23/2019 13:00,0.454,378.8,0
4/23/2019 14:00,0.455,378.8,0
4/23/2019 15:00,0.455,378.8,0
4/23/2019 16:00,0.455,378.8,0
4/23/2019 17:00,0.456,378.8,0
4/23/2019 18:00,0.457,378.8,0
4/23/2019 19:00,0.458,378.8,0
4/23/2019 20:00,0.459,378.8,0
4/23/2019 21:00,0.459,378.8,0
4/23/2019 22:00,0.46,378.8,0
4/23/2019 23:00,0.459,378.8,0
4/24/2019 0:00,0.459,378.8,0
4/24/2019 1:00,0.459,378.8,0
4/24/2019 2:00,0.459,378.8,0
4/24/2019 3:00,0.458,378.8,0
4/24/2019 4:00,0.458,378.8,0
4/24/2019 5:00,0.458,378.8,0
4/24/2019 6:00,0.457,378.8,0
4/24/2019 7:00,0.457,378.8,0
4/24/2019 8:00,0.457,378.8,0
4/24/2019 9:00,0.457,378.8,0
4/24/2019 10:00,0.457,378.8,0
4/24/2019 11:00,0.457,378.8,0
4/24/2019 12:00,0.457,378.8,0
4/24/2019 13:00,0.456,378.8,0
4/24/2019 14:00,0.456,378.8,0
4/24/2019 15:00,0.457,378.9,1
4/24/2019 16:00,0.457,378.9,0
4/24/2019 17:00,0.458,378.9,0
4/24/2019 18:00,0.459,378.9,0
4/24/2019 19:00,0.46,378.9,0
4/24/2019 20:00,0.46,378.9,0
4/24/2019 21:00,0.46,378.9,0
4/24/2019 22:00,0.46,378.9,0
4/24/2019 23:00,0.46,378.9,0
4/25/2019 0:00,0.461,378.9,0
4/25/2019 1:00,0.46,378.9,0
4/25/2019 2:00,0.46,378.9,0
4/25/2019 3:00,0.459,378.9,0
4/25/2019 4:00,0.459,378.9,0
4/25/2019 5:00,0.458,378.9,0
4/25/2019 6:00,0.458,378.9,0
4/25/2019 7:00,0.457,378.9,0
4/25/2019 8:00,0.457,378.9,0
4/25/2019 9:00,0.457,378.9,0
4/25/2019 10:00,0.456,378.9,0
4/25/2019 11:00,0.456,378.9,0
4/25/2019 12:00,0.455,378.9,0
4/25/2019 13:00,0.455,378.9,0
4/25/2019 14:00,0.456,378.9,0
4/25/2019 15:00,0.456,378.9,0
4/25/2019 16:00,0.457,378.9,0
4/25/2019 17:00,0.453,378.9,0
4/25/2019 18:00,0.447,378.9,0
4/25/2019 19:00,0.447,378.9,0
4/25/2019 20:00,0.448,378.9,0
4/25/2019 21:00,0.448,378.9,0
4/25/2019 22:00,0.449,378.9,0
4/25/2019 23:00,0.448,378.9,0
4/26/2019 0:00,0.448,378.9,0
4/26/2019 1:00,0.448,378.9,0
4/26/2019 2:00,0.447,378.9,0
4/26/2019 3:00,0.447,378.9,0
4/26/2019 4:00,0.446,378.9,0
4/26/2019 5:00,0.447,378.9,0
4/26/2019 6:00,0.446,378.9,0
4/26/2019 7:00,0.445,378.9,0
4/26/2019 8:00,0.445,378.9,0
4/26/2019 9:00,0.445,378.9,0
4/26/2019 10:00,0.444,378.9,0
4/26/2019 11:00,0.443,378.9,0
4/26/2019 12:00,0.442,378.9,0
4/26/2019 13:00,0.443,378.9,0
4/26/2019 14:00,0.443,378.9,0
4/26/2019 15:00,0.443,378.9,0
4/26/2019 16:00,0.444,378.9,0
4/26/2019 17:00,0.444,378.9,0
4/26/2019 18:00,0.445,378.9,0
4/26/2019 19:00,0.445,378.9,0
4/26/2019 20:00,0.446,378.9,0
4/26/2019 21:00,0.447,378.9,0
4/26/2019 22:00,0.447,378.9,0
4/26/2019 23:00,0.447,378.9,0
4/27/2019 0:00,0.446,378.9,0
4/27/2019 1:00,0.446,378.9,0
4/27/2019 2:00,0.446,378.9,0
4/27/2019 3:00,0.445,378.9,0
4/27/2019 4:00,0.445,378.9,0
4/27/2019 5:00,0.444,378.9,0
4/27/2019 6:00,0.444,378.9,0
4/27/2019 7:00,0.443,378.9,0
4/27/2019 8:00,0.443,378.9,0
4/27/2019 9:00,0.443,378.9,0
4/27/2019 10:00,0.442,378.9,0
4/27/2019 11:00,0.441,378.9,0
4/27/2019 12:00,0.441,378.9,0
4/27/2019 13:00,0.441,378.9,0
4/27/2019 14:00,0.44,378.9,0
4/27/2019 15:00,0.441,378.9,0
4/27/2019 16:00,0.442,378.9,0
4/27/2019 17:00,0.443,378.9,0
4/27/2019 18:00,0.443,378.9,0
4/27/2019 19:00,0.444,378.9,0
4/27/2019 20:00,0.445,378.9,0
4/27/2019 21:00,0.445,378.9,0
4/27/2019 22:00,0.445,378.9,0
4/27/2019 23:00,0.445,378.9,0
4/28/2019 0:00,0.445,378.9,0
4/28/2019 1:00,0.445,378.9,0
4/28/2019 2:00,0.444,378.9,0
4/28/2019 3:00,0.443,378.9,0
4/28/2019 4:00,0.443,378.9,0
4/28/2019 5:00,0.443,378.9,0
4/28/2019 6:00,0.442,378.9,0
4/28/2019 7:00,0.442,378.9,0
4/28/2019 8:00,0.441,378.9,0
4/28/2019 9:00,0.441,378.9,0
4/28/2019 10:00,0.441,378.9,0
4/28/2019 11:00,0.441,378.9,0
4/28/2019 12:00,0.44,378.9,0
4/28/2019 13:00,0.441,378.9,0
4/28/2019 14:00,0.441,378.9,0
4/28/2019 15:00,0.441,378.9,0
4/28/2019 16:00,0.442,378.9,0
4/28/2019 17:00,0.442,378.9,0
4/28/2019 18:00,0.442,378.9,0
4/28/2019 19:00,0.444,378.9,0
4/28/2019 20:00,0.444,378.9,0
4/28/2019 21:00,0.445,378.9,0
4/28/2019 22:00,0.445,378.9,0
4/28/2019 23:00,0.445,378.9,0
4/29/2019 0:00,0.445,378.9,0
4/29/2019 1:00,0.444,378.9,0
4/29/2019 2:00,0.443,378.9,0
4/29/2019 3:00,0.444,378.9,0
4/29/2019 4:00,0.443,378.9,0
4/29/2019 5:00,0.443,378.9,0
4/29/2019 6:00,0.442,378.9,0
4/29/2019 7:00,0.442,378.9,0
4/29/2019 8:00,0.442,378.9,0
4/29/2019 9:00,0.442,378.9,0
4/29/2019 10:00,0.441,378.9,0
4/29/2019 11:00,0.44,378.9,0
4/29/2019 12:00,0.44,378.9,0
4/29/2019 13:00,0.44,378.9,0
4/29/2019 14:00,0.44,378.9,0
4/29/2019 15:00,0.441,378.9,0
4/29/2019 16:00,0.441,378.9,0
4/29/2019 17:00,0.442,378.9,0
4/29/2019 18:00,0.442,378.9,0
4/29/2019 19:00,0.443,378.9,0
4/29/2019 20:00,0.443,378.9,0
4/29/2019 21:00,0.443,378.9,0
4/29/2019 22:00,0.443,378.9,0
4/29/2019 23:00,0.443,378.9,0
4/30/2019 0:00,0.443,378.9,0
4/30/2019 1:00,0.442,378.9,0
4/30/2019 2:00,0.441,378.9,0
4/30/2019 3:00,0.441,378.9,0
4/30/2019 4:00,0.44,378.9,0
4/30/2019 5:00,0.439,378.9,0
4/30/2019 6:00,0.439,378.9,0
4/30/2019 7:00,0.438,378.9,0
4/30/2019 8:00,0.438,378.9,0
4/30/2019 9:00,0.438,378.9,0
4/30/2019 10:00,0.438,378.9,0
4/30/2019 11:00,0.437,378.9,0
4/30/2019 12:00,0.436,378.9,0
4/30/2019 13:00,0.435,378.9,0
4/30/2019 14:00,0.435,378.9,0
4/30/2019 15:00,0.436,378.9,0
4/30/2019 16:00,0.436,378.9,0
4/30/2019 17:00,0.437,378.9,0
4/30/2019 18:00,0.437,378.9,0
4/30/2019 19:00,0.438,378.9,0
4/30/2019 20:00,0.438,378.9,0
4/30/2019 21:00,0.438,378.9,0
4/30/2019 22:00,0.439,378.9,0
4/30/2019 23:00,0.438,378.9,0
5/1/2019 0:00,0.438,378.9,0
5/1/2019 1:00,0.438,378.9,0
5/1/2019 2:00,0.437,378.9,0
5/1/2019 3:00,0.437,378.9,0
5/1/2019 4:00,0.436,378.9,0
5/1/2019 5:00,0.435,378.9,0
5/1/2019 6:00,0.435,378.9,0
5/1/2019 7:00,0.434,378.9,0
5/1/2019 8:00,0.433,378.9,0
5/1/2019 9:00,0.434,378.9,0
5/1/2019 10:00,0.433,378.9,0
5/1/2019 11:00,0.433,378.9,0
5/1/2019 12:00,0.433,378.9,0
5/1/2019 13:00,0.432,378.9,0
5/1/2019 14:00,0.431,378.9,0
5/1/2019 15:00,0.432,378.9,0
5/1/2019 16:00,0.433,378.9,0
5/1/2019 17:00,0.434,378.9,0
5/1/2019 18:00,0.435,378.9,0
5/1/2019 19:00,0.435,378.9,0
5/1/2019 20:00,0.436,378.9,0
5/1/2019 21:00,0.436,378.9,0
5/1/2019 22:00,0.437,378.9,0
5/1/2019 23:00,0.436,378.9,0
5/2/2019 0:00,0.436,378.9,0
5/2/2019 1:00,0.435,378.9,0
5/2/2019 2:00,0.435,378.9,0
5/2/2019 3:00,0.434,378.9,0
5/2/2019 4:00,0.434,378.9,0
5/2/2019 5:00,0.433,378.9,0
5/2/2019 6:00,0.432,378.9,0
5/2/2019 7:00,0.432,378.9,0
5/2/2019 8:00,0.431,378.9,0
5/2/2019 9:00,0.431,378.9,0
5/2/2019 10:00,0.431,378.9,0
5/2/2019 11:00,0.43,378.9,0
5/2/2019 12:00,0.429,378.9,0
5/2/2019 13:00,0.429,378.9,0
5/2/2019 14:00,0.429,378.9,0
5/2/2019 15:00,0.429,378.9,0
5/2/2019 16:00,0.43,378.9,0
5/2/2019 17:00,0.431,378.9,0
5/2/2019 18:00,0.432,378.9,0
5/2/2019 19:00,0.432,378.9,0
5/2/2019 20:00,0.433,378.9,0
5/2/2019 21:00,0.433,378.9,0
5/2/2019 22:00,0.434,378.9,0
5/2/2019 23:00,0.434,378.9,0
5/3/2019 0:00,0.434,378.9,0
5/3/2019 1:00,0.433,378.9,0
5/3/2019 2:00,0.433,378.9,0
5/3/2019 3:00,0.432,378.9,0
5/3/2019 4:00,0.431,378.9,0
5/3/2019 5:00,0.431,378.9,0
5/3/2019 6:00,0.43,378.9,0
5/3/2019 7:00,0.43,378.9,0
5/3/2019 8:00,0.429,378.9,0
5/3/2019 9:00,0.429,378.9,0
5/3/2019 10:00,0.429,378.9,0
5/3/2019 11:00,0.428,378.9,0
5/3/2019 12:00,0.428,378.9,0
5/3/2019 13:00,0.428,378.9,0
5/3/2019 14:00,0.428,378.9,0
5/3/2019 15:00,0.429,378.9,0
5/3/2019 16:00,0.43,378.9,0
5/3/2019 17:00,0.43,378.9,0
5/3/2019 18:00,0.432,378.9,0
5/3/2019 19:00,0.432,378.9,0
5/3/2019 20:00,0.433,378.9,0
5/3/2019 21:00,0.433,378.9,0
5/3/2019 22:00,0.434,378.9,0
5/3/2019 23:00,0.434,378.9,0
5/4/2019 0:00,0.434,378.9,0
5/4/2019 1:00,0.433,378.9,0
5/4/2019 2:00,0.433,378.9,0
5/4/2019 3:00,0.432,378.9,0
5/4/2019 4:00,0.431,378.9,0
5/4/2019 5:00,0.431,378.9,0
5/4/2019 6:00,0.431,378.9,0
5/4/2019 7:00,0.431,378.9,0
5/4/2019 8:00,0.43,378.9,0
5/4/2019 9:00,0.43,378.9,0
5/4/2019 10:00,0.43,378.9,0
5/4/2019 11:00,0.429,378.9,0
5/4/2019 12:00,0.428,378.9,0
5/4/2019 13:00,0.429,378.9,0
5/4/2019 14:00,0.429,378.9,0
5/4/2019 15:00,0.429,378.9,0
5/4/2019 16:00,0.43,378.9,0
5/4/2019 17:00,0.431,378.9,0
5/4/2019 18:00,0.431,378.9,0
5/4/2019 19:00,0.432,378.9,0
5/4/2019 20:00,0.433,378.9,0
5/4/2019 21:00,0.434,378.9,0
5/4/2019 22:00,0.434,378.9,0
5/4/2019 23:00,0.433,378.9,0
5/5/2019 0:00,0.433,378.9,0
5/5/2019 1:00,0.433,378.9,0
5/5/2019 2:00,0.433,378.9,0
5/5/2019 3:00,0.432,378.9,0
5/5/2019 4:00,0.432,378.9,0
5/5/2019 5:00,0.431,378.9,0
5/5/2019 6:00,0.43,378.9,0
5/5/2019 7:00,0.43,378.9,0
5/5/2019 8:00,0.429,378.9,0
5/5/2019 9:00,0.429,378.9,0
5/5/2019 10:00,0.429,378.9,0
5/5/2019 11:00,0.428,378.9,0
5/5/2019 12:00,0.428,378.9,0
5/5/2019 13:00,0.427,378.9,0
5/5/2019 14:00,0.427,378.9,0
5/5/2019 15:00,0.428,378.9,0
5/5/2019 16:00,0.428,378.9,0
5/5/2019 17:00,0.43,378.9,0
5/5/2019 18:00,0.43,378.9,0
5/5/2019 19:00,0.431,378.9,0
5/5/2019 20:00,0.432,378.9,0
5/5/2019 21:00,0.433,378.9,0
5/5/2019 22:00,0.433,378.9,0
5/5/2019 23:00,0.433,378.9,0
5/6/2019 0:00,0.432,378.9,0
5/6/2019 1:00,0.432,378.9,0
5/6/2019 2:00,0.432,378.9,0
5/6/2019 3:00,0.431,378.9,0
5/6/2019 4:00,0.43,378.9,0
5/6/2019 5:00,0.43,378.9,0
5/6/2019 6:00,0.429,378.9,0
5/6/2019 7:00,0.429,378.9,0
5/6/2019 8:00,0.428,378.9,0
5/6/2019 9:00,0.428,378.9,0
5/6/2019 10:00,0.427,378.9,0
5/6/2019 11:00,0.427,378.9,0
5/6/2019 12:00,0.427,378.9,0
5/6/2019 13:00,0.427,378.9,0
5/6/2019 14:00,0.427,378.9,0
5/6/2019 15:00,0.427,378.9,0
5/6/2019 16:00,0.429,378.9,0
5/6/2019 17:00,0.429,378.9,0
5/6/2019 18:00,0.43,378.9,0
5/6/2019 19:00,0.431,378.9,0
5/6/2019 20:00,0.431,378.9,0
5/6/2019 21:00,0.432,378.9,0
5/6/2019 22:00,0.432,378.9,0
5/6/2019 23:00,0.432,378.9,0
5/7/2019 0:00,0.432,378.9,0
5/7/2019 1:00,0.431,378.9,0
5/7/2019 2:00,0.431,378.9,0
5/7/2019 3:00,0.43,378.9,0
5/7/2019 4:00,0.431,378.9,0
5/7/2019 5:00,0.43,378.9,0
5/7/2019 6:00,0.429,378.9,0
5/7/2019 7:00,0.429,378.9,0
5/7/2019 8:00,0.427,378.9,0
5/7/2019 9:00,0.428,378.9,0
5/7/2019 10:00,0.427,378.9,0
5/7/2019 11:00,0.427,378.9,0
5/7/2019 12:00,0.426,378.9,0
5/7/2019 13:00,0.426,378.9,0
5/7/2019 14:00,0.426,378.9,0
5/7/2019 15:00,0.427,378.9,0
5/7/2019 16:00,0.427,378.9,0
5/7/2019 17:00,0.428,378.9,0
5/7/2019 18:00,0.429,378.9,0
5/7/2019 19:00,0.43,378.9,0
5/7/2019 20:00,0.43,378.9,0
5/7/2019 21:00,0.431,378.9,0
5/7/2019 22:00,0.431,378.9,0
5/7/2019 23:00,0.431,378.9,0
5/8/2019 0:00,0.43,378.9,0
5/8/2019 1:00,0.43,378.9,0
5/8/2019 2:00,0.429,378.9,0
5/8/2019 3:00,0.429,378.9,0
5/8/2019 4:00,0.429,378.9,0
5/8/2019 5:00,0.428,378.9,0
5/8/2019 6:00,0.427,378.9,0
5/8/2019 7:00,0.427,378.9,0
5/8/2019 8:00,0.426,378.9,0
5/8/2019 9:00,0.426,378.9,0
5/8/2019 10:00,0.425,378.9,0
5/8/2019 11:00,0.425,378.9,0
5/8/2019 12:00,0.424,378.9,0
5/8/2019 13:00,0.424,378.9,0
5/8/2019 14:00,0.425,378.9,0
5/8/2019 15:00,0.425,378.9,0
5/8/2019 16:00,0.425,378.9,0
5/8/2019 17:00,0.426,378.9,0
5/8/2019 18:00,0.427,378.9,0
5/8/2019 19:00,0.427,378.9,0
5/8/2019 20:00,0.429,378.9,0
5/8/2019 21:00,0.429,378.9,0
5/8/2019 22:00,0.429,378.9,0
5/8/2019 23:00,0.429,378.9,0
5/9/2019 0:00,0.43,378.9,0
5/9/2019 1:00,0.429,378.9,0
5/9/2019 2:00,0.428,378.9,0
5/9/2019 3:00,0.428,378.9,0
5/9/2019 4:00,0.427,378.9,0
5/9/2019 5:00,0.427,378.9,0
5/9/2019 6:00,0.426,378.9,0
5/9/2019 7:00,0.426,378.9,0
5/9/2019 8:00,0.425,378.9,0
5/9/2019 9:00,0.425,378.9,0
5/9/2019 10:00,0.424,378.9,0
5/9/2019 11:00,0.424,378.9,0
5/9/2019 12:00,0.424,378.9,0
5/9/2019 13:00,0.423,378.9,0
5/9/2019 14:00,0.423,378.9,0
5/9/2019 15:00,0.424,378.9,0
5/9/2019 16:00,0.425,378.9,0
5/9/2019 17:00,0.425,378.9,0
5/9/2019 18:00,0.427,378.9,0
5/9/2019 19:00,0.427,378.9,0
5/9/2019 20:00,0.428,378.9,0
5/9/2019 21:00,0.428,378.9,0
5/9/2019 22:00,0.429,378.9,0
5/9/2019 23:00,0.429,378.9,0
5/10/2019 0:00,0.428,378.9,0
5/10/2019 1:00,0.427,378.9,0
5/10/2019 2:00,0.427,378.9,0
5/10/2019 3:00,0.427,378.9,0
5/10/2019 4:00,0.426,378.9,0
5/10/2019 5:00,0.425,378.9,0
5/10/2019 6:00,0.425,378.9,0
5/10/2019 7:00,0.424,378.9,0
5/10/2019 8:00,0.424,378.9,0
5/10/2019 9:00,0.423,378.9,0
5/10/2019 10:00,0.423,378.9,0
5/10/2019 11:00,0.421,378.9,0
5/10/2019 12:00,0.42,378.9,0
5/10/2019 13:00,0.42,378.9,0
5/10/2019 14:00,0.42,378.9,0
5/10/2019 15:00,0.42,378.9,0
5/10/2019 16:00,0.42,378.9,0
5/10/2019 17:00,0.421,378.9,0
5/10/2019 18:00,0.422,378.9,0
5/10/2019 19:00,0.423,378.9,0
5/10/2019 20:00,0.423,378.9,0
5/10/2019 21:00,0.424,378.9,0
5/10/2019 22:00,0.424,378.9,0
5/10/2019 23:00,0.425,378.9,0
5/11/2019 0:00,0.424,378.9,0
5/11/2019 1:00,0.423,378.9,0
5/11/2019 2:00,0.423,378.9,0
5/11/2019 3:00,0.422,378.9,0
5/11/2019 4:00,0.422,378.9,0
5/11/2019 5:00,0.421,378.9,0
5/11/2019 6:00,0.421,378.9,0
5/11/2019 7:00,0.42,378.9,0
5/11/2019 8:00,0.419,378.9,0
5/11/2019 9:00,0.42,378.9,0
5/11/2019 10:00,0.419,378.9,0
5/11/2019 11:00,0.418,378.9,0
5/11/2019 12:00,0.417,378.9,0
5/11/2019 13:00,0.417,378.9,0
5/11/2019 14:00,0.416,378.9,0
5/11/2019 15:00,0.417,378.9,0
5/11/2019 16:00,0.417,378.9,0
5/11/2019 17:00,0.419,378.9,0
5/11/2019 18:00,0.419,378.9,0
5/11/2019 19:00,0.419,378.9,0
5/11/2019 20:00,0.42,378.9,0
5/11/2019 21:00,0.421,378.9,0
5/11/2019 22:00,0.421,378.9,0
5/11/2019 23:00,0.421,378.9,0
5/12/2019 0:00,0.421,378.9,0
5/12/2019 1:00,0.42,378.9,0
5/12/2019 2:00,0.419,378.9,0
5/12/2019 3:00,0.419,378.9,0
5/12/2019 4:00,0.418,378.9,0
5/12/2019 5:00,0.417,378.9,0
5/12/2019 6:00,0.417,378.9,0
5/12/2019 7:00,0.416,378.9,0
5/12/2019 8:00,0.415,378.9,0
5/12/2019 9:00,0.415,378.9,0
5/12/2019 10:00,0.415,378.9,0
5/12/2019 11:00,0.414,378.9,0
5/12/2019 12:00,0.413,378.9,0
5/12/2019 13:00,0.412,378.9,0
5/12/2019 14:00,0.413,378.9,0
5/12/2019 15:00,0.412,378.9,0
5/12/2019 16:00,0.413,378.9,0
5/12/2019 17:00,0.414,378.9,0
5/12/2019 18:00,0.415,378.9,0
5/12/2019 19:00,0.415,378.9,0
5/12/2019 20:00,0.415,378.9,0
5/12/2019 21:00,0.416,378.9,0
5/12/2019 22:00,0.416,378.9,0
5/12/2019 23:00,0.416,378.9,0
5/13/2019 0:00,0.415,378.9,0
5/13/2019 1:00,0.415,378.9,0
5/13/2019 2:00,0.414,378.9,0
5/13/2019 3:00,0.413,378.9,0
5/13/2019 4:00,0.413,378.9,0
5/13/2019 5:00,0.412,378.9,0
5/13/2019 6:00,0.411,378.9,0
5/13/2019 7:00,0.411,378.9,0
5/13/2019 8:00,0.41,378.9,0
5/13/2019 9:00,0.41,378.9,0
5/13/2019 10:00,0.409,378.9,0
5/13/2019 11:00,0.408,378.9,0
5/13/2019 12:00,0.408,378.9,0
5/13/2019 13:00,0.407,378.9,0
5/13/2019 14:00,0.407,378.9,0
5/13/2019 15:00,0.407,378.9,0
5/13/2019 16:00,0.408,378.9,0
5/13/2019 17:00,0.408,378.9,0
5/13/2019 18:00,0.408,378.9,0
5/13/2019 19:00,0.41,378.9,0
5/13/2019 20:00,0.41,378.9,0
5/13/2019 21:00,0.41,378.9,0
5/13/2019 22:00,0.41,378.9,0
5/13/2019 23:00,0.41,378.9,0
5/14/2019 0:00,0.41,378.9,0
5/14/2019 1:00,0.409,378.9,0
5/14/2019 2:00,0.409,378.9,0
5/14/2019 3:00,0.408,378.9,0
5/14/2019 4:00,0.408,378.9,0
5/14/2019 5:00,0.407,378.9,0
5/14/2019 6:00,0.406,378.9,0
5/14/2019 7:00,0.406,378.9,0
5/14/2019 8:00,0.406,378.9,0
5/14/2019 9:00,0.405,378.9,0
5/14/2019 10:00,0.405,378.9,0
5/14/2019 11:00,0.404,378.9,0
5/14/2019 12:00,0.404,378.9,0
5/14/2019 13:00,0.403,378.9,0
5/14/2019 14:00,0.402,378.9,0
5/14/2019 15:00,0.403,378.9,0
5/14/2019 16:00,0.403,378.9,0
5/14/2019 17:00,0.403,378.9,0
5/14/2019 18:00,0.403,378.9,0
5/14/2019 19:00,0.403,378.9,0
5/14/2019 20:00,0.403,378.9,0
5/14/2019 21:00,0.404,378.9,0
5/14/2019 22:00,0.404,378.9,0
5/14/2019 23:00,0.404,378.9,0
5/15/2019 0:00,0.404,378.9,0
5/15/2019 1:00,0.403,378.9,0
5/15/2019 2:00,0.403,378.9,0
5/15/2019 3:00,0.403,378.9,0
5/15/2019 4:00,0.402,378.9,0
5/15/2019 5:00,0.402,378.9,0
5/15/2019 6:00,0.402,378.9,0
5/15/2019 7:00,0.401,378.9,0
5/15/2019 8:00,0.401,378.9,0
5/15/2019 9:00,0.401,379.1,2
5/15/2019 10:00,0.4,379.2,1
5/15/2019 11:00,0.4,379.3,1
5/15/2019 12:00,0.4,379.4,1
5/15/2019 13:00,0.4,379.4,0
5/15/2019 14:00,0.4,379.4,0
5/15/2019 15:00,0.4,379.4,0
5/15/2019 16:00,0.401,379.6,2
5/15/2019 17:00,0.401,380,4
5/15/2019 18:00,0.402,380.3,3
5/15/2019 19:00,0.412,380.7,4
5/15/2019 20:00,0.439,381.4,7
5/15/2019 21:00,0.441,382,6
5/15/2019 22:00,0.439,382.1,1
5/15/2019 23:00,0.441,382.8,7
5/16/2019 0:00,0.439,382.8,0
5/16/2019 1:00,0.436,382.8,0
5/16/2019 2:00,0.434,382.8,0
5/16/2019 3:00,0.433,382.9,1
5/16/2019 4:00,0.431,382.9,0
5/16/2019 5:00,0.43,382.9,0
5/16/2019 6:00,0.429,382.9,0
5/16/2019 7:00,0.428,383,1
5/16/2019 8:00,0.428,383.2,2
5/16/2019 9:00,0.437,383.6,4
5/16/2019 10:00,0.437,383.9,3
5/16/2019 11:00,0.44,384.3,4
5/16/2019 12:00,0.44,384.6,3
5/16/2019 13:00,0.439,384.9,3
5/16/2019 14:00,0.439,385.4,5
5/16/2019 15:00,0.439,385.7,3
5/16/2019 16:00,0.439,385.7,0
5/16/2019 17:00,0.438,385.8,1
5/16/2019 18:00,0.438,385.8,0
5/16/2019 19:00,0.438,385.8,0
5/16/2019 20:00,0.439,386,2
5/16/2019 21:00,0.439,386.1,1
5/16/2019 22:00,0.438,386.1,0
5/16/2019 23:00,0.438,386.2,1
5/17/2019 0:00,0.439,386.5,3
5/17/2019 1:00,0.439,386.6,1
5/17/2019 2:00,0.439,386.7,1
5/17/2019 3:00,0.438,386.7,0
5/17/2019 4:00,0.438,386.8,1
5/17/2019 5:00,0.438,386.9,1
5/17/2019 6:00,0.438,386.9,0
5/17/2019 7:00,0.437,387,1
5/17/2019 8:00,0.437,387,0
5/17/2019 9:00,0.437,387,0
5/17/2019 10:00,0.438,387,0
5/17/2019 11:00,0.437,387,0
5/17/2019 12:00,0.438,387,0
5/17/2019 13:00,0.438,387,0
5/17/2019 14:00,0.438,387,0
5/17/2019 15:00,0.439,387,0
5/17/2019 16:00,0.439,387,0
5/17/2019 17:00,0.44,387,0
5/17/2019 18:00,0.44,387,0
5/17/2019 19:00,0.439,387,0
5/17/2019 20:00,0.438,387,0
5/17/2019 21:00,0.437,387,0
5/17/2019 22:00,0.437,387,0
5/17/2019 23:00,0.437,387,0
5/18/2019 0:00,0.437,387,0
5/18/2019 1:00,0.436,387,0
5/18/2019 2:00,0.436,387,0
5/18/2019 3:00,0.435,387,0
5/18/2019 4:00,0.435,387,0
5/18/2019 5:00,0.434,387,0
5/18/2019 6:00,0.433,387,0
5/18/2019 7:00,0.433,387,0
5/18/2019 8:00,0.433,387,0
5/18/2019 9:00,0.433,387,0
5/18/2019 10:00,0.433,387.2,2
5/18/2019 11:00,0.439,387.5,3
5/18/2019 12:00,0.439,387.7,2
5/18/2019 13:00,0.439,387.8,1
5/18/2019 14:00,0.44,388,2
5/18/2019 15:00,0.44,388,0
5/18/2019 16:00,0.44,388,0
5/18/2019 17:00,0.439,388.1,1
5/18/2019 18:00,0.44,388.2,1
5/18/2019 19:00,0.44,388.4,2
5/18/2019 20:00,0.44,388.6,2
5/18/2019 21:00,0.44,388.6,0
5/18/2019 22:00,0.44,388.6,0
5/18/2019 23:00,0.44,388.7,1
5/19/2019 0:00,0.439,388.7,0
5/19/2019 1:00,0.439,388.7,0
5/19/2019 2:00,0.439,388.7,0
5/19/2019 3:00,0.438,388.7,0
5/19/2019 4:00,0.438,388.7,0
5/19/2019 5:00,0.438,388.7,0
5/19/2019 6:00,0.437,388.7,0
5/19/2019 7:00,0.437,388.7,0
5/19/2019 8:00,0.437,388.8,1
5/19/2019 9:00,0.437,388.8,0
5/19/2019 10:00,0.437,388.8,0
5/19/2019 11:00,0.436,388.8,0
5/19/2019 12:00,0.436,388.8,0
5/19/2019 13:00,0.437,388.8,0
5/19/2019 14:00,0.437,388.8,0
5/19/2019 15:00,0.438,388.8,0
5/19/2019 16:00,0.438,388.8,0
5/19/2019 17:00,0.438,388.8,0
5/19/2019 18:00,0.439,388.8,0
5/19/2019 19:00,0.44,388.8,0
5/19/2019 20:00,0.44,388.9,1
5/19/2019 21:00,0.44,388.9,0
5/19/2019 22:00,0.44,388.9,0
5/19/2019 23:00,0.441,388.9,0
5/20/2019 0:00,0.441,388.9,0
5/20/2019 1:00,0.441,388.9,0
5/20/2019 2:00,0.44,388.9,0
5/20/2019 3:00,0.44,388.9,0
5/20/2019 4:00,0.439,388.9,0
5/20/2019 5:00,0.439,388.9,0
5/20/2019 6:00,0.438,388.9,0
5/20/2019 7:00,0.437,388.9,0
5/20/2019 8:00,0.437,388.9,0
5/20/2019 9:00,0.437,388.9,0
5/20/2019 10:00,0.436,388.9,0
5/20/2019 11:00,0.435,388.9,0
5/20/2019 12:00,0.434,388.9,0
5/20/2019 13:00,0.434,388.9,0
5/20/2019 14:00,0.434,388.9,0
5/20/2019 15:00,0.434,388.9,0
5/20/2019 16:00,0.434,388.9,0
5/20/2019 17:00,0.434,388.9,0
5/20/2019 18:00,0.435,388.9,0
5/20/2019 19:00,0.435,388.9,0
5/20/2019 20:00,0.435,389,1
5/20/2019 21:00,0.437,389.1,1
5/20/2019 22:00,0.437,389.1,0
5/20/2019 23:00,0.439,389.2,1
5/21/2019 0:00,0.441,389.2,0
5/21/2019 1:00,0.441,389.3,1
5/21/2019 2:00,0.44,389.3,0
5/21/2019 3:00,0.441,389.3,0
5/21/2019 4:00,0.441,389.5,2
5/21/2019 5:00,0.441,389.7,2
5/21/2019 6:00,0.441,389.8,1
5/21/2019 7:00,0.442,390.2,4
5/21/2019 8:00,0.441,390.7,5
5/21/2019 9:00,0.441,390.9,2
5/21/2019 10:00,0.441,391,1
5/21/2019 11:00,0.441,391.1,1
5/21/2019 12:00,0.441,391.4,3
5/21/2019 13:00,0.441,392.1,7
5/21/2019 14:00,0.441,392.5,4
5/21/2019 15:00,0.441,392.8,3
5/21/2019 16:00,0.442,393.2,4
5/21/2019 17:00,0.442,393.4,2
5/21/2019 18:00,0.441,393.5,1
5/21/2019 19:00,0.442,393.7,2
5/21/2019 20:00,0.441,393.8,1
5/21/2019 21:00,0.441,393.8,0
5/21/2019 22:00,0.441,393.8,0
5/21/2019 23:00,0.441,393.8,0
5/22/2019 0:00,0.441,393.8,0
5/22/2019 1:00,0.44,393.8,0
5/22/2019 2:00,0.44,393.8,0
5/22/2019 3:00,0.44,393.9,1
5/22/2019 4:00,0.44,393.9,0
5/22/2019 5:00,0.439,393.9,0
5/22/2019 6:00,0.439,393.9,0
5/22/2019 7:00,0.439,393.9,0
5/22/2019 8:00,0.438,393.9,0
5/22/2019 9:00,0.439,393.9,0
5/22/2019 10:00,0.438,393.9,0
5/22/2019 11:00,0.438,393.9,0
5/22/2019 12:00,0.438,393.9,0
5/22/2019 13:00,0.439,393.9,0
5/22/2019 14:00,0.439,393.9,0
5/22/2019 15:00,0.44,393.9,0
5/22/2019 16:00,0.441,393.9,0
5/22/2019 17:00,0.442,393.9,0
5/22/2019 18:00,0.443,393.9,0
5/22/2019 19:00,0.443,393.9,0
5/22/2019 20:00,0.444,393.9,0
5/22/2019 21:00,0.444,393.9,0
5/22/2019 22:00,0.444,393.9,0
5/22/2019 23:00,0.444,393.9,0
5/23/2019 0:00,0.443,393.9,0
5/23/2019 1:00,0.443,393.9,0
5/23/2019 2:00,0.443,393.9,0
5/23/2019 3:00,0.443,393.9,0
5/23/2019 4:00,0.443,393.9,0
5/23/2019 5:00,0.442,393.9,0
5/23/2019 6:00,0.442,393.9,0
5/23/2019 7:00,0.442,393.9,0
5/23/2019 8:00,0.442,393.9,0
5/23/2019 9:00,0.442,393.9,0
5/23/2019 10:00,0.442,393.9,0
5/23/2019 11:00,0.441,393.9,0
5/23/2019 12:00,0.441,393.9,0
5/23/2019 13:00,0.442,393.9,0
5/23/2019 14:00,0.442,393.9,0
5/23/2019 15:00,0.442,393.9,0
5/23/2019 16:00,0.443,393.9,0
5/23/2019 17:00,0.443,393.9,0
5/23/2019 18:00,0.443,393.9,0
5/23/2019 19:00,0.443,393.9,0
5/23/2019 20:00,0.443,393.9,0
5/23/2019 21:00,0.443,393.9,0
5/23/2019 22:00,0.444,393.9,0
5/23/2019 23:00,0.444,393.9,0
5/24/2019 0:00,0.443,393.9,0
5/24/2019 1:00,0.443,393.9,0
5/24/2019 2:00,0.443,393.9,0
5/24/2019 3:00,0.443,393.9,0
5/24/2019 4:00,0.443,393.9,0
5/24/2019 5:00,0.442,393.9,0
5/24/2019 6:00,0.442,393.9,0
5/24/2019 7:00,0.442,393.9,0
5/24/2019 8:00,0.442,393.9,0
5/24/2019 9:00,0.442,393.9,0
5/24/2019 10:00,0.442,393.9,0
5/24/2019 11:00,0.442,393.9,0
5/24/2019 12:00,0.442,393.9,0
5/24/2019 13:00,0.441,393.9,0
5/24/2019 14:00,0.44,393.9,0
5/24/2019 15:00,0.44,393.9,0
5/24/2019 16:00,0.44,393.9,0
5/24/2019 17:00,0.441,393.9,0
5/24/2019 18:00,0.441,393.9,0
5/24/2019 19:00,0.441,393.9,0
5/24/2019 20:00,0.442,393.9,0
5/24/2019 21:00,0.442,393.9,0
5/24/2019 22:00,0.443,393.9,0
5/24/2019 23:00,0.443,393.9,0
5/25/2019 0:00,0.442,393.9,0
5/25/2019 1:00,0.441,393.9,0
5/25/2019 2:00,0.442,393.9,0
5/25/2019 3:00,0.441,393.9,0
5/25/2019 4:00,0.441,393.9,0
5/25/2019 5:00,0.44,393.9,0
5/25/2019 6:00,0.44,393.9,0
5/25/2019 7:00,0.44,393.9,0
5/25/2019 8:00,0.439,393.9,0
5/25/2019 9:00,0.439,393.9,0
5/25/2019 10:00,0.439,393.9,0
5/25/2019 11:00,0.438,393.9,0
5/25/2019 12:00,0.437,393.9,0
5/25/2019 13:00,0.437,393.9,0
5/25/2019 14:00,0.437,393.9,0
5/25/2019 15:00,0.438,393.9,0
5/25/2019 16:00,0.438,393.9,0
5/25/2019 17:00,0.439,393.9,0
5/25/2019 18:00,0.44,393.9,0
5/25/2019 19:00,0.441,393.9,0
5/25/2019 20:00,0.441,393.9,0
5/25/2019 21:00,0.441,393.9,0
5/25/2019 22:00,0.441,393.9,0
5/25/2019 23:00,0.441,393.9,0
5/26/2019 0:00,0.441,393.9,0
5/26/2019 1:00,0.441,393.9,0
5/26/2019 2:00,0.441,393.9,0
5/26/2019 3:00,0.441,394,1
5/26/2019 4:00,0.441,394,0
5/26/2019 5:00,0.441,394.1,1
5/26/2019 6:00,0.442,394.1,0
5/26/2019 7:00,0.442,394.1,0
5/26/2019 8:00,0.442,394.1,0
5/26/2019 9:00,0.442,394.1,0
5/26/2019 10:00,0.441,394.1,0
5/26/2019 11:00,0.441,394.1,0
5/26/2019 12:00,0.441,394.1,0
5/26/2019 13:00,0.44,394.1,0
5/26/2019 14:00,0.439,394.1,0
5/26/2019 15:00,0.439,394.1,0
5/26/2019 16:00,0.44,394.1,0
5/26/2019 17:00,0.44,394.1,0
5/26/2019 18:00,0.441,394.1,0
5/26/2019 19:00,0.441,394.1,0
5/26/2019 20:00,0.441,394.1,0
5/26/2019 21:00,0.441,394.1,0
5/26/2019 22:00,0.441,394.1,0
5/26/2019 23:00,0.441,394.1,0
5/27/2019 0:00,0.441,394.1,0
5/27/2019 1:00,0.441,394.1,0
5/27/2019 2:00,0.441,394.1,0
5/27/2019 3:00,0.441,394.1,0
5/27/2019 4:00,0.44,394.1,0
5/27/2019 5:00,0.44,394.1,0
5/27/2019 6:00,0.44,394.1,0
5/27/2019 7:00,0.439,394.1,0
5/27/2019 8:00,0.439,394.1,0
5/27/2019 9:00,0.439,394.1,0
5/27/2019 10:00,0.439,394.1,0
5/27/2019 11:00,0.439,394.1,0
5/27/2019 12:00,0.439,394.1,0
5/27/2019 13:00,0.439,394.1,0
5/27/2019 14:00,0.439,394.1,0
5/27/2019 15:00,0.439,394.1,0
5/27/2019 16:00,0.44,394.1,0
5/27/2019 17:00,0.44,394.1,0
5/27/2019 18:00,0.441,394.1,0
5/27/2019 19:00,0.441,394.1,0
5/27/2019 20:00,0.441,394.1,0
5/27/2019 21:00,0.442,394.1,0
5/27/2019 22:00,0.442,394.1,0
5/27/2019 23:00,0.442,394.1,0
5/28/2019 0:00,0.442,394.1,0
5/28/2019 1:00,0.441,394.1,0
5/28/2019 2:00,0.441,394.1,0
5/28/2019 3:00,0.441,394.1,0
5/28/2019 4:00,0.441,394.1,0
5/28/2019 5:00,0.441,394.1,0
5/28/2019 6:00,0.44,394.1,0
5/28/2019 7:00,0.441,394.1,0
5/28/2019 8:00,0.44,394.1,0
5/28/2019 9:00,0.44,394.1,0
5/28/2019 10:00,0.44,394.1,0
5/28/2019 11:00,0.44,394.1,0
5/28/2019 12:00,0.439,394.1,0
5/28/2019 13:00,0.439,394.1,0
5/28/2019 14:00,0.44,394.1,0
5/28/2019 15:00,0.44,394.1,0
5/28/2019 16:00,0.44,394.1,0
5/28/2019 17:00,0.441,394.1,0
5/28/2019 18:00,0.442,394.1,0
5/28/2019 19:00,0.443,394.1,0
5/28/2019 20:00,0.443,394.1,0
5/28/2019 21:00,0.447,394.1,0
5/28/2019 22:00,0.448,394.1,0
5/28/2019 23:00,0.447,394.1,0
5/29/2019 0:00,0.447,394.1,0
5/29/2019 1:00,0.447,394.1,0
5/29/2019 2:00,0.447,394.1,0
5/29/2019 3:00,0.446,394.1,0
5/29/2019 4:00,0.446,394.1,0
5/29/2019 5:00,0.445,394.1,0
5/29/2019 6:00,0.445,394.1,0
5/29/2019 7:00,0.445,394.1,0
5/29/2019 8:00,0.445,394.1,0
5/29/2019 9:00,0.445,394.1,0
5/29/2019 10:00,0.445,394.1,0
5/29/2019 11:00,0.445,394.1,0
5/29/2019 12:00,0.445,394.1,0
5/29/2019 13:00,0.445,394.1,0
5/29/2019 14:00,0.444,394.1,0
5/29/2019 15:00,0.445,394.1,0
5/29/2019 16:00,0.445,394.1,0
5/29/2019 17:00,0.446,394.1,0
5/29/2019 18:00,0.447,394.1,0
5/29/2019 19:00,0.447,394.1,0
5/29/2019 20:00,0.448,394.1,0
5/29/2019 21:00,0.449,394.1,0
5/29/2019 22:00,0.449,394.1,0
5/29/2019 23:00,0.448,394.1,0
5/30/2019 0:00,0.448,394.1,0
5/30/2019 1:00,0.447,394.1,0
5/30/2019 2:00,0.447,394.1,0
5/30/2019 3:00,0.447,394.1,0
5/30/2019 4:00,0.447,394.1,0
5/30/2019 5:00,0.446,394.1,0
5/30/2019 6:00,0.446,394.1,0
5/30/2019 7:00,0.446,394.1,0
5/30/2019 8:00,0.445,394.1,0
5/30/2019 9:00,0.446,394.1,0
5/30/2019 10:00,0.445,394.1,0
5/30/2019 11:00,0.445,394.1,0
5/30/2019 12:00,0.445,394.1,0
5/30/2019 13:00,0.445,394.1,0
5/30/2019 14:00,0.445,394.1,0
5/30/2019 15:00,0.445,394.1,0
5/30/2019 16:00,0.446,394.1,0
5/30/2019 17:00,0.447,394.1,0
5/30/2019 18:00,0.447,394.1,0
5/30/2019 19:00,0.448,394.1,0
5/30/2019 20:00,0.449,394.1,0
5/30/2019 21:00,0.449,394.1,0
5/30/2019 22:00,0.449,394.1,0
5/30/2019 23:00,0.449,394.1,0
5/31/2019 0:00,0.449,394.1,0
5/31/2019 1:00,0.449,394.1,0
5/31/2019 2:00,0.449,394.1,0
5/31/2019 3:00,0.448,394.1,0
5/31/2019 4:00,0.447,394.1,0
5/31/2019 5:00,0.447,394.1,0
5/31/2019 6:00,0.447,394.1,0
5/31/2019 7:00,0.447,394.1,0
5/31/2019 8:00,0.447,394.1,0
5/31/2019 9:00,0.447,394.1,0
5/31/2019 10:00,0.447,394.1,0
5/31/2019 11:00,0.446,394.1,0
5/31/2019 12:00,0.446,394.1,0
5/31/2019 13:00,0.446,394.1,0
5/31/2019 14:00,0.447,394.1,0
5/31/2019 15:00,0.446,394.1,0
5/31/2019 16:00,0.447,394.1,0
5/31/2019 17:00,0.448,394.1,0
5/31/2019 18:00,0.449,394.1,0
5/31/2019 19:00,0.449,394.1,0
5/31/2019 20:00,0.45,394.1,0
5/31/2019 21:00,0.45,394.1,0
5/31/2019 22:00,0.451,394.1,0
5/31/2019 23:00,0.45,394.1,0
6/1/2019 0:00,0.451,394.1,0
6/1/2019 1:00,0.45,394.1,0
6/1/2019 2:00,0.449,394.1,0
6/1/2019 3:00,0.449,394.1,0
6/1/2019 4:00,0.449,394.1,0
6/1/2019 5:00,0.448,394.1,0
6/1/2019 6:00,0.447,394.1,0
6/1/2019 7:00,0.447,394.1,0
6/1/2019 8:00,0.447,394.1,0
6/1/2019 9:00,0.448,394.1,0
6/1/2019 10:00,0.447,394.1,0
6/1/2019 11:00,0.447,394.1,0
6/1/2019 12:00,0.447,394.1,0
6/1/2019 13:00,0.446,394.1,0
6/1/2019 14:00,0.447,394.1,0
6/1/2019 15:00,0.447,394.1,0
6/1/2019 16:00,0.448,394.1,0
6/1/2019 17:00,0.448,394.1,0
6/1/2019 18:00,0.449,394.1,0
6/1/2019 19:00,0.45,394.1,0
6/1/2019 20:00,0.451,394.1,0
6/1/2019 21:00,0.451,394.1,0
6/1/2019 22:00,0.451,394.1,0
6/1/2019 23:00,0.45,394.2,1
6/2/2019 0:00,0.451,394.2,0
6/2/2019 1:00,0.451,394.2,0
6/2/2019 2:00,0.45,394.2,0
6/2/2019 3:00,0.449,394.2,0
6/2/2019 4:00,0.45,394.2,0
6/2/2019 5:00,0.449,394.2,0
6/2/2019 6:00,0.449,394.2,0
6/2/2019 7:00,0.448,394.2,0
6/2/2019 8:00,0.448,394.2,0
6/2/2019 9:00,0.448,394.2,0
6/2/2019 10:00,0.448,394.2,0
6/2/2019 11:00,0.447,394.2,0
6/2/2019 12:00,0.447,394.2,0
6/2/2019 13:00,0.447,394.2,0
6/2/2019 14:00,0.447,394.2,0
6/2/2019 15:00,0.447,394.2,0
6/2/2019 16:00,0.448,394.2,0
6/2/2019 17:00,0.449,394.2,0
6/2/2019 18:00,0.449,394.2,0
6/2/2019 19:00,0.45,394.2,0
6/2/2019 20:00,0.451,394.2,0
6/2/2019 21:00,0.451,394.2,0
6/2/2019 22:00,0.451,394.2,0
6/2/2019 23:00,0.451,394.2,0
6/3/2019 0:00,0.451,394.2,0
6/3/2019 1:00,0.45,394.2,0
6/3/2019 2:00,0.449,394.2,0
6/3/2019 3:00,0.449,394.2,0
6/3/2019 4:00,0.448,394.2,0
6/3/2019 5:00,0.448,394.2,0
6/3/2019 6:00,0.447,394.2,0
6/3/2019 7:00,0.447,394.2,0
6/3/2019 8:00,0.446,394.2,0
6/3/2019 9:00,0.447,394.2,0
6/3/2019 10:00,0.446,394.2,0
6/3/2019 11:00,0.445,394.2,0
6/3/2019 12:00,0.445,394.2,0
6/3/2019 13:00,0.445,394.2,0
6/3/2019 14:00,0.445,394.2,0
6/3/2019 15:00,0.445,394.2,0
6/3/2019 16:00,0.445,394.2,0
6/3/2019 17:00,0.446,394.2,0
6/3/2019 18:00,0.447,394.2,0
6/3/2019 19:00,0.448,394.2,0
6/3/2019 20:00,0.448,394.2,0
6/3/2019 21:00,0.449,394.2,0
6/3/2019 22:00,0.449,394.2,0
6/3/2019 23:00,0.449,394.2,0
6/4/2019 0:00,0.448,394.2,0
6/4/2019 1:00,0.448,394.2,0
6/4/2019 2:00,0.447,394.2,0
6/4/2019 3:00,0.446,394.2,0
6/4/2019 4:00,0.446,394.2,0
6/4/2019 5:00,0.445,394.2,0
6/4/2019 6:00,0.445,394.2,0
6/4/2019 7:00,0.444,394.2,0
6/4/2019 8:00,0.443,394.2,0
6/4/2019 9:00,0.443,394.2,0
6/4/2019 10:00,0.443,394.2,0
6/4/2019 11:00,0.442,394.2,0
6/4/2019 12:00,0.441,394.2,0
6/4/2019 13:00,0.441,394.2,0
6/4/2019 14:00,0.441,394.2,0
6/4/2019 15:00,0.441,394.2,0
6/4/2019 16:00,0.442,394.2,0
6/4/2019 17:00,0.443,394.2,0
6/4/2019 18:00,0.444,394.2,0
6/4/2019 19:00,0.445,394.2,0
6/4/2019 20:00,0.446,394.2,0
6/4/2019 21:00,0.446,394.2,0
6/4/2019 22:00,0.446,394.2,0
6/4/2019 23:00,0.446,394.2,0
6/5/2019 0:00,0.446,394.2,0
6/5/2019 1:00,0.445,394.2,0
6/5/2019 2:00,0.445,394.2,0
6/5/2019 3:00,0.443,394.2,0
6/5/2019 4:00,0.443,394.2,0
6/5/2019 5:00,0.443,394.2,0
6/5/2019 6:00,0.442,394.2,0
6/5/2019 7:00,0.441,394.2,0
6/5/2019 8:00,0.441,394.2,0
6/5/2019 9:00,0.441,394.2,0
6/5/2019 10:00,0.44,394.2,0
6/5/2019 11:00,0.44,394.2,0
6/5/2019 12:00,0.439,394.2,0
6/5/2019 13:00,0.439,394.2,0
6/5/2019 14:00,0.439,394.2,0
6/5/2019 15:00,0.44,394.2,0
6/5/2019 16:00,0.44,394.2,0
6/5/2019 17:00,0.441,394.2,0
6/5/2019 18:00,0.442,394.2,0
6/5/2019 19:00,0.443,394.2,0
6/5/2019 20:00,0.444,394.2,0
6/5/2019 21:00,0.444,394.2,0
6/5/2019 22:00,0.444,394.2,0
6/5/2019 23:00,0.444,394.2,0
6/6/2019 0:00,0.444,394.2,0
6/6/2019 1:00,0.443,394.2,0
6/6/2019 2:00,0.443,394.2,0
6/6/2019 3:00,0.442,394.2,0
6/6/2019 4:00,0.442,394.2,0
6/6/2019 5:00,0.441,394.2,0
6/6/2019 6:00,0.441,394.2,0
6/6/2019 7:00,0.44,394.2,0
6/6/2019 8:00,0.44,394.2,0
6/6/2019 9:00,0.44,394.2,0
6/6/2019 10:00,0.44,394.2,0
6/6/2019 11:00,0.44,394.2,0
6/6/2019 12:00,0.439,394.2,0
6/6/2019 13:00,0.439,394.2,0
6/6/2019 14:00,0.439,394.2,0
6/6/2019 15:00,0.439,394.2,0
6/6/2019 16:00,0.439,394.2,0
6/6/2019 17:00,0.439,394.2,0
6/6/2019 18:00,0.44,394.2,0
6/6/2019 19:00,0.441,394.2,0
6/6/2019 20:00,0.441,394.2,0
6/6/2019 21:00,0.441,394.2,0
6/6/2019 22:00,0.441,394.2,0
6/6/2019 23:00,0.441,394.2,0
6/7/2019 0:00,0.44,394.2,0
6/7/2019 1:00,0.439,394.2,0
6/7/2019 2:00,0.438,394.2,0
6/7/2019 3:00,0.437,394.2,0
6/7/2019 4:00,0.437,394.2,0
6/7/2019 5:00,0.436,394.2,0
6/7/2019 6:00,0.436,394.2,0
6/7/2019 7:00,0.435,394.2,0
6/7/2019 8:00,0.435,394.2,0
6/7/2019 9:00,0.434,394.2,0
6/7/2019 10:00,0.434,394.2,0
6/7/2019 11:00,0.432,394.2,0
6/7/2019 12:00,0.432,394.2,0
6/7/2019 13:00,0.432,394.2,0
6/7/2019 14:00,0.433,394.2,0
6/7/2019 15:00,0.433,394.2,0
6/7/2019 16:00,0.433,394.2,0
6/7/2019 17:00,0.434,394.2,0
6/7/2019 18:00,0.435,394.2,0
6/7/2019 19:00,0.437,394.2,0
6/7/2019 20:00,0.437,394.2,0
6/7/2019 21:00,0.437,394.2,0
6/7/2019 22:00,0.437,394.2,0
6/7/2019 23:00,0.436,394.2,0
6/8/2019 0:00,0.437,394.2,0
6/8/2019 1:00,0.436,394.2,0
6/8/2019 2:00,0.435,394.2,0
6/8/2019 3:00,0.435,394.2,0
6/8/2019 4:00,0.433,394.2,0
6/8/2019 5:00,0.433,394.2,0
6/8/2019 6:00,0.432,394.2,0
6/8/2019 7:00,0.432,394.2,0
6/8/2019 8:00,0.431,394.2,0
6/8/2019 9:00,0.431,394.2,0
6/8/2019 10:00,0.431,394.2,0
6/8/2019 11:00,0.429,394.2,0
6/8/2019 12:00,0.43,394.2,0
6/8/2019 13:00,0.429,394.2,0
6/8/2019 14:00,0.429,394.2,0
6/8/2019 15:00,0.43,394.2,0
6/8/2019 16:00,0.43,394.2,0
6/8/2019 17:00,0.431,394.2,0
6/8/2019 18:00,0.432,394.2,0
6/8/2019 19:00,0.433,394.2,0
6/8/2019 20:00,0.434,394.2,0
6/8/2019 21:00,0.434,394.2,0
6/8/2019 22:00,0.434,394.2,0
6/8/2019 23:00,0.434,394.2,0
6/9/2019 0:00,0.434,394.2,0
6/9/2019 1:00,0.434,394.2,0
6/9/2019 2:00,0.433,394.2,0
6/9/2019 3:00,0.432,394.2,0
6/9/2019 4:00,0.432,394.2,0
6/9/2019 5:00,0.431,394.2,0
6/9/2019 6:00,0.431,394.2,0
6/9/2019 7:00,0.429,394.2,0
6/9/2019 8:00,0.429,394.2,0
6/9/2019 9:00,0.429,394.2,0
6/9/2019 10:00,0.429,394.2,0
6/9/2019 11:00,0.428,394.2,0
6/9/2019 12:00,0.427,394.2,0
6/9/2019 13:00,0.427,394.2,0
6/9/2019 14:00,0.427,394.2,0
6/9/2019 15:00,0.427,394.2,0
6/9/2019 16:00,0.428,394.2,0
6/9/2019 17:00,0.429,394.2,0
6/9/2019 18:00,0.429,394.2,0
6/9/2019 19:00,0.431,394.2,0
6/9/2019 20:00,0.432,394.2,0
6/9/2019 21:00,0.432,394.2,0
6/9/2019 22:00,0.433,394.2,0
6/9/2019 23:00,0.432,394.2,0
6/10/2019 0:00,0.433,394.2,0
6/10/2019 1:00,0.432,394.2,0
6/10/2019 2:00,0.431,394.2,0
6/10/2019 3:00,0.431,394.2,0
6/10/2019 4:00,0.43,394.2,0
6/10/2019 5:00,0.429,394.2,0
6/10/2019 6:00,0.429,394.2,0
6/10/2019 7:00,0.429,394.2,0
6/10/2019 8:00,0.428,394.2,0
6/10/2019 9:00,0.428,394.2,0
6/10/2019 10:00,0.427,394.2,0
6/10/2019 11:00,0.426,394.2,0
6/10/2019 12:00,0.425,394.2,0
6/10/2019 13:00,0.425,394.2,0
6/10/2019 14:00,0.425,394.2,0
6/10/2019 15:00,0.425,394.2,0
6/10/2019 16:00,0.425,394.2,0
6/10/2019 17:00,0.426,394.2,0
6/10/2019 18:00,0.427,394.2,0
6/10/2019 19:00,0.427,394.2,0
6/10/2019 20:00,0.429,394.2,0
6/10/2019 21:00,0.429,394.2,0
6/10/2019 22:00,0.43,394.2,0
6/10/2019 23:00,0.43,394.2,0
6/11/2019 0:00,0.429,394.2,0
6/11/2019 1:00,0.429,394.2,0
6/11/2019 2:00,0.429,394.2,0
6/11/2019 3:00,0.429,394.2,0
6/11/2019 4:00,0.428,394.2,0
6/11/2019 5:00,0.427,394.2,0
6/11/2019 6:00,0.426,394.2,0
6/11/2019 7:00,0.426,394.2,0
6/11/2019 8:00,0.425,394.2,0
6/11/2019 9:00,0.425,394.2,0
6/11/2019 10:00,0.425,394.2,0
6/11/2019 11:00,0.423,394.2,0
6/11/2019 12:00,0.423,394.2,0
6/11/2019 13:00,0.422,394.2,0
6/11/2019 14:00,0.421,394.2,0
6/11/2019 15:00,0.421,394.2,0
6/11/2019 16:00,0.421,394.2,0
6/11/2019 17:00,0.422,394.2,0
6/11/2019 18:00,0.422,394.2,0
6/11/2019 19:00,0.423,394.2,0
6/11/2019 20:00,0.423,394.2,0
6/11/2019 21:00,0.424,394.2,0
6/11/2019 22:00,0.424,394.2,0
6/11/2019 23:00,0.425,394.2,0
6/12/2019 0:00,0.424,394.2,0
6/12/2019 1:00,0.424,394.2,0
6/12/2019 2:00,0.423,394.2,0
6/12/2019 3:00,0.423,394.2,0
6/12/2019 4:00,0.422,394.2,0
6/12/2019 5:00,0.421,394.2,0
6/12/2019 6:00,0.421,394.2,0
6/12/2019 7:00,0.42,394.2,0
6/12/2019 8:00,0.419,394.2,0
6/12/2019 9:00,0.419,394.2,0
6/12/2019 10:00,0.419,394.2,0
6/12/2019 11:00,0.417,394.2,0
6/12/2019 12:00,0.417,394.2,0
6/12/2019 13:00,0.415,394.2,0
6/12/2019 14:00,0.415,394.2,0
6/12/2019 15:00,0.415,394.2,0
6/12/2019 16:00,0.416,394.2,0
6/12/2019 17:00,0.416,394.2,0
6/12/2019 18:00,0.415,394.2,0
6/12/2019 19:00,0.415,394.2,0
6/12/2019 20:00,0.416,394.2,0
6/12/2019 21:00,0.416,394.2,0
6/12/2019 22:00,0.417,394.2,0
6/12/2019 23:00,0.417,394.2,0
6/13/2019 0:00,0.416,394.2,0
6/13/2019 1:00,0.416,394.2,0
6/13/2019 2:00,0.415,394.2,0
6/13/2019 3:00,0.415,394.2,0
6/13/2019 4:00,0.415,394.2,0
6/13/2019 5:00,0.414,394.2,0
6/13/2019 6:00,0.413,394.2,0
6/13/2019 7:00,0.412,394.2,0
6/13/2019 8:00,0.412,394.2,0
6/13/2019 9:00,0.412,394.2,0
6/13/2019 10:00,0.411,394.2,0
6/13/2019 11:00,0.409,394.2,0
6/13/2019 12:00,0.408,394.2,0
6/13/2019 13:00,0.407,394.2,0
6/13/2019 14:00,0.407,394.2,0
6/13/2019 15:00,0.406,394.2,0
6/13/2019 16:00,0.406,394.2,0
6/13/2019 17:00,0.406,394.2,0
6/13/2019 18:00,0.405,394.2,0
6/13/2019 19:00,0.406,394.2,0
6/13/2019 20:00,0.406,394.2,0
6/13/2019 21:00,0.407,394.2,0
6/13/2019 22:00,0.407,394.2,0
6/13/2019 23:00,0.407,394.2,0
6/14/2019 0:00,0.407,394.2,0
6/14/2019 1:00,0.406,394.2,0
6/14/2019 2:00,0.406,394.2,0
6/14/2019 3:00,0.405,394.2,0
6/14/2019 4:00,0.404,394.2,0
6/14/2019 5:00,0.403,394.2,0
6/14/2019 6:00,0.403,394.2,0
6/14/2019 7:00,0.402,394.2,0
6/14/2019 8:00,0.401,394.2,0
6/14/2019 9:00,0.401,394.2,0
6/14/2019 10:00,0.4,394.2,0
6/14/2019 11:00,0.399,394.2,0
6/14/2019 12:00,0.398,394.2,0
6/14/2019 13:00,0.397,394.2,0
6/14/2019 14:00,0.396,394.2,0
6/14/2019 15:00,0.395,394.2,0
6/14/2019 16:00,0.395,394.2,0
6/14/2019 17:00,0.395,394.2,0
6/14/2019 18:00,0.395,394.2,0
6/14/2019 19:00,0.395,394.2,0
6/14/2019 20:00,0.396,394.2,0
6/14/2019 21:00,0.397,394.2,0
6/14/2019 22:00,0.397,394.2,0
6/14/2019 23:00,0.397,394.2,0
6/15/2019 0:00,0.397,394.2,0
6/15/2019 1:00,0.397,394.2,0
6/15/2019 2:00,0.396,394.2,0
6/15/2019 3:00,0.395,394.2,0
6/15/2019 4:00,0.394,394.2,0
6/15/2019 5:00,0.393,394.2,0
6/15/2019 6:00,0.393,394.2,0
6/15/2019 7:00,0.392,394.2,0
6/15/2019 8:00,0.391,394.2,0
6/15/2019 9:00,0.391,394.2,0
6/15/2019 10:00,0.39,394.2,0
6/15/2019 11:00,0.389,394.2,0
6/15/2019 12:00,0.387,394.2,0
6/15/2019 13:00,0.386,394.2,0
6/15/2019 14:00,0.385,394.2,0
6/15/2019 15:00,0.383,394.2,0
6/15/2019 16:00,0.383,394.2,0
6/15/2019 17:00,0.382,394.2,0
6/15/2019 18:00,0.381,394.2,0
6/15/2019 19:00,0.381,394.2,0
6/15/2019 20:00,0.382,394.2,0
6/15/2019 21:00,0.383,394.2,0
6/15/2019 22:00,0.383,394.2,0
6/15/2019 23:00,0.384,394.2,0
6/16/2019 0:00,0.383,394.2,0
6/16/2019 1:00,0.383,394.2,0
6/16/2019 2:00,0.382,394.2,0
6/16/2019 3:00,0.382,394.2,0
6/16/2019 4:00,0.38,394.2,0
6/16/2019 5:00,0.38,394.2,0
6/16/2019 6:00,0.379,394.2,0
6/16/2019 7:00,0.378,394.2,0
6/16/2019 8:00,0.377,394.2,0
6/16/2019 9:00,0.377,394.2,0
6/16/2019 10:00,0.376,394.2,0
6/16/2019 11:00,0.374,394.2,0
6/16/2019 12:00,0.372,394.2,0
6/16/2019 13:00,0.37,394.2,0
6/16/2019 14:00,0.368,394.2,0
6/16/2019 15:00,0.367,394.2,0
6/16/2019 16:00,0.366,394.2,0
6/16/2019 17:00,0.364,394.2,0
6/16/2019 18:00,0.364,394.2,0
6/16/2019 19:00,0.364,394.2,0
6/16/2019 20:00,0.365,394.2,0
6/16/2019 21:00,0.366,394.2,0
6/16/2019 22:00,0.366,394.2,0
6/16/2019 23:00,0.366,394.2,0
6/17/2019 0:00,0.366,394.2,0
6/17/2019 1:00,0.365,394.2,0
6/17/2019 2:00,0.364,394.2,0
6/17/2019 3:00,0.363,394.2,0
6/17/2019 4:00,0.363,394.2,0
6/17/2019 5:00,0.362,394.2,0
6/17/2019 6:00,0.362,394.2,0
6/17/2019 7:00,0.36,394.2,0
6/17/2019 8:00,0.36,394.2,0
6/17/2019 9:00,0.359,394.2,0
6/17/2019 10:00,0.358,394.2,0
6/17/2019 11:00,0.356,394.2,0
6/17/2019 12:00,0.354,394.2,0
6/17/2019 13:00,0.353,394.2,0
6/17/2019 14:00,0.35,394.2,0
6/17/2019 15:00,0.348,394.2,0
6/17/2019 16:00,0.347,394.2,0
6/17/2019 17:00,0.346,394.2,0
6/17/2019 18:00,0.345,394.2,0
6/17/2019 19:00,0.346,394.2,0
6/17/2019 20:00,0.347,394.2,0
6/17/2019 21:00,0.348,394.2,0
6/17/2019 22:00,0.348,394.2,0
6/17/2019 23:00,0.348,394.2,0
6/18/2019 0:00,0.347,394.2,0
6/18/2019 1:00,0.347,394.2,0
6/18/2019 2:00,0.347,394.2,0
6/18/2019 3:00,0.346,394.2,0
6/18/2019 4:00,0.345,394.2,0
6/18/2019 5:00,0.345,394.2,0
6/18/2019 6:00,0.343,394.2,0
6/18/2019 7:00,0.343,394.2,0
6/18/2019 8:00,0.342,394.2,0
6/18/2019 9:00,0.341,394.2,0
6/18/2019 10:00,0.34,394.2,0
6/18/2019 11:00,0.339,394.2,0
6/18/2019 12:00,0.336,394.2,0
6/18/2019 13:00,0.334,394.2,0
6/18/2019 14:00,0.331,394.2,0
6/18/2019 15:00,0.329,394.2,0
6/18/2019 16:00,0.328,394.2,0
6/18/2019 17:00,0.327,394.2,0
6/18/2019 18:00,0.327,394.2,0
6/18/2019 19:00,0.328,394.2,0
6/18/2019 20:00,0.328,394.2,0
6/18/2019 21:00,0.329,394.2,0
6/18/2019 22:00,0.33,394.2,0
6/18/2019 23:00,0.33,394.2,0
6/19/2019 0:00,0.329,394.2,0
6/19/2019 1:00,0.329,394.2,0
6/19/2019 2:00,0.328,394.2,0
6/19/2019 3:00,0.327,394.2,0
6/19/2019 4:00,0.326,394.2,0
6/19/2019 5:00,0.325,394.2,0
6/19/2019 6:00,0.324,394.2,0
6/19/2019 7:00,0.323,394.2,0
6/19/2019 8:00,0.322,394.2,0
6/19/2019 9:00,0.322,394.2,0
6/19/2019 10:00,0.32,394.2,0
6/19/2019 11:00,0.319,394.2,0
6/19/2019 12:00,0.317,394.2,0
6/19/2019 13:00,0.315,394.2,0
6/19/2019 14:00,0.313,394.2,0
6/19/2019 15:00,0.312,394.2,0
6/19/2019 16:00,0.311,394.2,0
6/19/2019 17:00,0.31,394.2,0
6/19/2019 18:00,0.311,394.2,0
6/19/2019 19:00,0.312,394.2,0
6/19/2019 20:00,0.313,394.2,0
6/19/2019 21:00,0.314,394.2,0
6/19/2019 22:00,0.314,394.2,0
6/19/2019 23:00,0.313,394.2,0
6/20/2019 0:00,0.313,394.2,0
6/20/2019 1:00,0.312,394.2,0
6/20/2019 2:00,0.31,394.2,0
6/20/2019 3:00,0.31,394.2,0
6/20/2019 4:00,0.308,394.2,0
6/20/2019 5:00,0.307,394.2,0
6/20/2019 6:00,0.306,394.2,0
6/20/2019 7:00,0.305,394.2,0
6/20/2019 8:00,0.304,394.2,0
6/20/2019 9:00,0.303,394.2,0
6/20/2019 10:00,0.302,394.2,0
6/20/2019 11:00,0.301,394.2,0
6/20/2019 12:00,0.299,394.2,0
6/20/2019 13:00,0.298,394.2,0
6/20/2019 14:00,0.297,394.2,0
6/20/2019 15:00,0.296,394.2,0
6/20/2019 16:00,0.296,394.2,0
6/20/2019 17:00,0.296,394.2,0
6/20/2019 18:00,0.297,394.2,0
6/20/2019 19:00,0.298,394.2,0
6/20/2019 20:00,0.299,394.2,0
6/20/2019 21:00,0.3,394.2,0
6/20/2019 22:00,0.301,394.2,0
6/20/2019 23:00,0.3,394.2,0
6/21/2019 0:00,0.299,394.2,0
6/21/2019 1:00,0.299,394.2,0
6/21/2019 2:00,0.297,394.2,0
6/21/2019 3:00,0.296,394.2,0
6/21/2019 4:00,0.295,394.2,0
6/21/2019 5:00,0.294,394.2,0
6/21/2019 6:00,0.293,394.2,0
6/21/2019 7:00,0.292,394.2,0
6/21/2019 8:00,0.291,394.2,0
6/21/2019 9:00,0.29,394.2,0
6/21/2019 10:00,0.29,394.2,0
6/21/2019 11:00,0.289,394.2,0
6/21/2019 12:00,0.288,394.2,0
6/21/2019 13:00,0.287,394.2,0
6/21/2019 14:00,0.286,394.2,0
6/21/2019 15:00,0.286,394.2,0
6/21/2019 16:00,0.286,394.2,0
6/21/2019 17:00,0.287,394.2,0
6/21/2019 18:00,0.288,394.2,0
6/21/2019 19:00,0.289,394.2,0
6/21/2019 20:00,0.29,394.2,0
6/21/2019 21:00,0.292,394.2,0
6/21/2019 22:00,0.292,394.2,0
6/21/2019 23:00,0.292,394.2,0
6/22/2019 0:00,0.291,394.2,0
6/22/2019 1:00,0.29,394.2,0
6/22/2019 2:00,0.289,394.2,0
6/22/2019 3:00,0.288,394.2,0
6/22/2019 4:00,0.287,394.2,0
6/22/2019 5:00,0.286,394.2,0
6/22/2019 6:00,0.285,394.2,0
6/22/2019 7:00,0.283,394.2,0
6/22/2019 8:00,0.282,394.2,0
6/22/2019 9:00,0.282,394.2,0
6/22/2019 10:00,0.281,394.2,0
6/22/2019 11:00,0.28,394.2,0
6/22/2019 12:00,0.278,394.2,0
6/22/2019 13:00,0.278,394.2,0
6/22/2019 14:00,0.277,394.2,0
6/22/2019 15:00,0.277,394.2,0
6/22/2019 16:00,0.278,394.2,0
6/22/2019 17:00,0.278,394.2,0
6/22/2019 18:00,0.28,394.2,0
6/22/2019 19:00,0.281,394.2,0
6/22/2019 20:00,0.283,394.2,0
6/22/2019 21:00,0.284,394.2,0
6/22/2019 22:00,0.285,394.2,0
6/22/2019 23:00,0.284,394.2,0
6/23/2019 0:00,0.284,394.2,0
6/23/2019 1:00,0.283,394.2,0
6/23/2019 2:00,0.282,394.2,0
6/23/2019 3:00,0.281,394.2,0
6/23/2019 4:00,0.28,394.2,0
6/23/2019 5:00,0.279,394.2,0
6/23/2019 6:00,0.278,394.2,0
6/23/2019 7:00,0.277,394.2,0
6/23/2019 8:00,0.276,394.2,0
6/23/2019 9:00,0.275,394.2,0
6/23/2019 10:00,0.274,394.2,0
6/23/2019 11:00,0.273,394.2,0
6/23/2019 12:00,0.273,394.2,0
6/23/2019 13:00,0.272,394.2,0
6/23/2019 14:00,0.272,394.2,0
6/23/2019 15:00,0.272,394.2,0
6/23/2019 16:00,0.272,394.2,0
6/23/2019 17:00,0.274,394.2,0
6/23/2019 18:00,0.275,394.2,0
6/23/2019 19:00,0.277,394.2,0
6/23/2019 20:00,0.278,394.2,0
6/23/2019 21:00,0.28,394.2,0
6/23/2019 22:00,0.28,394.2,0
6/23/2019 23:00,0.28,394.2,0
6/24/2019 0:00,0.279,394.2,0
6/24/2019 1:00,0.278,394.2,0
6/24/2019 2:00,0.277,394.2,0
6/24/2019 3:00,0.276,394.2,0
6/24/2019 4:00,0.275,394.2,0
6/24/2019 5:00,0.274,394.2,0
6/24/2019 6:00,0.273,394.2,0
6/24/2019 7:00,0.272,394.2,0
6/24/2019 8:00,0.271,394.2,0
6/24/2019 9:00,0.27,394.2,0
6/24/2019 10:00,0.269,394.2,0
6/24/2019 11:00,0.268,394.2,0
6/24/2019 12:00,0.268,394.2,0
6/24/2019 13:00,0.267,394.2,0
6/24/2019 14:00,0.267,394.2,0
6/24/2019 15:00,0.267,394.2,0
6/24/2019 16:00,0.268,394.2,0
6/24/2019 17:00,0.27,394.2,0
6/24/2019 18:00,0.272,394.2,0
6/24/2019 19:00,0.273,394.2,0
6/24/2019 20:00,0.275,394.2,0
6/24/2019 21:00,0.275,394.2,0
6/24/2019 22:00,0.276,394.2,0
6/24/2019 23:00,0.275,394.2,0
6/25/2019 0:00,0.275,394.2,0
6/25/2019 1:00,0.274,394.2,0
6/25/2019 2:00,0.273,394.2,0
6/25/2019 3:00,0.272,394.2,0
6/25/2019 4:00,0.271,394.2,0
6/25/2019 5:00,0.27,394.2,0
6/25/2019 6:00,0.269,394.2,0
6/25/2019 7:00,0.268,394.2,0
6/25/2019 8:00,0.267,394.2,0
6/25/2019 9:00,0.266,394.2,0
6/25/2019 10:00,0.265,394.2,0
6/25/2019 11:00,0.265,394.2,0
6/25/2019 12:00,0.264,394.2,0
6/25/2019 13:00,0.264,394.2,0
6/25/2019 14:00,0.264,394.2,0
6/25/2019 15:00,0.264,394.2,0
6/25/2019 16:00,0.265,394.2,0
6/25/2019 17:00,0.266,394.2,0
6/25/2019 18:00,0.267,394.2,0
6/25/2019 19:00,0.269,394.2,0
6/25/2019 20:00,0.271,394.2,0
6/25/2019 21:00,0.271,394.2,0
6/25/2019 22:00,0.271,394.2,0
6/25/2019 23:00,0.271,394.2,0
6/26/2019 0:00,0.271,394.2,0
6/26/2019 1:00,0.27,394.2,0
6/26/2019 2:00,0.269,394.2,0
6/26/2019 3:00,0.268,394.2,0
6/26/2019 4:00,0.267,394.2,0
6/26/2019 5:00,0.266,394.2,0
6/26/2019 6:00,0.265,394.2,0
6/26/2019 7:00,0.264,394.2,0
6/26/2019 8:00,0.263,394.2,0
6/26/2019 9:00,0.263,394.2,0
6/26/2019 10:00,0.262,394.2,0
6/26/2019 11:00,0.262,394.2,0
6/26/2019 12:00,0.261,394.2,0
6/26/2019 13:00,0.261,394.2,0
6/26/2019 14:00,0.262,394.2,0
6/26/2019 15:00,0.262,394.2,0
6/26/2019 16:00,0.263,394.2,0
6/26/2019 17:00,0.265,394.2,0
6/26/2019 18:00,0.266,394.2,0
6/26/2019 19:00,0.267,394.2,0
6/26/2019 20:00,0.269,394.2,0
6/26/2019 21:00,0.268,394.2,0
6/26/2019 22:00,0.269,394.2,0
6/26/2019 23:00,0.269,394.2,0
6/27/2019 0:00,0.268,394.2,0
6/27/2019 1:00,0.268,394.2,0
6/27/2019 2:00,0.267,394.2,0
6/27/2019 3:00,0.266,394.2,0
6/27/2019 4:00,0.265,394.2,0
6/27/2019 5:00,0.264,394.2,0
6/27/2019 6:00,0.263,394.2,0
6/27/2019 7:00,0.262,394.2,0
6/27/2019 8:00,0.261,394.2,0
6/27/2019 9:00,0.261,394.2,0
6/27/2019 10:00,0.26,394.2,0
6/27/2019 11:00,0.259,394.2,0
6/27/2019 12:00,0.258,394.2,0
6/27/2019 13:00,0.258,394.2,0
6/27/2019 14:00,0.258,394.2,0
6/27/2019 15:00,0.259,394.2,0
6/27/2019 16:00,0.26,394.2,0
6/27/2019 17:00,0.262,394.2,0
6/27/2019 18:00,0.263,394.2,0
6/27/2019 19:00,0.264,394.2,0
6/27/2019 20:00,0.266,394.2,0
6/27/2019 21:00,0.267,394.2,0
6/27/2019 22:00,0.267,394.2,0
6/27/2019 23:00,0.267,394.2,0
6/28/2019 0:00,0.266,394.2,0
6/28/2019 1:00,0.266,394.2,0
6/28/2019 2:00,0.265,394.2,0
6/28/2019 3:00,0.264,394.2,0
6/28/2019 4:00,0.262,394.2,0
6/28/2019 5:00,0.262,394.2,0
6/28/2019 6:00,0.26,394.2,0
6/28/2019 7:00,0.259,394.2,0
6/28/2019 8:00,0.258,394.2,0
6/28/2019 9:00,0.258,394.2,0
6/28/2019 10:00,0.257,394.2,0
6/28/2019 11:00,0.256,394.2,0
6/28/2019 12:00,0.256,394.2,0
6/28/2019 13:00,0.255,394.2,0
6/28/2019 14:00,0.256,394.2,0
6/28/2019 15:00,0.256,394.2,0
6/28/2019 16:00,0.258,394.2,0
6/28/2019 17:00,0.259,394.2,0
6/28/2019 18:00,0.261,394.2,0
6/28/2019 19:00,0.263,394.2,0
6/28/2019 20:00,0.265,394.2,0
6/28/2019 21:00,0.265,394.2,0
6/28/2019 22:00,0.265,394.2,0
6/28/2019 23:00,0.265,394.2,0
6/29/2019 0:00,0.265,394.2,0
6/29/2019 1:00,0.264,394.2,0
6/29/2019 2:00,0.263,394.2,0
6/29/2019 3:00,0.262,394.2,0
6/29/2019 4:00,0.261,394.2,0
6/29/2019 5:00,0.26,394.2,0
6/29/2019 6:00,0.259,394.2,0
6/29/2019 7:00,0.258,394.2,0
6/29/2019 8:00,0.257,394.2,0
6/29/2019 9:00,0.257,394.2,0
6/29/2019 10:00,0.256,394.2,0
6/29/2019 11:00,0.255,394.2,0
6/29/2019 12:00,0.255,394.2,0
6/29/2019 13:00,0.255,394.2,0
6/29/2019 14:00,0.255,394.2,0
6/29/2019 15:00,0.256,394.2,0
6/29/2019 16:00,0.256,394.2,0
6/29/2019 17:00,0.258,394.2,0
6/29/2019 18:00,0.26,394.2,0
6/29/2019 19:00,0.261,394.2,0
6/29/2019 20:00,0.263,394.2,0
6/29/2019 21:00,0.264,394.2,0
6/29/2019 22:00,0.264,394.2,0
6/29/2019 23:00,0.264,394.2,0
6/30/2019 0:00,0.264,394.2,0
6/30/2019 1:00,0.263,394.2,0
6/30/2019 2:00,0.262,394.2,0
6/30/2019 3:00,0.261,394.2,0
6/30/2019 4:00,0.26,394.2,0
6/30/2019 5:00,0.26,394.2,0
6/30/2019 6:00,0.258,394.2,0
6/30/2019 7:00,0.258,394.2,0
6/30/2019 8:00,0.257,394.2,0
6/30/2019 9:00,0.256,394.2,0
6/30/2019 10:00,0.256,394.2,0
6/30/2019 11:00,0.255,394.2,0
6/30/2019 12:00,0.254,394.2,0
6/30/2019 13:00,0.254,394.2,0
6/30/2019 14:00,0.255,394.2,0
6/30/2019 15:00,0.255,394.2,0
6/30/2019 16:00,0.256,394.2,0
6/30/2019 17:00,0.257,394.2,0
6/30/2019 18:00,0.259,394.2,0
6/30/2019 19:00,0.261,394.2,0
6/30/2019 20:00,0.262,394.2,0
6/30/2019 21:00,0.263,394.2,0
6/30/2019 22:00,0.263,394.2,0
6/30/2019 23:00,0.263,394.2,0
7/1/2019 0:00,0.263,394.2,0
7/1/2019 1:00,0.262,394.2,0
7/1/2019 2:00,0.261,394.2,0
7/1/2019 3:00,0.26,394.2,0
7/1/2019 4:00,0.259,394.2,0
7/1/2019 5:00,0.259,394.2,0
7/1/2019 6:00,0.258,394.2,0
7/1/2019 7:00,0.257,394.2,0
7/1/2019 8:00,0.256,394.2,0
7/1/2019 9:00,0.256,394.2,0
7/1/2019 10:00,0.256,394.2,0
7/1/2019 11:00,0.255,394.2,0
7/1/2019 12:00,0.254,394.2,0
7/1/2019 13:00,0.254,394.2,0
7/1/2019 14:00,0.254,394.2,0
7/1/2019 15:00,0.255,394.2,0
7/1/2019 16:00,0.256,394.2,0
7/1/2019 17:00,0.257,394.2,0
7/1/2019 18:00,0.258,394.2,0
7/1/2019 19:00,0.26,394.2,0
7/1/2019 20:00,0.261,394.2,0
7/1/2019 21:00,0.262,394.2,0
7/1/2019 22:00,0.262,394.2,0
7/1/2019 23:00,0.262,394.2,0
7/2/2019 0:00,0.261,394.2,0
7/2/2019 1:00,0.26,394.2,0
7/2/2019 2:00,0.26,394.2,0
7/2/2019 3:00,0.259,394.2,0
7/2/2019 4:00,0.257,394.2,0
7/2/2019 5:00,0.257,394.2,0
7/2/2019 6:00,0.255,394.2,0
7/2/2019 7:00,0.255,394.2,0
7/2/2019 8:00,0.254,394.2,0
7/2/2019 9:00,0.254,394.2,0
7/2/2019 10:00,0.253,394.2,0
7/2/2019 11:00,0.253,394.2,0
7/2/2019 12:00,0.252,394.2,0
7/2/2019 13:00,0.251,394.2,0
7/2/2019 14:00,0.251,394.2,0
7/2/2019 15:00,0.251,394.2,0
7/2/2019 16:00,0.253,394.2,0
7/2/2019 17:00,0.254,394.2,0
7/2/2019 18:00,0.256,394.2,0
7/2/2019 19:00,0.257,394.2,0
7/2/2019 20:00,0.258,394.2,0
7/2/2019 21:00,0.26,394.2,0
7/2/2019 22:00,0.26,394.2,0
7/2/2019 23:00,0.26,394.2,0
7/3/2019 0:00,0.259,394.2,0
7/3/2019 1:00,0.258,394.2,0
7/3/2019 2:00,0.257,394.2,0
7/3/2019 3:00,0.256,394.2,0
7/3/2019 4:00,0.255,394.2,0
7/3/2019 5:00,0.254,394.2,0
7/3/2019 6:00,0.253,394.2,0
7/3/2019 7:00,0.253,394.2,0
7/3/2019 8:00,0.252,394.2,0
7/3/2019 9:00,0.252,394.2,0
7/3/2019 10:00,0.251,394.2,0
7/3/2019 11:00,0.251,394.2,0
7/3/2019 12:00,0.25,394.2,0
7/3/2019 13:00,0.249,394.2,0
7/3/2019 14:00,0.249,394.2,0
7/3/2019 15:00,0.25,394.2,0
7/3/2019 16:00,0.251,394.2,0
7/3/2019 17:00,0.252,394.2,0
7/3/2019 18:00,0.254,394.2,0
7/3/2019 19:00,0.255,394.2,0
7/3/2019 20:00,0.257,394.2,0
7/3/2019 21:00,0.257,394.2,0
7/3/2019 22:00,0.257,394.2,0
7/3/2019 23:00,0.258,394.2,0
7/4/2019 0:00,0.257,394.2,0
7/4/2019 1:00,0.256,394.2,0
7/4/2019 2:00,0.255,394.2,0
7/4/2019 3:00,0.254,394.2,0
7/4/2019 4:00,0.253,394.2,0
7/4/2019 5:00,0.252,394.2,0
7/4/2019 6:00,0.251,394.2,0
7/4/2019 7:00,0.251,394.2,0
7/4/2019 8:00,0.25,394.2,0
7/4/2019 9:00,0.25,394.2,0
7/4/2019 10:00,0.249,394.2,0
7/4/2019 11:00,0.248,394.2,0
7/4/2019 12:00,0.248,394.2,0
7/4/2019 13:00,0.247,394.2,0
7/4/2019 14:00,0.247,394.2,0
7/4/2019 15:00,0.248,394.2,0
7/4/2019 16:00,0.248,394.2,0
7/4/2019 17:00,0.25,394.2,0
7/4/2019 18:00,0.252,394.2,0
7/4/2019 19:00,0.253,394.2,0
7/4/2019 20:00,0.254,394.2,0
7/4/2019 21:00,0.255,394.2,0
7/4/2019 22:00,0.256,394.2,0
7/4/2019 23:00,0.255,394.2,0
7/5/2019 0:00,0.255,394.2,0
7/5/2019 1:00,0.254,394.2,0
7/5/2019 2:00,0.253,394.2,0
7/5/2019 3:00,0.252,394.2,0
7/5/2019 4:00,0.251,394.2,0
7/5/2019 5:00,0.25,394.2,0
7/5/2019 6:00,0.249,394.2,0
7/5/2019 7:00,0.248,394.2,0
7/5/2019 8:00,0.247,394.2,0
7/5/2019 9:00,0.247,394.2,0
7/5/2019 10:00,0.246,394.2,0
7/5/2019 11:00,0.247,394.2,0
7/5/2019 12:00,0.246,394.2,0
7/5/2019 13:00,0.245,394.2,0
7/5/2019 14:00,0.245,394.2,0
7/5/2019 15:00,0.245,394.2,0
7/5/2019 16:00,0.246,394.2,0
7/5/2019 17:00,0.248,394.2,0
7/5/2019 18:00,0.249,394.2,0
7/5/2019 19:00,0.25,394.2,0
7/5/2019 20:00,0.252,394.2,0
7/5/2019 21:00,0.253,394.2,0
7/5/2019 22:00,0.253,394.2,0
7/5/2019 23:00,0.253,394.2,0
7/6/2019 0:00,0.252,394.2,0
7/6/2019 1:00,0.251,394.2,0
7/6/2019 2:00,0.251,394.2,0
7/6/2019 3:00,0.249,394.2,0
7/6/2019 4:00,0.248,394.2,0
7/6/2019 5:00,0.248,394.2,0
7/6/2019 6:00,0.247,394.2,0
7/6/2019 7:00,0.246,394.2,0
7/6/2019 8:00,0.245,394.2,0
7/6/2019 9:00,0.246,394.2,0
7/6/2019 10:00,0.244,394.2,0
7/6/2019 11:00,0.244,394.2,0
7/6/2019 12:00,0.244,394.2,0
7/6/2019 13:00,0.243,394.2,0
7/6/2019 14:00,0.243,394.2,0
7/6/2019 15:00,0.243,394.2,0
7/6/2019 16:00,0.244,394.2,0
7/6/2019 17:00,0.246,394.2,0
7/6/2019 18:00,0.247,394.2,0
7/6/2019 19:00,0.249,394.2,0
7/6/2019 20:00,0.25,394.2,0
7/6/2019 21:00,0.251,394.2,0
7/6/2019 22:00,0.251,394.2,0
7/6/2019 23:00,0.251,394.2,0
7/7/2019 0:00,0.25,394.2,0
7/7/2019 1:00,0.249,394.2,0
7/7/2019 2:00,0.248,394.2,0
7/7/2019 3:00,0.247,394.2,0
7/7/2019 4:00,0.246,394.2,0
7/7/2019 5:00,0.245,394.2,0
7/7/2019 6:00,0.244,394.2,0
7/7/2019 7:00,0.243,394.2,0
7/7/2019 8:00,0.242,394.2,0
7/7/2019 9:00,0.243,394.2,0
7/7/2019 10:00,0.242,394.2,0
7/7/2019 11:00,0.241,394.2,0
7/7/2019 12:00,0.24,394.2,0
7/7/2019 13:00,0.24,394.2,0
7/7/2019 14:00,0.24,394.2,0
7/7/2019 15:00,0.24,394.2,0
7/7/2019 16:00,0.241,394.2,0
7/7/2019 17:00,0.242,394.2,0
7/7/2019 18:00,0.244,394.2,0
7/7/2019 19:00,0.245,394.2,0
7/7/2019 20:00,0.248,394.2,0
7/7/2019 21:00,0.248,394.2,0
7/7/2019 22:00,0.248,394.2,0
7/7/2019 23:00,0.248,394.2,0
7/8/2019 0:00,0.247,394.2,0
7/8/2019 1:00,0.246,394.2,0
7/8/2019 2:00,0.245,394.2,0
7/8/2019 3:00,0.244,394.2,0
7/8/2019 4:00,0.243,394.2,0
7/8/2019 5:00,0.242,394.2,0
7/8/2019 6:00,0.242,394.2,0
7/8/2019 7:00,0.24,394.2,0
7/8/2019 8:00,0.24,394.2,0
7/8/2019 9:00,0.241,394.2,0
7/8/2019 10:00,0.24,394.2,0
7/8/2019 11:00,0.239,394.2,0
7/8/2019 12:00,0.239,394.2,0
7/8/2019 13:00,0.238,394.2,0
7/8/2019 14:00,0.238,394.2,0
7/8/2019 15:00,0.238,394.2,0
7/8/2019 16:00,0.239,394.2,0
7/8/2019 17:00,0.241,394.2,0
7/8/2019 18:00,0.242,394.2,0
7/8/2019 19:00,0.244,394.2,0
7/8/2019 20:00,0.245,394.2,0
7/8/2019 21:00,0.246,394.2,0
7/8/2019 22:00,0.246,394.2,0
7/8/2019 23:00,0.246,394.2,0
7/9/2019 0:00,0.246,394.2,0
7/9/2019 1:00,0.245,394.2,0
7/9/2019 2:00,0.244,394.2,0
7/9/2019 3:00,0.243,394.2,0
7/9/2019 4:00,0.242,394.2,0
7/9/2019 5:00,0.241,394.2,0
7/9/2019 6:00,0.24,394.2,0
7/9/2019 7:00,0.239,394.2,0
7/9/2019 8:00,0.238,394.2,0
7/9/2019 9:00,0.238,394.2,0
7/9/2019 10:00,0.237,394.2,0
7/9/2019 11:00,0.236,394.2,0
7/9/2019 12:00,0.236,394.2,0
7/9/2019 13:00,0.235,394.2,0
7/9/2019 14:00,0.236,394.2,0
7/9/2019 15:00,0.236,394.2,0
7/9/2019 16:00,0.237,394.2,0
7/9/2019 17:00,0.238,394.2,0
7/9/2019 18:00,0.238,394.2,0
7/9/2019 19:00,0.24,394.2,0
7/9/2019 20:00,0.24,394.2,0
7/9/2019 21:00,0.241,394.2,0
7/9/2019 22:00,0.241,394.2,0
7/9/2019 23:00,0.241,394.2,0
7/10/2019 0:00,0.24,394.2,0
7/10/2019 1:00,0.24,394.2,0
7/10/2019 2:00,0.239,394.2,0
7/10/2019 3:00,0.239,394.2,0
7/10/2019 4:00,0.238,394.2,0
7/10/2019 5:00,0.238,394.2,0
7/10/2019 6:00,0.237,394.2,0
7/10/2019 7:00,0.236,394.2,0
7/10/2019 8:00,0.235,394.2,0
7/10/2019 9:00,0.236,394.2,0
7/10/2019 10:00,0.235,394.2,0
7/10/2019 11:00,0.234,394.2,0
7/10/2019 12:00,0.235,394.2,0
7/10/2019 13:00,0.234,394.2,0
7/10/2019 14:00,0.234,394.2,0
7/10/2019 15:00,0.235,394.2,0
7/10/2019 16:00,0.236,394.2,0
7/10/2019 17:00,0.237,394.2,0
7/10/2019 18:00,0.239,394.2,0
7/10/2019 19:00,0.24,394.2,0
7/10/2019 20:00,0.241,394.2,0
7/10/2019 21:00,0.243,394.2,0
7/10/2019 22:00,0.243,394.2,0
7/10/2019 23:00,0.243,394.2,0
7/11/2019 0:00,0.243,394.2,0
7/11/2019 1:00,0.242,394.2,0
7/11/2019 2:00,0.241,394.2,0
7/11/2019 3:00,0.24,394.2,0
7/11/2019 4:00,0.239,394.2,0
7/11/2019 5:00,0.239,394.2,0
7/11/2019 6:00,0.238,394.2,0
7/11/2019 7:00,0.237,394.2,0
7/11/2019 8:00,0.236,394.2,0
7/11/2019 9:00,0.237,394.2,0
7/11/2019 10:00,0.237,394.2,0
7/11/2019 11:00,0.235,394.2,0
7/11/2019 12:00,0.235,394.2,0
7/11/2019 13:00,0.234,394.2,0
7/11/2019 14:00,0.235,394.2,0
7/11/2019 15:00,0.235,394.2,0
7/11/2019 16:00,0.236,394.2,0
7/11/2019 17:00,0.237,394.2,0
7/11/2019 18:00,0.239,394.2,0
7/11/2019 19:00,0.241,394.2,0
7/11/2019 20:00,0.241,394.2,0
7/11/2019 21:00,0.242,394.2,0
7/11/2019 22:00,0.243,394.2,0
7/11/2019 23:00,0.243,394.2,0
7/12/2019 0:00,0.243,394.2,0
7/12/2019 1:00,0.242,394.2,0
7/12/2019 2:00,0.241,394.2,0
7/12/2019 3:00,0.24,394.2,0
7/12/2019 4:00,0.239,394.2,0
7/12/2019 5:00,0.238,394.2,0
7/12/2019 6:00,0.238,394.2,0
7/12/2019 7:00,0.236,394.2,0
7/12/2019 8:00,0.236,394.2,0
7/12/2019 9:00,0.236,394.2,0
7/12/2019 10:00,0.235,394.2,0
7/12/2019 11:00,0.235,394.2,0
7/12/2019 12:00,0.234,394.2,0
7/12/2019 13:00,0.234,394.2,0
7/12/2019 14:00,0.233,394.2,0
7/12/2019 15:00,0.234,394.2,0
7/12/2019 16:00,0.235,394.2,0
7/12/2019 17:00,0.236,394.2,0
7/12/2019 18:00,0.237,394.2,0
7/12/2019 19:00,0.239,394.2,0
7/12/2019 20:00,0.239,394.2,0
7/12/2019 21:00,0.24,394.2,0
7/12/2019 22:00,0.241,394.2,0
7/12/2019 23:00,0.241,394.2,0
7/13/2019 0:00,0.241,394.2,0
7/13/2019 1:00,0.24,394.2,0
7/13/2019 2:00,0.239,394.2,0
7/13/2019 3:00,0.239,394.2,0
7/13/2019 4:00,0.238,394.2,0
7/13/2019 5:00,0.236,394.2,0
7/13/2019 6:00,0.236,394.2,0
7/13/2019 7:00,0.235,394.2,0
7/13/2019 8:00,0.235,394.2,0
7/13/2019 9:00,0.233,394.2,0
7/13/2019 10:00,0.234,394.2,0
7/13/2019 11:00,0.233,394.2,0
7/13/2019 12:00,0.233,394.2,0
7/13/2019 13:00,0.232,394.2,0
7/13/2019 14:00,0.232,394.2,0
7/13/2019 15:00,0.232,394.2,0
7/13/2019 16:00,0.234,394.2,0
7/13/2019 17:00,0.235,394.2,0
7/13/2019 18:00,0.236,394.2,0
7/13/2019 19:00,0.237,394.2,0
7/13/2019 20:00,0.237,394.2,0
7/13/2019 21:00,0.239,394.2,0
7/13/2019 22:00,0.239,394.2,0
7/13/2019 23:00,0.24,394.2,0
7/14/2019 0:00,0.239,394.2,0
7/14/2019 1:00,0.239,394.2,0
7/14/2019 2:00,0.238,394.2,0
7/14/2019 3:00,0.237,394.2,0
7/14/2019 4:00,0.237,394.2,0
7/14/2019 5:00,0.235,394.2,0
7/14/2019 6:00,0.234,394.2,0
7/14/2019 7:00,0.233,394.2,0
7/14/2019 8:00,0.232,394.2,0
7/14/2019 9:00,0.231,394.2,0
7/14/2019 10:00,0.23,394.2,0
7/14/2019 11:00,0.23,394.2,0
7/14/2019 12:00,0.23,394.2,0
7/14/2019 13:00,0.229,394.2,0
7/14/2019 14:00,0.229,394.2,0
7/14/2019 15:00,0.23,394.2,0
7/14/2019 16:00,0.231,394.2,0
7/14/2019 17:00,0.232,394.2,0
7/14/2019 18:00,0.234,394.2,0
7/14/2019 19:00,0.234,394.2,0
7/14/2019 20:00,0.235,394.2,0
7/14/2019 21:00,0.236,394.2,0
7/14/2019 22:00,0.237,394.2,0
7/14/2019 23:00,0.237,394.2,0
7/15/2019 0:00,0.237,394.2,0
7/15/2019 1:00,0.237,394.2,0
7/15/2019 2:00,0.236,394.2,0
7/15/2019 3:00,0.236,394.2,0
7/15/2019 4:00,0.234,394.2,0
7/15/2019 5:00,0.233,394.2,0
7/15/2019 6:00,0.232,394.2,0
7/15/2019 7:00,0.231,394.2,0
7/15/2019 8:00,0.23,394.2,0
7/15/2019 9:00,0.229,394.2,0
7/15/2019 10:00,0.229,394.2,0
7/15/2019 11:00,0.228,394.2,0
7/15/2019 12:00,0.227,394.2,0
7/15/2019 13:00,0.227,394.2,0
7/15/2019 14:00,0.227,394.2,0
7/15/2019 15:00,0.228,394.2,0
7/15/2019 16:00,0.229,394.2,0
7/15/2019 17:00,0.23,394.2,0
7/15/2019 18:00,0.232,394.2,0
7/15/2019 19:00,0.233,394.2,0
7/15/2019 20:00,0.233,394.2,0
7/15/2019 21:00,0.235,394.2,0
7/15/2019 22:00,0.235,394.2,0
7/15/2019 23:00,0.236,394.2,0
7/16/2019 0:00,0.235,394.2,0
7/16/2019 1:00,0.234,394.2,0
7/16/2019 2:00,0.234,394.2,0
7/16/2019 3:00,0.233,394.2,0
7/16/2019 4:00,0.232,394.2,0
7/16/2019 5:00,0.231,394.2,0
7/16/2019 6:00,0.231,394.2,0
7/16/2019 7:00,0.23,394.2,0
7/16/2019 8:00,0.23,394.2,0
7/16/2019 9:00,0.229,394.2,0
7/16/2019 10:00,0.228,394.2,0
7/16/2019 11:00,0.228,394.2,0
7/16/2019 12:00,0.229,394.2,0
7/16/2019 13:00,0.228,394.2,0
7/16/2019 14:00,0.229,394.2,0
7/16/2019 15:00,0.229,394.2,0
7/16/2019 16:00,0.23,394.2,0
7/16/2019 17:00,0.231,394.2,0
7/16/2019 18:00,0.231,394.2,0
7/16/2019 19:00,0.232,394.2,0
7/16/2019 20:00,0.234,394.2,0
7/16/2019 21:00,0.234,394.2,0
7/16/2019 22:00,0.234,394.2,0
7/16/2019 23:00,0.234,394.2,0
7/17/2019 0:00,0.234,394.2,0
7/17/2019 1:00,0.234,394.2,0
7/17/2019 2:00,0.234,394.2,0
7/17/2019 3:00,0.233,394.2,0
7/17/2019 4:00,0.232,394.2,0
7/17/2019 5:00,0.232,394.2,0
7/17/2019 6:00,0.231,394.2,0
7/17/2019 7:00,0.23,394.2,0
7/17/2019 8:00,0.23,394.2,0
7/17/2019 9:00,0.227,394.2,0
7/17/2019 10:00,0.227,394.2,0
7/17/2019 11:00,0.228,394.2,0
7/17/2019 12:00,0.228,394.2,0
7/17/2019 13:00,0.227,394.2,0
7/17/2019 14:00,0.227,394.2,0
7/17/2019 15:00,0.228,394.2,0
7/17/2019 16:00,0.229,394.2,0
7/17/2019 17:00,0.23,394.2,0
7/17/2019 18:00,0.23,394.2,0
7/17/2019 19:00,0.232,394.2,0
7/17/2019 20:00,0.232,394.2,0
7/17/2019 21:00,0.233,394.2,0
7/17/2019 22:00,0.234,394.2,0
7/17/2019 23:00,0.234,394.2,0
7/18/2019 0:00,0.234,394.2,0
7/18/2019 1:00,0.233,394.2,0
7/18/2019 2:00,0.233,394.2,0
7/18/2019 3:00,0.232,394.2,0
7/18/2019 4:00,0.232,394.2,0
7/18/2019 5:00,0.231,394.2,0
7/18/2019 6:00,0.23,394.2,0
7/18/2019 7:00,0.229,394.2,0
7/18/2019 8:00,0.229,394.2,0
7/18/2019 9:00,0.227,394.2,0
7/18/2019 10:00,0.226,394.2,0
7/18/2019 11:00,0.226,394.2,0
7/18/2019 12:00,0.227,394.2,0
7/18/2019 13:00,0.227,394.2,0
7/18/2019 14:00,0.227,394.2,0
7/18/2019 15:00,0.228,394.2,0
7/18/2019 16:00,0.228,394.2,0
7/18/2019 17:00,0.229,394.2,0
7/18/2019 18:00,0.23,394.2,0
7/18/2019 19:00,0.23,394.2,0
7/18/2019 20:00,0.231,394.2,0
7/18/2019 21:00,0.232,394.2,0
7/18/2019 22:00,0.232,394.2,0
7/18/2019 23:00,0.233,394.2,0
7/19/2019 0:00,0.232,394.2,0
7/19/2019 1:00,0.232,394.2,0
7/19/2019 2:00,0.232,394.2,0
7/19/2019 3:00,0.231,394.2,0
7/19/2019 4:00,0.23,394.2,0
7/19/2019 5:00,0.23,394.2,0
7/19/2019 6:00,0.229,394.2,0
7/19/2019 7:00,0.228,394.2,0
7/19/2019 8:00,0.227,394.2,0
7/19/2019 9:00,0.225,394.2,0
7/19/2019 10:00,0.225,394.2,0
7/19/2019 11:00,0.225,394.2,0
7/19/2019 12:00,0.225,394.2,0
7/19/2019 13:00,0.225,394.2,0
7/19/2019 14:00,0.225,394.2,0
7/19/2019 15:00,0.225,394.2,0
7/19/2019 16:00,0.226,394.2,0
7/19/2019 17:00,0.227,394.2,0
7/19/2019 18:00,0.227,394.2,0
7/19/2019 19:00,0.228,394.2,0
7/19/2019 20:00,0.229,394.2,0
7/19/2019 21:00,0.23,394.2,0
7/19/2019 22:00,0.23,394.2,0
7/19/2019 23:00,0.23,394.2,0
7/20/2019 0:00,0.23,394.2,0
7/20/2019 1:00,0.23,394.2,0
7/20/2019 2:00,0.23,394.2,0
7/20/2019 3:00,0.229,394.2,0
7/20/2019 4:00,0.228,394.2,0
7/20/2019 5:00,0.227,394.2,0
7/20/2019 6:00,0.227,394.2,0
7/20/2019 7:00,0.226,394.2,0
7/20/2019 8:00,0.225,394.2,0
7/20/2019 9:00,0.223,394.2,0
7/20/2019 10:00,0.222,394.2,0
7/20/2019 11:00,0.224,394.2,0
7/20/2019 12:00,0.223,394.2,0
7/20/2019 13:00,0.223,394.2,0
7/20/2019 14:00,0.222,394.2,0
7/20/2019 15:00,0.223,394.2,0
7/20/2019 16:00,0.224,394.2,0
7/20/2019 17:00,0.225,394.2,0
7/20/2019 18:00,0.226,394.2,0
7/20/2019 19:00,0.226,394.2,0
7/20/2019 20:00,0.228,394.2,0
7/20/2019 21:00,0.229,394.2,0
7/20/2019 22:00,0.229,394.2,0
7/20/2019 23:00,0.229,394.2,0
7/21/2019 0:00,0.229,394.2,0
7/21/2019 1:00,0.229,394.2,0
7/21/2019 2:00,0.228,394.2,0
7/21/2019 3:00,0.227,394.2,0
7/21/2019 4:00,0.227,394.2,0
7/21/2019 5:00,0.226,394.2,0
7/21/2019 6:00,0.226,394.2,0
7/21/2019 7:00,0.225,394.2,0
7/21/2019 8:00,0.224,394.2,0
7/21/2019 9:00,0.221,394.2,0
7/21/2019 10:00,0.222,394.2,0
7/21/2019 11:00,0.223,394.2,0
7/21/2019 12:00,0.222,394.2,0
7/21/2019 13:00,0.221,394.2,0
7/21/2019 14:00,0.221,394.2,0
7/21/2019 15:00,0.222,394.2,0
7/21/2019 16:00,0.223,394.2,0
7/21/2019 17:00,0.224,394.2,0
7/21/2019 18:00,0.225,394.2,0
7/21/2019 19:00,0.225,394.2,0
7/21/2019 20:00,0.226,394.2,0
7/21/2019 21:00,0.227,394.2,0
7/21/2019 22:00,0.227,394.2,0
7/21/2019 23:00,0.228,394.2,0
7/22/2019 0:00,0.227,394.2,0
7/22/2019 1:00,0.227,394.2,0
7/22/2019 2:00,0.227,394.2,0
7/22/2019 3:00,0.226,394.2,0
7/22/2019 4:00,0.226,394.2,0
7/22/2019 5:00,0.226,394.2,0
7/22/2019 6:00,0.225,394.2,0
7/22/2019 7:00,0.224,394.2,0
7/22/2019 8:00,0.223,394.2,0
7/22/2019 9:00,0.22,394.2,0
7/22/2019 10:00,0.221,394.2,0
7/22/2019 11:00,0.222,394.2,0
7/22/2019 12:00,0.222,394.2,0
7/22/2019 13:00,0.221,394.2,0
7/22/2019 14:00,0.222,394.2,0
7/22/2019 15:00,0.222,394.2,0
7/22/2019 16:00,0.223,394.2,0
7/22/2019 17:00,0.223,394.2,0
7/22/2019 18:00,0.224,394.2,0
7/22/2019 19:00,0.225,394.2,0
7/22/2019 20:00,0.226,394.2,0
7/22/2019 21:00,0.227,394.2,0
7/22/2019 22:00,0.227,394.2,0
7/22/2019 23:00,0.227,394.2,0
7/23/2019 0:00,0.227,394.2,0
7/23/2019 1:00,0.227,394.2,0
7/23/2019 2:00,0.226,394.2,0
7/23/2019 3:00,0.226,394.2,0
7/23/2019 4:00,0.226,394.2,0
7/23/2019 5:00,0.225,394.2,0
7/23/2019 6:00,0.224,394.2,0
7/23/2019 7:00,0.223,394.2,0
7/23/2019 8:00,0.223,394.2,0
7/23/2019 9:00,0.22,394.2,0
7/23/2019 10:00,0.219,394.2,0
7/23/2019 11:00,0.221,394.2,0
7/23/2019 12:00,0.221,394.2,0
7/23/2019 13:00,0.22,394.2,0
7/23/2019 14:00,0.22,394.2,0
7/23/2019 15:00,0.22,394.2,0
7/23/2019 16:00,0.221,394.2,0
7/23/2019 17:00,0.222,394.2,0
7/23/2019 18:00,0.223,394.2,0
7/23/2019 19:00,0.223,394.2,0
7/23/2019 20:00,0.224,394.2,0
7/23/2019 21:00,0.225,394.2,0
7/23/2019 22:00,0.226,394.2,0
7/23/2019 23:00,0.226,394.2,0
7/24/2019 0:00,0.226,394.2,0
7/24/2019 1:00,0.225,394.2,0
7/24/2019 2:00,0.225,394.2,0
7/24/2019 3:00,0.224,394.2,0
7/24/2019 4:00,0.224,394.2,0
7/24/2019 5:00,0.223,394.2,0
7/24/2019 6:00,0.222,394.2,0
7/24/2019 7:00,0.222,394.2,0
7/24/2019 8:00,0.221,394.2,0
7/24/2019 9:00,0.217,394.2,0
7/24/2019 10:00,0.218,394.2,0
7/24/2019 11:00,0.219,394.2,0
7/24/2019 12:00,0.219,394.2,0
7/24/2019 13:00,0.218,394.2,0
7/24/2019 14:00,0.219,394.2,0
7/24/2019 15:00,0.219,394.2,0
7/24/2019 16:00,0.219,394.2,0
7/24/2019 17:00,0.221,394.2,0
7/24/2019 18:00,0.221,394.2,0
7/24/2019 19:00,0.222,394.2,0
7/24/2019 20:00,0.223,394.2,0
7/24/2019 21:00,0.223,394.2,0
7/24/2019 22:00,0.224,394.2,0
7/24/2019 23:00,0.225,394.2,0
7/25/2019 0:00,0.224,394.2,0
7/25/2019 1:00,0.224,394.2,0
7/25/2019 2:00,0.224,394.2,0
7/25/2019 3:00,0.224,394.2,0
7/25/2019 4:00,0.223,394.2,0
7/25/2019 5:00,0.223,394.2,0
7/25/2019 6:00,0.222,394.2,0
7/25/2019 7:00,0.222,394.2,0
7/25/2019 8:00,0.221,394.2,0
7/25/2019 9:00,0.218,394.2,0
7/25/2019 10:00,0.218,394.2,0
7/25/2019 11:00,0.218,394.2,0
7/25/2019 12:00,0.218,394.2,0
7/25/2019 13:00,0.218,394.2,0
7/25/2019 14:00,0.219,394.2,0
7/25/2019 15:00,0.218,394.2,0
7/25/2019 16:00,0.219,394.2,0
7/25/2019 17:00,0.22,394.2,0
7/25/2019 18:00,0.221,394.2,0
7/25/2019 19:00,0.221,394.2,0
7/25/2019 20:00,0.222,394.2,0
7/25/2019 21:00,0.223,394.2,0
7/25/2019 22:00,0.223,394.2,0
7/25/2019 23:00,0.223,394.2,0
7/26/2019 0:00,0.223,394.2,0
7/26/2019 1:00,0.223,394.2,0
7/26/2019 2:00,0.223,394.2,0
7/26/2019 3:00,0.222,394.2,0
7/26/2019 4:00,0.222,394.2,0
7/26/2019 5:00,0.221,394.2,0
7/26/2019 6:00,0.221,394.2,0
7/26/2019 7:00,0.22,394.2,0
7/26/2019 8:00,0.219,394.2,0
7/26/2019 9:00,0.217,394.2,0
7/26/2019 10:00,0.217,394.2,0
7/26/2019 11:00,0.218,394.2,0
7/26/2019 12:00,0.218,394.2,0
7/26/2019 13:00,0.217,394.2,0
7/26/2019 14:00,0.218,394.2,0
7/26/2019 15:00,0.218,394.2,0
7/26/2019 16:00,0.219,394.2,0
7/26/2019 17:00,0.22,394.2,0
7/26/2019 18:00,0.22,394.2,0
7/26/2019 19:00,0.221,394.2,0
7/26/2019 20:00,0.222,394.2,0
7/26/2019 21:00,0.222,394.2,0
7/26/2019 22:00,0.223,394.2,0
7/26/2019 23:00,0.224,394.2,0
7/27/2019 0:00,0.223,394.2,0
7/27/2019 1:00,0.222,394.2,0
7/27/2019 2:00,0.222,394.2,0
7/27/2019 3:00,0.222,394.2,0
7/27/2019 4:00,0.221,394.2,0
7/27/2019 5:00,0.221,394.2,0
7/27/2019 6:00,0.22,394.2,0
7/27/2019 7:00,0.22,394.2,0
7/27/2019 8:00,0.218,394.2,0
7/27/2019 9:00,0.216,394.2,0
7/27/2019 10:00,0.216,394.2,0
7/27/2019 11:00,0.217,394.2,0
7/27/2019 12:00,0.217,394.2,0
7/27/2019 13:00,0.217,394.2,0
7/27/2019 14:00,0.217,394.2,0
7/27/2019 15:00,0.217,394.2,0
7/27/2019 16:00,0.218,394.2,0
7/27/2019 17:00,0.218,394.2,0
7/27/2019 18:00,0.219,394.2,0
7/27/2019 19:00,0.22,394.2,0
7/27/2019 20:00,0.22,394.2,0
7/27/2019 21:00,0.222,394.2,0
7/27/2019 22:00,0.222,394.2,0
7/27/2019 23:00,0.222,394.2,0
7/28/2019 0:00,0.222,394.2,0
7/28/2019 1:00,0.221,394.2,0
7/28/2019 2:00,0.221,394.2,0
7/28/2019 3:00,0.221,394.2,0
7/28/2019 4:00,0.22,394.2,0
7/28/2019 5:00,0.219,394.2,0
7/28/2019 6:00,0.219,394.2,0
7/28/2019 7:00,0.219,394.2,0
7/28/2019 8:00,0.218,394.2,0
7/28/2019 9:00,0.215,394.2,0
7/28/2019 10:00,0.214,394.2,0
7/28/2019 11:00,0.215,394.2,0
7/28/2019 12:00,0.216,394.2,0
7/28/2019 13:00,0.215,394.2,0
7/28/2019 14:00,0.216,394.2,0
7/28/2019 15:00,0.216,394.2,0
7/28/2019 16:00,0.217,394.2,0
7/28/2019 17:00,0.217,394.2,0
7/28/2019 18:00,0.218,394.2,0
7/28/2019 19:00,0.219,394.2,0
7/28/2019 20:00,0.22,394.2,0
7/28/2019 21:00,0.221,394.2,0
7/28/2019 22:00,0.221,394.2,0
7/28/2019 23:00,0.221,394.2,0
7/29/2019 0:00,0.221,394.2,0
7/29/2019 1:00,0.221,394.2,0
7/29/2019 2:00,0.221,394.2,0
7/29/2019 3:00,0.22,394.2,0
7/29/2019 4:00,0.22,394.2,0
7/29/2019 5:00,0.219,394.2,0
7/29/2019 6:00,0.219,394.2,0
7/29/2019 7:00,0.218,394.2,0
7/29/2019 8:00,0.217,394.2,0
7/29/2019 9:00,0.215,394.2,0
7/29/2019 10:00,0.214,394.2,0
7/29/2019 11:00,0.214,394.2,0
7/29/2019 12:00,0.214,394.2,0
7/29/2019 13:00,0.215,394.2,0
7/29/2019 14:00,0.215,394.2,0
7/29/2019 15:00,0.215,394.2,0
7/29/2019 16:00,0.216,394.2,0
7/29/2019 17:00,0.216,394.2,0
7/29/2019 18:00,0.217,394.2,0
7/29/2019 19:00,0.218,394.2,0
7/29/2019 20:00,0.219,394.2,0
7/29/2019 21:00,0.22,394.2,0
7/29/2019 22:00,0.22,394.2,0
7/29/2019 23:00,0.22,394.2,0
7/30/2019 0:00,0.22,394.2,0
7/30/2019 1:00,0.22,394.2,0
7/30/2019 2:00,0.219,394.2,0
7/30/2019 3:00,0.219,394.2,0
7/30/2019 4:00,0.219,394.2,0
7/30/2019 5:00,0.218,394.2,0
7/30/2019 6:00,0.218,394.2,0
7/30/2019 7:00,0.217,394.2,0
7/30/2019 8:00,0.217,394.2,0
7/30/2019 9:00,0.214,394.2,0
7/30/2019 10:00,0.213,394.2,0
7/30/2019 11:00,0.214,394.2,0
7/30/2019 12:00,0.215,394.2,0
7/30/2019 13:00,0.215,394.2,0
7/30/2019 14:00,0.215,394.2,0
7/30/2019 15:00,0.215,394.2,0
7/30/2019 16:00,0.215,394.2,0
7/30/2019 17:00,0.216,394.2,0
7/30/2019 18:00,0.217,394.2,0
7/30/2019 19:00,0.218,394.2,0
7/30/2019 20:00,0.219,394.2,0
7/30/2019 21:00,0.22,394.2,0
7/30/2019 22:00,0.22,394.2,0
7/30/2019 23:00,0.22,394.2,0
7/31/2019 0:00,0.22,394.2,0
7/31/2019 1:00,0.22,394.2,0
7/31/2019 2:00,0.219,394.2,0
7/31/2019 3:00,0.218,394.2,0
7/31/2019 4:00,0.218,394.2,0
7/31/2019 5:00,0.217,394.2,0
7/31/2019 6:00,0.217,394.2,0
7/31/2019 7:00,0.216,394.2,0
7/31/2019 8:00,0.216,394.2,0
7/31/2019 9:00,0.212,394.2,0
7/31/2019 10:00,0.212,394.2,0
7/31/2019 11:00,0.213,394.2,0
7/31/2019 12:00,0.213,394.2,0
7/31/2019 13:00,0.212,394.2,0
7/31/2019 14:00,0.213,394.2,0
7/31/2019 15:00,0.214,394.2,0
7/31/2019 16:00,0.214,394.2,0
7/31/2019 17:00,0.215,394.2,0
7/31/2019 18:00,0.216,394.2,0
7/31/2019 19:00,0.216,394.2,0
7/31/2019 20:00,0.217,394.2,0
7/31/2019 21:00,0.219,394.2,0
7/31/2019 22:00,0.218,394.2,0
7/31/2019 23:00,0.219,394.2,0
8/1/2019 0:00,0.218,394.2,0
8/1/2019 1:00,0.219,394.2,0
8/1/2019 2:00,0.218,394.2,0
8/1/2019 3:00,0.218,394.2,0
8/1/2019 4:00,0.217,394.2,0
8/1/2019 5:00,0.217,394.2,0
8/1/2019 6:00,0.216,394.2,0
8/1/2019 7:00,0.215,394.2,0
8/1/2019 8:00,0.214,394.2,0
8/1/2019 9:00,0.212,394.2,0
8/1/2019 10:00,0.211,394.2,0
8/1/2019 11:00,0.213,394.2,0
8/1/2019 12:00,0.213,394.2,0
8/1/2019 13:00,0.213,394.2,0
8/1/2019 14:00,0.213,394.2,0
8/1/2019 15:00,0.214,394.2,0
8/1/2019 16:00,0.214,394.2,0
8/1/2019 17:00,0.214,394.2,0
8/1/2019 18:00,0.215,394.2,0
8/1/2019 19:00,0.216,394.2,0
8/1/2019 20:00,0.217,394.2,0
8/1/2019 21:00,0.218,394.2,0
8/1/2019 22:00,0.218,394.2,0
8/1/2019 23:00,0.218,394.2,0
8/2/2019 0:00,0.218,394.2,0
8/2/2019 1:00,0.217,394.2,0
8/2/2019 2:00,0.217,394.2,0
8/2/2019 3:00,0.216,394.2,0
8/2/2019 4:00,0.217,394.2,0
8/2/2019 5:00,0.216,394.2,0
8/2/2019 6:00,0.216,394.2,0
8/2/2019 7:00,0.215,394.2,0
8/2/2019 8:00,0.214,394.2,0
8/2/2019 9:00,0.212,394.2,0
8/2/2019 10:00,0.211,394.2,0
8/2/2019 11:00,0.212,394.2,0
8/2/2019 12:00,0.212,394.2,0
8/2/2019 13:00,0.212,394.2,0
8/2/2019 14:00,0.212,394.2,0
8/2/2019 15:00,0.213,394.2,0
8/2/2019 16:00,0.213,394.2,0
8/2/2019 17:00,0.214,394.2,0
8/2/2019 18:00,0.214,394.2,0
8/2/2019 19:00,0.216,394.2,0
8/2/2019 20:00,0.217,394.2,0
8/2/2019 21:00,0.218,394.2,0
8/2/2019 22:00,0.218,394.2,0
8/2/2019 23:00,0.218,394.2,0
8/3/2019 0:00,0.218,394.2,0
8/3/2019 1:00,0.217,394.2,0
8/3/2019 2:00,0.217,394.2,0
8/3/2019 3:00,0.217,394.2,0
8/3/2019 4:00,0.217,394.2,0
8/3/2019 5:00,0.215,394.2,0
8/3/2019 6:00,0.215,394.2,0
8/3/2019 7:00,0.215,394.2,0
8/3/2019 8:00,0.214,394.2,0
8/3/2019 9:00,0.212,394.2,0
8/3/2019 10:00,0.21,394.2,0
8/3/2019 11:00,0.211,394.2,0
8/3/2019 12:00,0.212,394.2,0
8/3/2019 13:00,0.211,394.2,0
8/3/2019 14:00,0.212,394.2,0
8/3/2019 15:00,0.212,394.2,0
8/3/2019 16:00,0.212,394.2,0
8/3/2019 17:00,0.213,394.2,0
8/3/2019 18:00,0.214,394.2,0
8/3/2019 19:00,0.215,394.2,0
8/3/2019 20:00,0.217,394.2,0
8/3/2019 21:00,0.217,394.2,0
8/3/2019 22:00,0.218,394.2,0
8/3/2019 23:00,0.218,394.2,0
8/4/2019 0:00,0.217,394.2,0
8/4/2019 1:00,0.217,394.2,0
8/4/2019 2:00,0.216,394.2,0
8/4/2019 3:00,0.216,394.2,0
8/4/2019 4:00,0.216,394.2,0
8/4/2019 5:00,0.215,394.2,0
8/4/2019 6:00,0.215,394.2,0
8/4/2019 7:00,0.214,394.2,0
8/4/2019 8:00,0.213,394.2,0
8/4/2019 9:00,0.212,394.2,0
8/4/2019 10:00,0.211,394.2,0
8/4/2019 11:00,0.211,394.2,0
8/4/2019 12:00,0.212,394.2,0
8/4/2019 13:00,0.211,394.2,0
8/4/2019 14:00,0.212,394.2,0
8/4/2019 15:00,0.212,394.2,0
8/4/2019 16:00,0.212,394.2,0
8/4/2019 17:00,0.213,394.2,0
8/4/2019 18:00,0.214,394.2,0
8/4/2019 19:00,0.215,394.2,0
8/4/2019 20:00,0.217,394.2,0
8/4/2019 21:00,0.218,394.2,0
8/4/2019 22:00,0.218,394.2,0
8/4/2019 23:00,0.218,394.2,0
8/5/2019 0:00,0.218,394.2,0
8/5/2019 1:00,0.217,394.2,0
8/5/2019 2:00,0.216,394.2,0
8/5/2019 3:00,0.216,394.2,0
8/5/2019 4:00,0.215,394.2,0
8/5/2019 5:00,0.215,394.2,0
8/5/2019 6:00,0.214,394.2,0
8/5/2019 7:00,0.214,394.2,0
8/5/2019 8:00,0.214,394.2,0
8/5/2019 9:00,0.212,394.2,0
8/5/2019 10:00,0.212,394.2,0
8/5/2019 11:00,0.211,394.2,0
8/5/2019 12:00,0.21,394.2,0
8/5/2019 13:00,0.211,394.2,0
8/5/2019 14:00,0.211,394.2,0
8/5/2019 15:00,0.212,394.2,0
8/5/2019 16:00,0.212,394.2,0
8/5/2019 17:00,0.213,394.2,0
8/5/2019 18:00,0.213,394.2,0
8/5/2019 19:00,0.214,394.2,0
8/5/2019 20:00,0.216,394.2,0
8/5/2019 21:00,0.217,394.2,0
8/5/2019 22:00,0.217,394.2,0
8/5/2019 23:00,0.217,394.2,0
8/6/2019 0:00,0.216,394.2,0
8/6/2019 1:00,0.216,394.2,0
8/6/2019 2:00,0.215,394.2,0
8/6/2019 3:00,0.215,394.2,0
8/6/2019 4:00,0.214,394.2,0
8/6/2019 5:00,0.214,394.2,0
8/6/2019 6:00,0.213,394.2,0
8/6/2019 7:00,0.213,394.2,0
8/6/2019 8:00,0.212,394.2,0
8/6/2019 9:00,0.211,394.2,0
8/6/2019 10:00,0.211,394.2,0
8/6/2019 11:00,0.21,394.2,0
8/6/2019 12:00,0.21,394.2,0
8/6/2019 13:00,0.21,394.2,0
8/6/2019 14:00,0.21,394.2,0
8/6/2019 15:00,0.211,394.2,0
8/6/2019 16:00,0.211,394.2,0
8/6/2019 17:00,0.212,394.2,0
8/6/2019 18:00,0.213,394.2,0
8/6/2019 19:00,0.215,394.2,0
8/6/2019 20:00,0.216,394.2,0
8/6/2019 21:00,0.217,394.2,0
8/6/2019 22:00,0.218,394.2,0
8/6/2019 23:00,0.217,394.2,0
8/7/2019 0:00,0.217,394.2,0
8/7/2019 1:00,0.216,394.2,0
8/7/2019 2:00,0.215,394.2,0
8/7/2019 3:00,0.214,394.2,0
8/7/2019 4:00,0.214,394.2,0
8/7/2019 5:00,0.213,394.2,0
8/7/2019 6:00,0.213,394.2,0
8/7/2019 7:00,0.212,394.2,0
8/7/2019 8:00,0.212,394.2,0
8/7/2019 9:00,0.211,394.2,0
8/7/2019 10:00,0.211,394.2,0
8/7/2019 11:00,0.21,394.2,0
8/7/2019 12:00,0.21,394.2,0
8/7/2019 13:00,0.21,394.2,0
8/7/2019 14:00,0.21,394.2,0
8/7/2019 15:00,0.21,394.2,0
8/7/2019 16:00,0.21,394.2,0
8/7/2019 17:00,0.21,394.2,0
8/7/2019 18:00,0.212,394.2,0
8/7/2019 19:00,0.213,394.2,0
8/7/2019 20:00,0.215,394.2,0
8/7/2019 21:00,0.215,394.2,0
8/7/2019 22:00,0.214,394.2,0
8/7/2019 23:00,0.215,394.2,0
8/8/2019 0:00,0.214,394.2,0
8/8/2019 1:00,0.213,394.2,0
8/8/2019 2:00,0.213,394.2,0
8/8/2019 3:00,0.212,394.2,0
8/8/2019 4:00,0.212,394.2,0
8/8/2019 5:00,0.212,394.2,0
8/8/2019 6:00,0.212,394.2,0
8/8/2019 7:00,0.211,394.2,0
8/8/2019 8:00,0.21,394.2,0
8/8/2019 9:00,0.209,394.2,0
8/8/2019 10:00,0.208,394.2,0
8/8/2019 11:00,0.207,394.2,0
8/8/2019 12:00,0.207,394.2,0
8/8/2019 13:00,0.207,394.2,0
8/8/2019 14:00,0.208,394.2,0
8/8/2019 15:00,0.209,394.2,0
8/8/2019 16:00,0.209,394.2,0
8/8/2019 17:00,0.209,394.2,0
8/8/2019 18:00,0.21,394.2,0
8/8/2019 19:00,0.212,394.2,0
8/8/2019 20:00,0.213,394.2,0
8/8/2019 21:00,0.213,394.2,0
8/8/2019 22:00,0.213,394.2,0
8/8/2019 23:00,0.213,394.2,0
8/9/2019 0:00,0.213,394.2,0
8/9/2019 1:00,0.212,394.2,0
8/9/2019 2:00,0.212,394.2,0
8/9/2019 3:00,0.211,394.2,0
8/9/2019 4:00,0.211,394.2,0
8/9/2019 5:00,0.21,394.2,0
8/9/2019 6:00,0.21,394.2,0
8/9/2019 7:00,0.21,394.2,0
8/9/2019 8:00,0.209,394.2,0
8/9/2019 9:00,0.206,394.2,0
8/9/2019 10:00,0.206,394.2,0
8/9/2019 11:00,0.205,394.2,0
8/9/2019 12:00,0.206,394.2,0
8/9/2019 13:00,0.206,394.2,0
8/9/2019 14:00,0.207,394.2,0
8/9/2019 15:00,0.207,394.2,0
8/9/2019 16:00,0.208,394.2,0
8/9/2019 17:00,0.208,394.2,0
8/9/2019 18:00,0.208,394.2,0
8/9/2019 19:00,0.21,394.2,0
8/9/2019 20:00,0.21,394.2,0
8/9/2019 21:00,0.212,394.2,0
8/9/2019 22:00,0.212,394.3,1
8/9/2019 23:00,0.211,394.3,0
8/10/2019 0:00,0.211,394.3,0
8/10/2019 1:00,0.211,394.3,0
8/10/2019 2:00,0.211,394.3,0
8/10/2019 3:00,0.21,394.3,0
8/10/2019 4:00,0.21,394.3,0
8/10/2019 5:00,0.21,394.3,0
8/10/2019 6:00,0.209,394.3,0
8/10/2019 7:00,0.209,394.3,0
8/10/2019 8:00,0.208,394.3,0
8/10/2019 9:00,0.206,394.3,0
8/10/2019 10:00,0.204,394.3,0
8/10/2019 11:00,0.204,394.3,0
8/10/2019 12:00,0.204,394.4,1
8/10/2019 13:00,0.206,394.4,0
8/10/2019 14:00,0.206,394.4,0
8/10/2019 15:00,0.206,394.4,0
8/10/2019 16:00,0.206,394.4,0
8/10/2019 17:00,0.207,394.4,0
8/10/2019 18:00,0.207,394.4,0
8/10/2019 19:00,0.207,394.4,0
8/10/2019 20:00,0.208,394.4,0
8/10/2019 21:00,0.209,394.4,0
8/10/2019 22:00,0.209,394.4,0
8/10/2019 23:00,0.209,394.4,0
8/11/2019 0:00,0.209,394.4,0
8/11/2019 1:00,0.209,394.4,0
8/11/2019 2:00,0.208,394.4,0
8/11/2019 3:00,0.207,394.4,0
8/11/2019 4:00,0.207,394.4,0
8/11/2019 5:00,0.205,394.4,0
8/11/2019 6:00,0.205,394.4,0
8/11/2019 7:00,0.204,394.4,0
8/11/2019 8:00,0.204,394.4,0
8/11/2019 9:00,0.201,394.4,0
8/11/2019 10:00,0.202,394.4,0
8/11/2019 11:00,0.203,394.4,0
8/11/2019 12:00,0.202,394.4,0
8/11/2019 13:00,0.203,394.4,0
8/11/2019 14:00,0.203,394.4,0
8/11/2019 15:00,0.203,394.4,0
8/11/2019 16:00,0.205,394.4,0
8/11/2019 17:00,0.206,394.4,0
8/11/2019 18:00,0.207,394.4,0
8/11/2019 19:00,0.207,394.4,0
8/11/2019 20:00,0.208,394.4,0
8/11/2019 21:00,0.208,394.4,0
8/11/2019 22:00,0.21,394.4,0
8/11/2019 23:00,0.21,394.4,0
8/12/2019 0:00,0.209,394.4,0
8/12/2019 1:00,0.209,394.4,0
8/12/2019 2:00,0.209,394.4,0
8/12/2019 3:00,0.209,394.4,0
8/12/2019 4:00,0.208,394.4,0
8/12/2019 5:00,0.207,394.4,0
8/12/2019 6:00,0.207,394.4,0
8/12/2019 7:00,0.206,394.4,0
8/12/2019 8:00,0.205,394.4,0
8/12/2019 9:00,0.203,394.4,0
8/12/2019 10:00,0.203,394.4,0
8/12/2019 11:00,0.204,394.4,0
8/12/2019 12:00,0.204,394.4,0
8/12/2019 13:00,0.205,394.4,0
8/12/2019 14:00,0.205,394.4,0
8/12/2019 15:00,0.205,394.4,0
8/12/2019 16:00,0.206,394.4,0
8/12/2019 17:00,0.207,394.4,0
8/12/2019 18:00,0.208,394.4,0
8/12/2019 19:00,0.209,394.4,0
8/12/2019 20:00,0.209,394.4,0
8/12/2019 21:00,0.21,394.4,0
8/12/2019 22:00,0.21,394.4,0
8/12/2019 23:00,0.211,394.4,0
8/13/2019 0:00,0.21,394.4,0
8/13/2019 1:00,0.209,394.4,0
8/13/2019 2:00,0.21,394.4,0
8/13/2019 3:00,0.21,394.4,0
8/13/2019 4:00,0.209,394.4,0
8/13/2019 5:00,0.209,394.4,0
8/13/2019 6:00,0.208,394.4,0
8/13/2019 7:00,0.207,394.4,0
8/13/2019 8:00,0.207,394.4,0
8/13/2019 9:00,0.203,394.4,0
8/13/2019 10:00,0.203,394.4,0
8/13/2019 11:00,0.204,394.4,0
8/13/2019 12:00,0.204,394.4,0
8/13/2019 13:00,0.205,394.4,0
8/13/2019 14:00,0.205,394.4,0
8/13/2019 15:00,0.205,394.4,0
8/13/2019 16:00,0.206,394.4,0
8/13/2019 17:00,0.207,394.4,0
8/13/2019 18:00,0.208,394.4,0
8/13/2019 19:00,0.208,394.4,0
8/13/2019 20:00,0.209,394.4,0
8/13/2019 21:00,0.21,394.4,0
8/13/2019 22:00,0.211,394.4,0
8/13/2019 23:00,0.21,394.4,0
8/14/2019 0:00,0.21,394.4,0
8/14/2019 1:00,0.21,394.4,0
8/14/2019 2:00,0.209,394.4,0
8/14/2019 3:00,0.21,394.4,0
8/14/2019 4:00,0.209,394.4,0
8/14/2019 5:00,0.208,394.4,0
8/14/2019 6:00,0.208,394.4,0
8/14/2019 7:00,0.207,394.4,0
8/14/2019 8:00,0.207,394.4,0
8/14/2019 9:00,0.204,394.4,0
8/14/2019 10:00,0.203,394.4,0
8/14/2019 11:00,0.204,394.4,0
8/14/2019 12:00,0.204,394.4,0
8/14/2019 13:00,0.204,394.4,0
8/14/2019 14:00,0.205,394.4,0
8/14/2019 15:00,0.205,394.4,0
8/14/2019 16:00,0.206,394.4,0
8/14/2019 17:00,0.206,394.4,0
8/14/2019 18:00,0.207,394.4,0
8/14/2019 19:00,0.208,394.4,0
8/14/2019 20:00,0.209,394.4,0
8/14/2019 21:00,0.21,394.4,0
8/14/2019 22:00,0.21,394.4,0
8/14/2019 23:00,0.21,394.4,0
8/15/2019 0:00,0.21,394.4,0
8/15/2019 1:00,0.21,394.4,0
8/15/2019 2:00,0.209,394.4,0
8/15/2019 3:00,0.209,394.4,0
8/15/2019 4:00,0.209,394.4,0
8/15/2019 5:00,0.208,394.4,0
8/15/2019 6:00,0.207,394.4,0
8/15/2019 7:00,0.207,394.4,0
8/15/2019 8:00,0.206,394.4,0
8/15/2019 9:00,0.205,394.4,0
8/15/2019 10:00,0.203,394.4,0
8/15/2019 11:00,0.204,394.4,0
8/15/2019 12:00,0.204,394.4,0
8/15/2019 13:00,0.204,394.4,0
8/15/2019 14:00,0.204,394.4,0
8/15/2019 15:00,0.204,394.4,0
8/15/2019 16:00,0.206,394.4,0
8/15/2019 17:00,0.206,394.4,0
8/15/2019 18:00,0.207,394.4,0
8/15/2019 19:00,0.208,394.4,0
8/15/2019 20:00,0.209,394.4,0
8/15/2019 21:00,0.211,394.4,0
8/15/2019 22:00,0.211,394.4,0
8/15/2019 23:00,0.211,394.4,0
8/16/2019 0:00,0.21,394.4,0
8/16/2019 1:00,0.209,394.4,0
8/16/2019 2:00,0.209,394.4,0
8/16/2019 3:00,0.208,394.4,0
8/16/2019 4:00,0.207,394.4,0
8/16/2019 5:00,0.207,394.4,0
8/16/2019 6:00,0.207,394.4,0
8/16/2019 7:00,0.206,394.4,0
8/16/2019 8:00,0.206,394.4,0
8/16/2019 9:00,0.203,394.4,0
8/16/2019 10:00,0.203,394.4,0
8/16/2019 11:00,0.203,394.4,0
8/16/2019 12:00,0.203,394.4,0
8/16/2019 13:00,0.203,394.4,0
8/16/2019 14:00,0.203,394.4,0
8/16/2019 15:00,0.204,394.4,0
8/16/2019 16:00,0.205,394.4,0
8/16/2019 17:00,0.206,394.4,0
8/16/2019 18:00,0.206,394.4,0
8/16/2019 19:00,0.207,394.4,0
8/16/2019 20:00,0.208,394.4,0
8/16/2019 21:00,0.208,394.4,0
8/16/2019 22:00,0.21,394.4,0
8/16/2019 23:00,0.209,394.4,0
8/17/2019 0:00,0.209,394.4,0
8/17/2019 1:00,0.208,394.4,0
8/17/2019 2:00,0.207,394.4,0
8/17/2019 3:00,0.207,394.4,0
8/17/2019 4:00,0.207,394.4,0
8/17/2019 5:00,0.206,394.4,0
8/17/2019 6:00,0.206,394.4,0
8/17/2019 7:00,0.205,394.4,0
8/17/2019 8:00,0.204,394.4,0
8/17/2019 9:00,0.202,394.4,0
8/17/2019 10:00,0.201,394.4,0
8/17/2019 11:00,0.202,394.4,0
8/17/2019 12:00,0.202,394.4,0
8/17/2019 13:00,0.202,394.4,0
8/17/2019 14:00,0.202,394.4,0
8/17/2019 15:00,0.202,394.4,0
8/17/2019 16:00,0.203,394.4,0
8/17/2019 17:00,0.204,394.4,0
8/17/2019 18:00,0.204,394.4,0
8/17/2019 19:00,0.206,394.4,0
8/17/2019 20:00,0.206,394.4,0
8/17/2019 21:00,0.207,394.4,0
8/17/2019 22:00,0.207,394.4,0
8/17/2019 23:00,0.207,394.4,0
8/18/2019 0:00,0.207,394.4,0
8/18/2019 1:00,0.207,394.4,0
8/18/2019 2:00,0.206,394.4,0
8/18/2019 3:00,0.206,394.4,0
8/18/2019 4:00,0.205,394.4,0
8/18/2019 5:00,0.205,394.4,0
8/18/2019 6:00,0.204,394.4,0
8/18/2019 7:00,0.204,394.4,0
8/18/2019 8:00,0.203,394.4,0
8/18/2019 9:00,0.201,394.4,0
8/18/2019 10:00,0.2,394.4,0
8/18/2019 11:00,0.201,394.4,0
8/18/2019 12:00,0.201,394.4,0
8/18/2019 13:00,0.201,394.4,0
8/18/2019 14:00,0.202,394.4,0
8/18/2019 15:00,0.202,394.4,0
8/18/2019 16:00,0.203,394.4,0
8/18/2019 17:00,0.204,394.4,0
8/18/2019 18:00,0.204,394.4,0
8/18/2019 19:00,0.205,394.4,0
8/18/2019 20:00,0.206,394.4,0
8/18/2019 21:00,0.207,394.4,0
8/18/2019 22:00,0.207,394.4,0
8/18/2019 23:00,0.207,394.4,0
8/19/2019 0:00,0.207,394.4,0
8/19/2019 1:00,0.206,394.4,0
8/19/2019 2:00,0.206,394.4,0
8/19/2019 3:00,0.205,394.4,0
8/19/2019 4:00,0.205,394.4,0
8/19/2019 5:00,0.204,394.4,0
8/19/2019 6:00,0.204,394.4,0
8/19/2019 7:00,0.204,394.4,0
8/19/2019 8:00,0.203,394.4,0
8/19/2019 9:00,0.202,394.4,0
8/19/2019 10:00,0.2,394.4,0
8/19/2019 11:00,0.2,394.4,0
8/19/2019 12:00,0.201,394.4,0
8/19/2019 13:00,0.201,394.4,0
8/19/2019 14:00,0.201,394.4,0
8/19/2019 15:00,0.202,394.4,0
8/19/2019 16:00,0.202,394.4,0
8/19/2019 17:00,0.203,394.4,0
8/19/2019 18:00,0.204,394.4,0
8/19/2019 19:00,0.204,394.4,0
8/19/2019 20:00,0.205,394.4,0
8/19/2019 21:00,0.206,394.4,0
8/19/2019 22:00,0.206,394.4,0
8/19/2019 23:00,0.206,394.4,0
8/20/2019 0:00,0.206,394.4,0
8/20/2019 1:00,0.206,394.4,0
8/20/2019 2:00,0.205,394.4,0
8/20/2019 3:00,0.205,394.4,0
8/20/2019 4:00,0.204,394.4,0
8/20/2019 5:00,0.204,394.4,0
8/20/2019 6:00,0.204,394.4,0
8/20/2019 7:00,0.203,394.4,0
8/20/2019 8:00,0.202,394.4,0
8/20/2019 9:00,0.2,394.4,0
8/20/2019 10:00,0.199,394.4,0
8/20/2019 11:00,0.2,394.4,0
8/20/2019 12:00,0.2,394.4,0
8/20/2019 13:00,0.2,394.4,0
8/20/2019 14:00,0.201,394.4,0
8/20/2019 15:00,0.201,394.4,0
8/20/2019 16:00,0.202,394.4,0
8/20/2019 17:00,0.202,394.4,0
8/20/2019 18:00,0.203,394.4,0
8/20/2019 19:00,0.203,394.4,0
8/20/2019 20:00,0.204,394.4,0
8/20/2019 21:00,0.204,394.4,0
8/20/2019 22:00,0.204,394.4,0
8/20/2019 23:00,0.205,394.4,0
8/21/2019 0:00,0.205,394.4,0
8/21/2019 1:00,0.204,394.4,0
8/21/2019 2:00,0.204,394.4,0
8/21/2019 3:00,0.204,394.4,0
8/21/2019 4:00,0.203,394.4,0
8/21/2019 5:00,0.203,394.4,0
8/21/2019 6:00,0.203,394.4,0
8/21/2019 7:00,0.202,394.4,0
8/21/2019 8:00,0.201,394.4,0
8/21/2019 9:00,0.198,394.4,0
8/21/2019 10:00,0.198,394.4,0
8/21/2019 11:00,0.198,394.4,0
8/21/2019 12:00,0.199,394.4,0
8/21/2019 13:00,0.199,394.4,0
8/21/2019 14:00,0.2,394.4,0
8/21/2019 15:00,0.2,394.4,0
8/21/2019 16:00,0.201,394.4,0
8/21/2019 17:00,0.202,394.4,0
8/21/2019 18:00,0.202,394.4,0
8/21/2019 19:00,0.203,394.4,0
8/21/2019 20:00,0.203,394.4,0
8/21/2019 21:00,0.204,394.4,0
8/21/2019 22:00,0.205,394.4,0
8/21/2019 23:00,0.204,394.4,0
8/22/2019 0:00,0.204,394.4,0
8/22/2019 1:00,0.204,394.4,0
8/22/2019 2:00,0.204,394.4,0
8/22/2019 3:00,0.204,394.4,0
8/22/2019 4:00,0.204,394.4,0
8/22/2019 5:00,0.204,394.4,0
8/22/2019 6:00,0.203,394.4,0
8/22/2019 7:00,0.203,394.4,0
8/22/2019 8:00,0.202,394.4,0
8/22/2019 9:00,0.201,394.4,0
8/22/2019 10:00,0.2,394.4,0
8/22/2019 11:00,0.201,394.4,0
8/22/2019 12:00,0.201,394.4,0
8/22/2019 13:00,0.201,394.4,0
8/22/2019 14:00,0.201,394.4,0
8/22/2019 15:00,0.202,394.4,0
8/22/2019 16:00,0.203,394.4,0
8/22/2019 17:00,0.203,394.4,0
8/22/2019 18:00,0.204,394.4,0
8/22/2019 19:00,0.205,394.4,0
8/22/2019 20:00,0.206,394.4,0
8/22/2019 21:00,0.207,394.4,0
8/22/2019 22:00,0.207,394.4,0
8/22/2019 23:00,0.207,394.4,0
8/23/2019 0:00,0.206,394.4,0
8/23/2019 1:00,0.206,394.4,0
8/23/2019 2:00,0.205,394.4,0
8/23/2019 3:00,0.204,394.4,0
8/23/2019 4:00,0.204,394.4,0
8/23/2019 5:00,0.203,394.4,0
8/23/2019 6:00,0.203,394.4,0
8/23/2019 7:00,0.203,394.4,0
8/23/2019 8:00,0.203,394.4,0
8/23/2019 9:00,0.201,394.4,0
8/23/2019 10:00,0.199,394.4,0
8/23/2019 11:00,0.2,394.4,0
8/23/2019 12:00,0.2,394.4,0
8/23/2019 13:00,0.2,394.4,0
8/23/2019 14:00,0.201,394.4,0
8/23/2019 15:00,0.201,394.4,0
8/23/2019 16:00,0.202,394.4,0
8/23/2019 17:00,0.203,394.4,0
8/23/2019 18:00,0.204,394.4,0
8/23/2019 19:00,0.204,394.4,0
8/23/2019 20:00,0.205,394.4,0
8/23/2019 21:00,0.207,394.4,0
8/23/2019 22:00,0.207,394.4,0
8/23/2019 23:00,0.207,394.4,0
8/24/2019 0:00,0.206,394.4,0
8/24/2019 1:00,0.206,394.4,0
8/24/2019 2:00,0.205,394.4,0
8/24/2019 3:00,0.205,394.4,0
8/24/2019 4:00,0.204,394.4,0
8/24/2019 5:00,0.203,394.4,0
8/24/2019 6:00,0.203,394.4,0
8/24/2019 7:00,0.203,394.4,0
8/24/2019 8:00,0.202,394.4,0
8/24/2019 9:00,0.201,394.4,0
8/24/2019 10:00,0.2,394.4,0
8/24/2019 11:00,0.2,394.4,0
8/24/2019 12:00,0.2,394.4,0
8/24/2019 13:00,0.201,394.4,0
8/24/2019 14:00,0.201,394.4,0
8/24/2019 15:00,0.201,394.4,0
8/24/2019 16:00,0.202,394.4,0
8/24/2019 17:00,0.203,394.4,0
8/24/2019 18:00,0.204,394.4,0
8/24/2019 19:00,0.205,394.4,0
8/24/2019 20:00,0.206,394.4,0
8/24/2019 21:00,0.207,394.4,0
8/24/2019 22:00,0.207,394.4,0
8/24/2019 23:00,0.207,394.4,0
8/25/2019 0:00,0.207,394.4,0
8/25/2019 1:00,0.206,394.4,0
8/25/2019 2:00,0.205,394.4,0
8/25/2019 3:00,0.205,394.4,0
8/25/2019 4:00,0.204,394.4,0
8/25/2019 5:00,0.203,394.4,0
8/25/2019 6:00,0.202,394.4,0
8/25/2019 7:00,0.202,394.4,0
8/25/2019 8:00,0.201,394.4,0
8/25/2019 9:00,0.201,394.4,0
8/25/2019 10:00,0.199,394.4,0
8/25/2019 11:00,0.199,394.4,0
8/25/2019 12:00,0.199,394.4,0
8/25/2019 13:00,0.2,394.4,0
8/25/2019 14:00,0.2,394.4,0
8/25/2019 15:00,0.2,394.4,0
8/25/2019 16:00,0.201,394.4,0
8/25/2019 17:00,0.202,394.4,0
8/25/2019 18:00,0.203,394.4,0
8/25/2019 19:00,0.204,394.4,0
8/25/2019 20:00,0.205,394.4,0
8/25/2019 21:00,0.206,394.4,0
8/25/2019 22:00,0.207,394.4,0
8/25/2019 23:00,0.206,394.4,0
8/26/2019 0:00,0.206,394.4,0
8/26/2019 1:00,0.205,394.4,0
8/26/2019 2:00,0.205,394.4,0
8/26/2019 3:00,0.204,394.4,0
8/26/2019 4:00,0.203,394.4,0
8/26/2019 5:00,0.203,394.4,0
8/26/2019 6:00,0.202,394.4,0
8/26/2019 7:00,0.202,394.4,0
8/26/2019 8:00,0.202,394.4,0
8/26/2019 9:00,0.201,394.4,0
8/26/2019 10:00,0.2,394.4,0
8/26/2019 11:00,0.199,394.4,0
8/26/2019 12:00,0.2,394.4,0
8/26/2019 13:00,0.2,394.4,0
8/26/2019 14:00,0.2,394.4,0
8/26/2019 15:00,0.2,394.4,0
8/26/2019 16:00,0.201,394.4,0
8/26/2019 17:00,0.203,394.4,0
8/26/2019 18:00,0.203,394.4,0
8/26/2019 19:00,0.205,394.4,0
8/26/2019 20:00,0.206,394.4,0
8/26/2019 21:00,0.207,394.4,0
8/26/2019 22:00,0.207,394.4,0
8/26/2019 23:00,0.208,394.4,0
8/27/2019 0:00,0.207,394.4,0
8/27/2019 1:00,0.207,394.4,0
8/27/2019 2:00,0.205,394.4,0
8/27/2019 3:00,0.205,394.4,0
8/27/2019 4:00,0.204,394.4,0
8/27/2019 5:00,0.204,394.4,0
8/27/2019 6:00,0.203,394.4,0
8/27/2019 7:00,0.202,394.4,0
8/27/2019 8:00,0.202,394.4,0
8/27/2019 9:00,0.202,394.4,0
8/27/2019 10:00,0.201,394.4,0
8/27/2019 11:00,0.2,394.4,0
8/27/2019 12:00,0.2,394.4,0
8/27/2019 13:00,0.2,394.4,0
8/27/2019 14:00,0.201,394.4,0
8/27/2019 15:00,0.201,394.4,0
8/27/2019 16:00,0.201,394.4,0
8/27/2019 17:00,0.203,394.4,0
8/27/2019 18:00,0.204,394.4,0
8/27/2019 19:00,0.206,394.4,0
8/27/2019 20:00,0.207,394.4,0
8/27/2019 21:00,0.207,394.4,0
8/27/2019 22:00,0.208,394.4,0
8/27/2019 23:00,0.208,394.4,0
8/28/2019 0:00,0.207,394.4,0
8/28/2019 1:00,0.207,394.4,0
8/28/2019 2:00,0.206,394.4,0
8/28/2019 3:00,0.205,394.4,0
8/28/2019 4:00,0.204,394.4,0
8/28/2019 5:00,0.204,394.4,0
8/28/2019 6:00,0.203,394.4,0
8/28/2019 7:00,0.202,394.4,0
8/28/2019 8:00,0.202,394.4,0
8/28/2019 9:00,0.202,394.4,0
8/28/2019 10:00,0.201,394.4,0
8/28/2019 11:00,0.2,394.4,0
8/28/2019 12:00,0.2,394.4,0
8/28/2019 13:00,0.2,394.4,0
8/28/2019 14:00,0.2,394.4,0
8/28/2019 15:00,0.201,394.4,0
8/28/2019 16:00,0.201,394.4,0
8/28/2019 17:00,0.203,394.4,0
8/28/2019 18:00,0.204,394.4,0
8/28/2019 19:00,0.206,394.4,0
8/28/2019 20:00,0.206,394.4,0
8/28/2019 21:00,0.207,394.4,0
8/28/2019 22:00,0.206,394.4,0
8/28/2019 23:00,0.206,394.4,0
8/29/2019 0:00,0.206,394.4,0
8/29/2019 1:00,0.206,394.4,0
8/29/2019 2:00,0.205,394.4,0
8/29/2019 3:00,0.204,394.4,0
8/29/2019 4:00,0.203,394.4,0
8/29/2019 5:00,0.202,394.4,0
8/29/2019 6:00,0.201,394.4,0
8/29/2019 7:00,0.201,394.4,0
8/29/2019 8:00,0.201,394.4,0
8/29/2019 9:00,0.2,394.4,0
8/29/2019 10:00,0.2,394.4,0
8/29/2019 11:00,0.198,394.4,0
8/29/2019 12:00,0.198,394.4,0
8/29/2019 13:00,0.198,394.4,0
8/29/2019 14:00,0.198,394.4,0
8/29/2019 15:00,0.198,394.4,0
8/29/2019 16:00,0.2,394.4,0
8/29/2019 17:00,0.201,394.4,0
8/29/2019 18:00,0.202,394.4,0
8/29/2019 19:00,0.203,394.4,0
8/29/2019 20:00,0.204,394.4,0
8/29/2019 21:00,0.205,394.4,0
8/29/2019 22:00,0.205,394.4,0
8/29/2019 23:00,0.204,394.4,0
8/30/2019 0:00,0.203,394.4,0
8/30/2019 1:00,0.203,394.4,0
8/30/2019 2:00,0.202,394.4,0
8/30/2019 3:00,0.201,394.4,0
8/30/2019 4:00,0.201,394.4,0
8/30/2019 5:00,0.2,394.4,0
8/30/2019 6:00,0.199,394.4,0
8/30/2019 7:00,0.199,394.4,0
8/30/2019 8:00,0.199,394.4,0
8/30/2019 9:00,0.197,394.4,0
8/30/2019 10:00,0.196,394.4,0
8/30/2019 11:00,0.196,394.4,0
8/30/2019 12:00,0.196,394.4,0
8/30/2019 13:00,0.196,394.4,0
8/30/2019 14:00,0.197,394.4,0
8/30/2019 15:00,0.198,394.4,0
8/30/2019 16:00,0.198,394.4,0
8/30/2019 17:00,0.199,394.4,0
8/30/2019 18:00,0.199,394.4,0
8/30/2019 19:00,0.2,394.4,0
8/30/2019 20:00,0.201,394.4,0
8/30/2019 21:00,0.202,394.4,0
8/30/2019 22:00,0.202,394.4,0
8/30/2019 23:00,0.201,394.4,0
8/31/2019 0:00,0.202,394.4,0
8/31/2019 1:00,0.201,394.4,0
8/31/2019 2:00,0.201,394.4,0
8/31/2019 3:00,0.2,394.4,0
8/31/2019 4:00,0.2,394.4,0
8/31/2019 5:00,0.2,394.4,0
8/31/2019 6:00,0.199,394.4,0
8/31/2019 7:00,0.198,394.4,0
8/31/2019 8:00,0.198,394.4,0
8/31/2019 9:00,0.196,394.4,0
8/31/2019 10:00,0.195,394.4,0
8/31/2019 11:00,0.195,394.4,0
8/31/2019 12:00,0.196,394.4,0
8/31/2019 13:00,0.196,394.4,0
8/31/2019 14:00,0.196,394.4,0
8/31/2019 15:00,0.197,394.4,0
8/31/2019 16:00,0.197,394.4,0
8/31/2019 17:00,0.198,394.4,0
8/31/2019 18:00,0.198,394.4,0
8/31/2019 19:00,0.2,394.4,0
8/31/2019 20:00,0.201,394.4,0
8/31/2019 21:00,0.201,394.4,0
8/31/2019 22:00,0.201,394.4,0
8/31/2019 23:00,0.201,394.4,0
9/1/2019 0:00,0.201,394.4,0
9/1/2019 1:00,0.201,394.4,0
9/1/2019 2:00,0.2,394.4,0
9/1/2019 3:00,0.2,394.4,0
9/1/2019 4:00,0.199,394.4,0
9/1/2019 5:00,0.199,394.4,0
9/1/2019 6:00,0.198,394.4,0
9/1/2019 7:00,0.198,394.4,0
9/1/2019 8:00,0.198,394.4,0
9/1/2019 9:00,0.196,394.4,0
9/1/2019 10:00,0.195,394.4,0
9/1/2019 11:00,0.195,394.4,0
9/1/2019 12:00,0.195,394.4,0
9/1/2019 13:00,0.195,394.4,0
9/1/2019 14:00,0.196,394.4,0
9/1/2019 15:00,0.197,394.4,0
9/1/2019 16:00,0.197,394.4,0
9/1/2019 17:00,0.198,394.4,0
9/1/2019 18:00,0.198,394.4,0
9/1/2019 19:00,0.2,394.4,0
9/1/2019 20:00,0.2,394.4,0
9/1/2019 21:00,0.2,394.4,0
9/1/2019 22:00,0.201,394.4,0
9/1/2019 23:00,0.201,394.4,0
9/2/2019 0:00,0.2,394.4,0
9/2/2019 1:00,0.2,394.4,0
9/2/2019 2:00,0.199,394.4,0
9/2/2019 3:00,0.199,394.4,0
9/2/2019 4:00,0.199,394.4,0
9/2/2019 5:00,0.198,394.4,0
9/2/2019 6:00,0.198,394.4,0
9/2/2019 7:00,0.198,394.4,0
9/2/2019 8:00,0.197,394.4,0
9/2/2019 9:00,0.195,394.4,0
9/2/2019 10:00,0.194,394.4,0
9/2/2019 11:00,0.195,394.4,0
9/2/2019 12:00,0.194,394.4,0
9/2/2019 13:00,0.194,394.4,0
9/2/2019 14:00,0.195,394.4,0
9/2/2019 15:00,0.196,394.4,0
9/2/2019 16:00,0.196,394.4,0
9/2/2019 17:00,0.197,394.4,0
9/2/2019 18:00,0.197,394.4,0
9/2/2019 19:00,0.199,394.4,0
9/2/2019 20:00,0.199,394.4,0
9/2/2019 21:00,0.2,394.4,0
9/2/2019 22:00,0.2,394.4,0
9/2/2019 23:00,0.2,394.4,0
9/3/2019 0:00,0.199,394.4,0
9/3/2019 1:00,0.199,394.4,0
9/3/2019 2:00,0.199,394.4,0
9/3/2019 3:00,0.198,394.4,0
9/3/2019 4:00,0.198,394.4,0
9/3/2019 5:00,0.197,394.4,0
9/3/2019 6:00,0.197,394.4,0
9/3/2019 7:00,0.197,394.4,0
9/3/2019 8:00,0.196,394.4,0
9/3/2019 9:00,0.195,394.4,0
9/3/2019 10:00,0.193,394.4,0
9/3/2019 11:00,0.192,394.4,0
9/3/2019 12:00,0.194,394.4,0
9/3/2019 13:00,0.194,394.4,0
9/3/2019 14:00,0.194,394.4,0
9/3/2019 15:00,0.195,394.4,0
9/3/2019 16:00,0.195,394.4,0
9/3/2019 17:00,0.196,394.4,0
9/3/2019 18:00,0.197,394.4,0
9/3/2019 19:00,0.197,394.4,0
9/3/2019 20:00,0.198,394.4,0
9/3/2019 21:00,0.198,394.4,0
9/3/2019 22:00,0.199,394.4,0
9/3/2019 23:00,0.199,394.4,0
9/4/2019 0:00,0.198,394.4,0
9/4/2019 1:00,0.198,394.4,0
9/4/2019 2:00,0.198,394.4,0
9/4/2019 3:00,0.198,394.4,0
9/4/2019 4:00,0.197,394.4,0
9/4/2019 5:00,0.197,394.4,0
9/4/2019 6:00,0.197,394.4,0
9/4/2019 7:00,0.197,394.4,0
9/4/2019 8:00,0.196,394.4,0
9/4/2019 9:00,0.194,394.4,0
9/4/2019 10:00,0.193,394.4,0
9/4/2019 11:00,0.194,394.4,0
9/4/2019 12:00,0.194,394.4,0
9/4/2019 13:00,0.194,394.4,0
9/4/2019 14:00,0.195,394.4,0
9/4/2019 15:00,0.195,394.4,0
9/4/2019 16:00,0.196,394.4,0
9/4/2019 17:00,0.196,394.4,0
9/4/2019 18:00,0.197,394.4,0
9/4/2019 19:00,0.198,394.4,0
9/4/2019 20:00,0.198,394.4,0
9/4/2019 21:00,0.199,394.4,0
9/4/2019 22:00,0.199,394.4,0
9/4/2019 23:00,0.199,394.4,0
9/5/2019 0:00,0.198,394.4,0
9/5/2019 1:00,0.199,394.4,0
9/5/2019 2:00,0.198,394.4,0
9/5/2019 3:00,0.198,394.4,0
9/5/2019 4:00,0.198,394.4,0
9/5/2019 5:00,0.197,394.4,0
9/5/2019 6:00,0.197,394.4,0
9/5/2019 7:00,0.196,394.4,0
9/5/2019 8:00,0.196,394.4,0
9/5/2019 9:00,0.194,394.4,0
9/5/2019 10:00,0.194,394.4,0
9/5/2019 11:00,0.194,394.4,0
9/5/2019 12:00,0.194,394.4,0
9/5/2019 13:00,0.194,394.4,0
9/5/2019 14:00,0.194,394.4,0
9/5/2019 15:00,0.195,394.4,0
9/5/2019 16:00,0.196,394.4,0
9/5/2019 17:00,0.196,394.4,0
9/5/2019 18:00,0.197,394.4,0
9/5/2019 19:00,0.197,394.4,0
9/5/2019 20:00,0.198,394.4,0
9/5/2019 21:00,0.198,394.4,0
9/5/2019 22:00,0.199,394.4,0
9/5/2019 23:00,0.198,394.4,0
9/6/2019 0:00,0.197,394.4,0
9/6/2019 1:00,0.198,394.4,0
9/6/2019 2:00,0.197,394.4,0
9/6/2019 3:00,0.197,394.4,0
9/6/2019 4:00,0.197,394.4,0
9/6/2019 5:00,0.196,394.4,0
9/6/2019 6:00,0.196,394.4,0
9/6/2019 7:00,0.196,394.4,0
9/6/2019 8:00,0.195,394.4,0
9/6/2019 9:00,0.194,394.4,0
9/6/2019 10:00,0.192,394.4,0
9/6/2019 11:00,0.193,394.4,0
9/6/2019 12:00,0.193,394.4,0
9/6/2019 13:00,0.193,394.4,0
9/6/2019 14:00,0.193,394.4,0
9/6/2019 15:00,0.194,394.4,0
9/6/2019 16:00,0.195,394.4,0
9/6/2019 17:00,0.195,394.4,0
9/6/2019 18:00,0.195,394.4,0
9/6/2019 19:00,0.196,394.4,0
9/6/2019 20:00,0.196,394.4,0
9/6/2019 21:00,0.197,394.4,0
9/6/2019 22:00,0.198,394.4,0
9/6/2019 23:00,0.197,394.4,0
9/7/2019 0:00,0.197,394.4,0
9/7/2019 1:00,0.197,394.4,0
9/7/2019 2:00,0.196,394.4,0
9/7/2019 3:00,0.196,394.4,0
9/7/2019 4:00,0.196,394.4,0
9/7/2019 5:00,0.196,394.4,0
9/7/2019 6:00,0.195,394.4,0
9/7/2019 7:00,0.195,394.4,0
9/7/2019 8:00,0.194,394.4,0
9/7/2019 9:00,0.194,394.4,0
9/7/2019 10:00,0.192,394.4,0
9/7/2019 11:00,0.191,394.4,0
9/7/2019 12:00,0.192,394.4,0
9/7/2019 13:00,0.191,394.4,0
9/7/2019 14:00,0.191,394.4,0
9/7/2019 15:00,0.193,394.4,0
9/7/2019 16:00,0.192,394.4,0
9/7/2019 17:00,0.193,394.4,0
9/7/2019 18:00,0.193,394.4,0
9/7/2019 19:00,0.194,394.4,0
9/7/2019 20:00,0.195,394.4,0
9/7/2019 21:00,0.195,394.4,0
9/7/2019 22:00,0.195,394.4,0
9/7/2019 23:00,0.195,394.4,0
9/8/2019 0:00,0.195,394.4,0
9/8/2019 1:00,0.194,394.4,0
9/8/2019 2:00,0.194,394.4,0
9/8/2019 3:00,0.194,394.4,0
9/8/2019 4:00,0.193,394.4,0
9/8/2019 5:00,0.192,394.4,0
9/8/2019 6:00,0.192,394.4,0
9/8/2019 7:00,0.191,394.4,0
9/8/2019 8:00,0.191,394.4,0
9/8/2019 9:00,0.191,394.4,0
9/8/2019 10:00,0.189,394.4,0
9/8/2019 11:00,0.19,394.4,0
9/8/2019 12:00,0.19,394.4,0
9/8/2019 13:00,0.19,394.4,0
9/8/2019 14:00,0.191,394.4,0
9/8/2019 15:00,0.192,394.4,0
9/8/2019 16:00,0.192,394.4,0
9/8/2019 17:00,0.193,394.4,0
9/8/2019 18:00,0.193,394.4,0
9/8/2019 19:00,0.193,394.4,0
9/8/2019 20:00,0.195,394.4,0
9/8/2019 21:00,0.195,394.4,0
9/8/2019 22:00,0.195,394.4,0
9/8/2019 23:00,0.195,394.4,0
9/9/2019 0:00,0.195,394.4,0
9/9/2019 1:00,0.195,394.4,0
9/9/2019 2:00,0.194,394.4,0
9/9/2019 3:00,0.194,394.4,0
9/9/2019 4:00,0.194,394.4,0
9/9/2019 5:00,0.193,394.4,0
9/9/2019 6:00,0.192,394.4,0
9/9/2019 7:00,0.192,394.4,0
9/9/2019 8:00,0.191,394.4,0
9/9/2019 9:00,0.19,394.4,0
9/9/2019 10:00,0.189,394.4,0
9/9/2019 11:00,0.189,394.4,0
9/9/2019 12:00,0.19,394.4,0
9/9/2019 13:00,0.19,394.4,0
9/9/2019 14:00,0.19,394.4,0
9/9/2019 15:00,0.191,394.4,0
9/9/2019 16:00,0.191,394.4,0
9/9/2019 17:00,0.192,394.4,0
9/9/2019 18:00,0.192,394.4,0
9/9/2019 19:00,0.192,394.4,0
9/9/2019 20:00,0.193,394.4,0
9/9/2019 21:00,0.194,394.4,0
9/9/2019 22:00,0.194,394.4,0
9/9/2019 23:00,0.194,394.4,0
9/10/2019 0:00,0.193,394.4,0
9/10/2019 1:00,0.193,394.4,0
9/10/2019 2:00,0.193,394.4,0
9/10/2019 3:00,0.192,394.4,0
9/10/2019 4:00,0.191,394.4,0
9/10/2019 5:00,0.19,394.4,0
9/10/2019 6:00,0.189,394.4,0
9/10/2019 7:00,0.189,394.4,0
9/10/2019 8:00,0.188,394.4,0
9/10/2019 9:00,0.188,394.4,0
9/10/2019 10:00,0.187,394.4,0
9/10/2019 11:00,0.187,394.4,0
9/10/2019 12:00,0.187,394.4,0
9/10/2019 13:00,0.186,394.4,0
9/10/2019 14:00,0.187,394.4,0
9/10/2019 15:00,0.188,394.4,0
9/10/2019 16:00,0.188,394.4,0
9/10/2019 17:00,0.189,394.4,0
9/10/2019 18:00,0.19,394.4,0
9/10/2019 19:00,0.19,394.4,0
9/10/2019 20:00,0.191,394.4,0
9/10/2019 21:00,0.191,394.4,0
9/10/2019 22:00,0.191,394.4,0
9/10/2019 23:00,0.191,394.4,0
9/11/2019 0:00,0.191,394.4,0
9/11/2019 1:00,0.191,394.4,0
9/11/2019 2:00,0.19,394.4,0
9/11/2019 3:00,0.189,394.4,0
9/11/2019 4:00,0.189,394.4,0
9/11/2019 5:00,0.188,394.4,0
9/11/2019 6:00,0.187,394.4,0
9/11/2019 7:00,0.186,394.4,0
9/11/2019 8:00,0.186,394.4,0
9/11/2019 9:00,0.185,394.4,0
9/11/2019 10:00,0.185,394.4,0
9/11/2019 11:00,0.185,394.4,0
9/11/2019 12:00,0.185,394.4,0
9/11/2019 13:00,0.185,394.4,0
9/11/2019 14:00,0.185,394.4,0
9/11/2019 15:00,0.185,394.4,0
9/11/2019 16:00,0.186,394.4,0
9/11/2019 17:00,0.187,394.4,0
9/11/2019 18:00,0.189,394.4,0
9/11/2019 19:00,0.189,394.4,0
9/11/2019 20:00,0.19,394.4,0
9/11/2019 21:00,0.191,394.4,0
9/11/2019 22:00,0.191,394.4,0
9/11/2019 23:00,0.191,394.4,0
9/12/2019 0:00,0.191,394.4,0
9/12/2019 1:00,0.19,394.4,0
9/12/2019 2:00,0.189,394.4,0
9/12/2019 3:00,0.189,394.4,0
9/12/2019 4:00,0.188,394.4,0
9/12/2019 5:00,0.187,394.4,0
9/12/2019 6:00,0.187,394.4,0
9/12/2019 7:00,0.186,394.4,0
9/12/2019 8:00,0.186,394.4,0
9/12/2019 9:00,0.185,394.4,0
9/12/2019 10:00,0.185,394.4,0
9/12/2019 11:00,0.184,394.4,0
9/12/2019 12:00,0.184,394.4,0
9/12/2019 13:00,0.184,394.4,0
9/12/2019 14:00,0.184,394.4,0
9/12/2019 15:00,0.184,394.4,0
9/12/2019 16:00,0.186,394.4,0
9/12/2019 17:00,0.187,394.4,0
9/12/2019 18:00,0.188,394.4,0
9/12/2019 19:00,0.189,394.4,0
9/12/2019 20:00,0.19,394.4,0
9/12/2019 21:00,0.191,394.4,0
9/12/2019 22:00,0.191,394.4,0
9/12/2019 23:00,0.191,394.4,0
9/13/2019 0:00,0.191,394.4,0
9/13/2019 1:00,0.19,394.4,0
9/13/2019 2:00,0.189,394.4,0
9/13/2019 3:00,0.189,394.4,0
9/13/2019 4:00,0.188,394.4,0
9/13/2019 5:00,0.187,394.4,0
9/13/2019 6:00,0.187,394.4,0
9/13/2019 7:00,0.186,394.4,0
9/13/2019 8:00,0.185,394.4,0
9/13/2019 9:00,0.185,394.4,0
9/13/2019 10:00,0.184,394.4,0
9/13/2019 11:00,0.184,394.4,0
9/13/2019 12:00,0.184,394.4,0
9/13/2019 13:00,0.183,394.4,0
9/13/2019 14:00,0.184,394.4,0
9/13/2019 15:00,0.184,394.4,0
9/13/2019 16:00,0.186,394.4,0
9/13/2019 17:00,0.186,394.4,0
9/13/2019 18:00,0.188,394.4,0
9/13/2019 19:00,0.189,394.4,0
9/13/2019 20:00,0.19,394.4,0
9/13/2019 21:00,0.19,394.4,0
9/13/2019 22:00,0.191,394.4,0
9/13/2019 23:00,0.19,394.4,0
9/14/2019 0:00,0.19,394.4,0
9/14/2019 1:00,0.189,394.4,0
9/14/2019 2:00,0.189,394.4,0
9/14/2019 3:00,0.188,394.4,0
9/14/2019 4:00,0.187,394.4,0
9/14/2019 5:00,0.186,394.4,0
9/14/2019 6:00,0.186,394.4,0
9/14/2019 7:00,0.185,394.4,0
9/14/2019 8:00,0.185,394.4,0
9/14/2019 9:00,0.184,394.4,0
9/14/2019 10:00,0.183,394.4,0
9/14/2019 11:00,0.184,394.4,0
9/14/2019 12:00,0.183,394.4,0
9/14/2019 13:00,0.184,394.4,0
9/14/2019 14:00,0.184,394.4,0
9/14/2019 15:00,0.184,394.4,0
9/14/2019 16:00,0.185,394.4,0
9/14/2019 17:00,0.186,394.4,0
9/14/2019 18:00,0.188,394.4,0
9/14/2019 19:00,0.188,394.4,0
9/14/2019 20:00,0.189,394.4,0
9/14/2019 21:00,0.19,394.4,0
9/14/2019 22:00,0.19,394.4,0
9/14/2019 23:00,0.189,394.4,0
9/15/2019 0:00,0.189,394.4,0
9/15/2019 1:00,0.189,394.4,0
9/15/2019 2:00,0.188,394.4,0
9/15/2019 3:00,0.187,394.4,0
9/15/2019 4:00,0.187,394.4,0
9/15/2019 5:00,0.186,394.4,0
9/15/2019 6:00,0.186,394.4,0
9/15/2019 7:00,0.185,394.4,0
9/15/2019 8:00,0.185,394.4,0
9/15/2019 9:00,0.185,394.4,0
9/15/2019 10:00,0.185,394.4,0
9/15/2019 11:00,0.184,394.4,0
9/15/2019 12:00,0.184,394.4,0
9/15/2019 13:00,0.184,394.4,0
9/15/2019 14:00,0.184,394.4,0
9/15/2019 15:00,0.185,394.4,0
9/15/2019 16:00,0.185,394.4,0
9/15/2019 17:00,0.186,394.4,0
9/15/2019 18:00,0.187,394.4,0
9/15/2019 19:00,0.188,394.4,0
9/15/2019 20:00,0.189,394.4,0
9/15/2019 21:00,0.189,394.4,0
9/15/2019 22:00,0.189,394.4,0
9/15/2019 23:00,0.189,394.4,0
9/16/2019 0:00,0.188,394.8,4
9/16/2019 1:00,0.187,395.6,8
9/16/2019 2:00,0.187,395.8,2
9/16/2019 3:00,0.186,395.8,0
9/16/2019 4:00,0.185,395.8,0
9/16/2019 5:00,0.185,395.8,0
9/16/2019 6:00,0.184,395.8,0
9/16/2019 7:00,0.184,395.8,0
9/16/2019 8:00,0.183,395.8,0
9/16/2019 9:00,0.183,396,2
9/16/2019 10:00,0.182,396,0
9/16/2019 11:00,0.182,396,0
9/16/2019 12:00,0.182,396,0
9/16/2019 13:00,0.181,396,0
9/16/2019 14:00,0.181,396,0
9/16/2019 15:00,0.181,396.3,3
9/16/2019 16:00,0.182,396.3,0
9/16/2019 17:00,0.182,396.3,0
9/16/2019 18:00,0.182,396.3,0
9/16/2019 19:00,0.183,396.3,0
9/16/2019 20:00,0.183,396.3,0
9/16/2019 21:00,0.182,396.3,0
9/16/2019 22:00,0.182,396.3,0
9/16/2019 23:00,0.181,396.3,0
9/17/2019 0:00,0.181,396.3,0
9/17/2019 1:00,0.181,396.3,0
9/17/2019 2:00,0.18,396.3,0
9/17/2019 3:00,0.18,396.3,0
9/17/2019 4:00,0.179,396.3,0
9/17/2019 5:00,0.179,396.3,0
9/17/2019 6:00,0.178,396.3,0
9/17/2019 7:00,0.178,396.3,0
9/17/2019 8:00,0.177,396.3,0
9/17/2019 9:00,0.177,396.3,0
9/17/2019 10:00,0.177,396.3,0
9/17/2019 11:00,0.176,396.3,0
9/17/2019 12:00,0.176,396.3,0
9/17/2019 13:00,0.176,396.3,0
9/17/2019 14:00,0.176,396.3,0
9/17/2019 15:00,0.177,396.3,0
9/17/2019 16:00,0.178,396.3,0
9/17/2019 17:00,0.178,396.3,0
9/17/2019 18:00,0.179,396.3,0
9/17/2019 19:00,0.179,396.3,0
9/17/2019 20:00,0.179,396.3,0
9/17/2019 21:00,0.179,396.3,0
9/17/2019 22:00,0.179,396.3,0
9/17/2019 23:00,0.179,396.4,1
9/18/2019 0:00,0.178,396.7,3
9/18/2019 1:00,0.179,397,3
9/18/2019 2:00,0.178,397.1,1
9/18/2019 3:00,0.178,397.1,0
9/18/2019 4:00,0.177,397.1,0
9/18/2019 5:00,0.177,397.2,1
9/18/2019 6:00,0.177,397.2,0
9/18/2019 7:00,0.177,397.2,0
9/18/2019 8:00,0.177,397.2,0
9/18/2019 9:00,0.177,397.2,0
9/18/2019 10:00,0.177,397.3,1
9/18/2019 11:00,0.176,397.3,0
9/18/2019 12:00,0.177,397.3,0
9/18/2019 13:00,0.176,397.4,1
9/18/2019 14:00,0.176,397.4,0
9/18/2019 15:00,0.177,397.5,1
9/18/2019 16:00,0.177,397.5,0
9/18/2019 17:00,0.177,397.9,4
9/18/2019 18:00,0.178,398,1
9/18/2019 19:00,0.178,398,0
9/18/2019 20:00,0.178,398,0
9/18/2019 21:00,0.178,398,0
9/18/2019 22:00,0.178,398,0
9/18/2019 23:00,0.177,398,0
9/19/2019 0:00,0.177,398,0
9/19/2019 1:00,0.177,398,0
9/19/2019 2:00,0.177,398,0
9/19/2019 3:00,0.176,398,0
9/19/2019 4:00,0.176,398,0
9/19/2019 5:00,0.176,398,0
9/19/2019 6:00,0.175,398,0
9/19/2019 7:00,0.176,398,0
9/19/2019 8:00,0.175,398,0
9/19/2019 9:00,0.175,398,0
9/19/2019 10:00,0.175,398,0
9/19/2019 11:00,0.175,398,0
9/19/2019 12:00,0.174,398,0
9/19/2019 13:00,0.174,398,0
9/19/2019 14:00,0.175,398,0
9/19/2019 15:00,0.175,398,0
9/19/2019 16:00,0.176,398,0
9/19/2019 17:00,0.177,398,0
9/19/2019 18:00,0.178,398,0
9/19/2019 19:00,0.179,398,0
9/19/2019 20:00,0.179,398,0
9/19/2019 21:00,0.18,398,0
9/19/2019 22:00,0.18,398,0
9/19/2019 23:00,0.18,398,0
9/20/2019 0:00,0.18,398,0
9/20/2019 1:00,0.18,398,0
9/20/2019 2:00,0.179,398,0
9/20/2019 3:00,0.179,398,0
9/20/2019 4:00,0.179,398,0
9/20/2019 5:00,0.179,398,0
9/20/2019 6:00,0.179,398,0
9/20/2019 7:00,0.178,398,0
9/20/2019 8:00,0.178,398,0
9/20/2019 9:00,0.178,398,0
9/20/2019 10:00,0.179,398,0
9/20/2019 11:00,0.178,398,0
9/20/2019 12:00,0.178,398,0
9/20/2019 13:00,0.178,398,0
9/20/2019 14:00,0.179,398,0
9/20/2019 15:00,0.18,398,0
9/20/2019 16:00,0.18,398,0
9/20/2019 17:00,0.181,398,0
9/20/2019 18:00,0.183,398,0
9/20/2019 19:00,0.183,398,0
9/20/2019 20:00,0.184,398,0
9/20/2019 21:00,0.184,398,0
9/20/2019 22:00,0.185,398,0
9/20/2019 23:00,0.185,398,0
9/21/2019 0:00,0.185,398,0
9/21/2019 1:00,0.185,398,0
9/21/2019 2:00,0.184,398,0
9/21/2019 3:00,0.184,398,0
9/21/2019 4:00,0.184,398,0
9/21/2019 5:00,0.183,398,0
9/21/2019 6:00,0.183,398,0
9/21/2019 7:00,0.183,398,0
9/21/2019 8:00,0.183,398,0
9/21/2019 9:00,0.182,398,0
9/21/2019 10:00,0.182,398,0
9/21/2019 11:00,0.182,398,0
9/21/2019 12:00,0.182,398,0
9/21/2019 13:00,0.182,398,0
9/21/2019 14:00,0.182,398,0
9/21/2019 15:00,0.183,398,0
9/21/2019 16:00,0.184,398,0
9/21/2019 17:00,0.185,398,0
9/21/2019 18:00,0.186,398,0
9/21/2019 19:00,0.188,398,0
9/21/2019 20:00,0.188,398,0
9/21/2019 21:00,0.189,398,0
9/21/2019 22:00,0.189,398,0
9/21/2019 23:00,0.189,398,0
9/22/2019 0:00,0.189,398,0
9/22/2019 1:00,0.189,398,0
9/22/2019 2:00,0.188,398,0
9/22/2019 3:00,0.188,398,0
9/22/2019 4:00,0.188,398,0
9/22/2019 5:00,0.187,398,0
9/22/2019 6:00,0.187,398,0
9/22/2019 7:00,0.187,398,0
9/22/2019 8:00,0.187,398,0
9/22/2019 9:00,0.186,398,0
9/22/2019 10:00,0.187,398,0
9/22/2019 11:00,0.186,398,0
9/22/2019 12:00,0.187,398,0
9/22/2019 13:00,0.187,398,0
9/22/2019 14:00,0.187,398,0
9/22/2019 15:00,0.188,398,0
9/22/2019 16:00,0.189,398,0
9/22/2019 17:00,0.19,398,0
9/22/2019 18:00,0.191,398,0
9/22/2019 19:00,0.192,398,0
9/22/2019 20:00,0.192,398,0
9/22/2019 21:00,0.192,398,0
9/22/2019 22:00,0.192,398,0
9/22/2019 23:00,0.192,398,0
9/23/2019 0:00,0.192,398,0
9/23/2019 1:00,0.192,398,0
9/23/2019 2:00,0.192,398,0
9/23/2019 3:00,0.191,398,0
9/23/2019 4:00,0.191,398,0
9/23/2019 5:00,0.19,398,0
9/23/2019 6:00,0.19,398,0
9/23/2019 7:00,0.19,398,0
9/23/2019 8:00,0.19,398,0
9/23/2019 9:00,0.19,398,0
9/23/2019 10:00,0.19,398,0
9/23/2019 11:00,0.189,398,0
9/23/2019 12:00,0.189,398,0
9/23/2019 13:00,0.189,398,0
9/23/2019 14:00,0.189,398,0
9/23/2019 15:00,0.19,398,0
9/23/2019 16:00,0.191,398,0
9/23/2019 17:00,0.193,398,0
9/23/2019 18:00,0.194,398,0
9/23/2019 19:00,0.195,398,0
9/23/2019 20:00,0.195,398,0
9/23/2019 21:00,0.196,398,0
9/23/2019 22:00,0.196,398,0
9/23/2019 23:00,0.196,398,0
9/24/2019 0:00,0.196,398,0
9/24/2019 1:00,0.195,398,0
9/24/2019 2:00,0.195,398,0
9/24/2019 3:00,0.194,398,0
9/24/2019 4:00,0.194,398,0
9/24/2019 5:00,0.193,398,0
9/24/2019 6:00,0.193,398,0
9/24/2019 7:00,0.193,398,0
9/24/2019 8:00,0.192,398,0
9/24/2019 9:00,0.192,398,0
9/24/2019 10:00,0.193,398,0
9/24/2019 11:00,0.193,398,0
9/24/2019 12:00,0.192,398,0
9/24/2019 13:00,0.192,398,0
9/24/2019 14:00,0.193,398,0
9/24/2019 15:00,0.193,398,0
9/24/2019 16:00,0.194,398,0
9/24/2019 17:00,0.196,398,0
9/24/2019 18:00,0.197,398,0
9/24/2019 19:00,0.198,398,0
9/24/2019 20:00,0.198,398,0
9/24/2019 21:00,0.199,398,0
9/24/2019 22:00,0.2,398,0
9/24/2019 23:00,0.199,398,0
9/25/2019 0:00,0.199,398,0
9/25/2019 1:00,0.199,398,0
9/25/2019 2:00,0.199,398,0
9/25/2019 3:00,0.199,398,0
9/25/2019 4:00,0.198,398,0
9/25/2019 5:00,0.197,398,0
9/25/2019 6:00,0.197,398,0
9/25/2019 7:00,0.197,398,0
9/25/2019 8:00,0.197,398,0
9/25/2019 9:00,0.196,398,0
9/25/2019 10:00,0.197,398,0
9/25/2019 11:00,0.196,398,0
9/25/2019 12:00,0.196,398,0
9/25/2019 13:00,0.196,398,0
9/25/2019 14:00,0.197,398,0
9/25/2019 15:00,0.197,398,0
9/25/2019 16:00,0.198,398,0
9/25/2019 17:00,0.199,398,0
9/25/2019 18:00,0.201,398,0
9/25/2019 19:00,0.202,398,0
9/25/2019 20:00,0.203,398,0
9/25/2019 21:00,0.203,398,0
9/25/2019 22:00,0.203,398,0
9/25/2019 23:00,0.204,398,0
9/26/2019 0:00,0.203,398,0
9/26/2019 1:00,0.203,398,0
9/26/2019 2:00,0.202,398,0
9/26/2019 3:00,0.202,398,0
9/26/2019 4:00,0.202,398,0
9/26/2019 5:00,0.202,398,0
9/26/2019 6:00,0.201,398,0
9/26/2019 7:00,0.2,398,0
9/26/2019 8:00,0.2,398,0
9/26/2019 9:00,0.2,398,0
9/26/2019 10:00,0.2,398,0
9/26/2019 11:00,0.2,398,0
9/26/2019 12:00,0.199,398,0
9/26/2019 13:00,0.199,398,0
9/26/2019 14:00,0.2,398,0
9/26/2019 15:00,0.201,398,0
9/26/2019 16:00,0.202,398,0
9/26/2019 17:00,0.203,398,0
9/26/2019 18:00,0.203,398,0
9/26/2019 19:00,0.204,398,0
9/26/2019 20:00,0.205,398,0
9/26/2019 21:00,0.205,398,0
9/26/2019 22:00,0.205,398,0
9/26/2019 23:00,0.206,398,0
9/27/2019 0:00,0.205,398,0
9/27/2019 1:00,0.204,398,0
9/27/2019 2:00,0.203,398,0
9/27/2019 3:00,0.203,398,0
9/27/2019 4:00,0.202,398,0
9/27/2019 5:00,0.203,398,0
9/27/2019 6:00,0.202,398,0
9/27/2019 7:00,0.201,398,0
9/27/2019 8:00,0.201,398,0
9/27/2019 9:00,0.201,398,0
9/27/2019 10:00,0.2,398,0
9/27/2019 11:00,0.2,398,0
9/27/2019 12:00,0.2,398,0
9/27/2019 13:00,0.2,398,0
9/27/2019 14:00,0.2,398,0
9/27/2019 15:00,0.2,398,0
9/27/2019 16:00,0.201,398,0
9/27/2019 17:00,0.202,398,0
9/27/2019 18:00,0.203,398,0
9/27/2019 19:00,0.204,398,0
9/27/2019 20:00,0.204,398,0
9/27/2019 21:00,0.205,398,0
9/27/2019 22:00,0.204,398,0
9/27/2019 23:00,0.204,398,0
9/28/2019 0:00,0.204,398,0
9/28/2019 1:00,0.204,398,0
9/28/2019 2:00,0.203,398,0
9/28/2019 3:00,0.203,398,0
9/28/2019 4:00,0.202,398,0
9/28/2019 5:00,0.202,398,0
9/28/2019 6:00,0.201,398,0
9/28/2019 7:00,0.2,398,0
9/28/2019 8:00,0.2,398,0
9/28/2019 9:00,0.2,398,0
9/28/2019 10:00,0.199,398,0
9/28/2019 11:00,0.199,398,0
9/28/2019 12:00,0.198,398,0
9/28/2019 13:00,0.198,398,0
9/28/2019 14:00,0.198,398,0
9/28/2019 15:00,0.198,398,0
9/28/2019 16:00,0.198,398,0
9/28/2019 17:00,0.199,398,0
9/28/2019 18:00,0.199,398,0
9/28/2019 19:00,0.199,398,0
9/28/2019 20:00,0.199,398,0
9/28/2019 21:00,0.199,398,0
9/28/2019 22:00,0.199,398,0
9/28/2019 23:00,0.198,398,0
9/29/2019 0:00,0.197,398,0
9/29/2019 1:00,0.197,398,0
9/29/2019 2:00,0.197,398,0
9/29/2019 3:00,0.196,398,0
9/29/2019 4:00,0.195,398,0
9/29/2019 5:00,0.195,398,0
9/29/2019 6:00,0.195,398,0
9/29/2019 7:00,0.194,398,0
9/29/2019 8:00,0.194,398,0
9/29/2019 9:00,0.193,398,0
9/29/2019 10:00,0.193,398,0
9/29/2019 11:00,0.194,398,0
9/29/2019 12:00,0.193,398,0
9/29/2019 13:00,0.193,398,0
9/29/2019 14:00,0.193,398.2,2
9/29/2019 15:00,0.193,398.3,1
9/29/2019 16:00,0.193,398.6,3
9/29/2019 17:00,0.193,398.7,1
9/29/2019 18:00,0.193,398.8,1
9/29/2019 19:00,0.193,398.8,0
9/29/2019 20:00,0.193,398.8,0
9/29/2019 21:00,0.193,398.8,0
9/29/2019 22:00,0.193,398.8,0
9/29/2019 23:00,0.192,398.8,0
9/30/2019 0:00,0.192,398.8,0
9/30/2019 1:00,0.192,398.8,0
9/30/2019 2:00,0.192,398.8,0
9/30/2019 3:00,0.191,398.8,0
9/30/2019 4:00,0.191,398.8,0
9/30/2019 5:00,0.191,398.8,0
9/30/2019 6:00,0.191,398.8,0
9/30/2019 7:00,0.191,398.8,0
9/30/2019 8:00,0.19,398.8,0
9/30/2019 9:00,0.191,398.8,0
9/30/2019 10:00,0.191,398.8,0
9/30/2019 11:00,0.191,398.8,0
9/30/2019 12:00,0.19,398.8,0
9/30/2019 13:00,0.191,398.8,0
9/30/2019 14:00,0.191,398.8,0
9/30/2019 15:00,0.191,398.8,0
9/30/2019 16:00,0.191,398.8,0
9/30/2019 17:00,0.191,398.8,0
9/30/2019 18:00,0.192,398.8,0
9/30/2019 19:00,0.192,398.8,0
9/30/2019 20:00,0.193,398.8,0
9/30/2019 21:00,0.192,398.8,0
9/30/2019 22:00,0.192,398.8,0
9/30/2019 23:00,0.192,398.8,0
10/1/2019 0:00,0.191,398.8,0
10/1/2019 1:00,0.191,398.8,0
10/1/2019 2:00,0.19,398.8,0
10/1/2019 3:00,0.19,398.8,0
10/1/2019 4:00,0.19,398.8,0
10/1/2019 5:00,0.19,398.8,0
10/1/2019 6:00,0.189,398.8,0
10/1/2019 7:00,0.189,398.8,0
10/1/2019 8:00,0.189,398.8,0
10/1/2019 9:00,0.188,398.8,0
10/1/2019 10:00,0.188,398.8,0
10/1/2019 11:00,0.188,398.8,0
10/1/2019 12:00,0.188,398.8,0
10/1/2019 13:00,0.188,398.8,0
10/1/2019 14:00,0.188,398.8,0
10/1/2019 15:00,0.188,398.8,0
10/1/2019 16:00,0.19,398.8,0
10/1/2019 17:00,0.191,398.8,0
10/1/2019 18:00,0.192,398.8,0
10/1/2019 19:00,0.192,398.8,0
10/1/2019 20:00,0.193,398.8,0
10/1/2019 21:00,0.193,398.8,0
10/1/2019 22:00,0.193,398.8,0
10/1/2019 23:00,0.193,398.8,0
10/2/2019 0:00,0.193,398.8,0
10/2/2019 1:00,0.193,398.8,0
10/2/2019 2:00,0.193,398.8,0
10/2/2019 3:00,0.192,398.8,0
10/2/2019 4:00,0.191,398.8,0
10/2/2019 5:00,0.191,398.8,0
10/2/2019 6:00,0.191,398.8,0
10/2/2019 7:00,0.19,398.8,0
10/2/2019 8:00,0.19,398.8,0
10/2/2019 9:00,0.19,398.8,0
10/2/2019 10:00,0.19,398.8,0
10/2/2019 11:00,0.19,398.8,0
10/2/2019 12:00,0.189,398.8,0
10/2/2019 13:00,0.189,398.8,0
10/2/2019 14:00,0.189,398.8,0
10/2/2019 15:00,0.19,398.8,0
10/2/2019 16:00,0.19,398.8,0
10/2/2019 17:00,0.191,398.8,0
10/2/2019 18:00,0.192,398.8,0
10/2/2019 19:00,0.194,398.8,0
10/2/2019 20:00,0.194,398.8,0
10/2/2019 21:00,0.195,398.8,0
10/2/2019 22:00,0.194,398.8,0
10/2/2019 23:00,0.194,398.8,0
10/3/2019 0:00,0.194,398.8,0
10/3/2019 1:00,0.194,398.8,0
10/3/2019 2:00,0.194,398.8,0
10/3/2019 3:00,0.193,398.8,0
10/3/2019 4:00,0.193,398.8,0
10/3/2019 5:00,0.192,398.8,0
10/3/2019 6:00,0.192,398.8,0
10/3/2019 7:00,0.192,398.8,0
10/3/2019 8:00,0.191,398.8,0
10/3/2019 9:00,0.191,398.8,0
10/3/2019 10:00,0.191,398.8,0
10/3/2019 11:00,0.191,398.8,0
10/3/2019 12:00,0.191,398.8,0
10/3/2019 13:00,0.191,398.8,0
10/3/2019 14:00,0.191,398.8,0
10/3/2019 15:00,0.192,398.8,0
10/3/2019 16:00,0.192,398.8,0
10/3/2019 17:00,0.193,398.8,0
10/3/2019 18:00,0.194,398.8,0
10/3/2019 19:00,0.195,398.8,0
10/3/2019 20:00,0.195,398.8,0
10/3/2019 21:00,0.195,398.8,0
10/3/2019 22:00,0.195,398.8,0
10/3/2019 23:00,0.195,398.8,0
10/4/2019 0:00,0.195,398.8,0
10/4/2019 1:00,0.194,398.8,0
10/4/2019 2:00,0.193,398.8,0
10/4/2019 3:00,0.193,398.8,0
10/4/2019 4:00,0.192,398.8,0
10/4/2019 5:00,0.192,398.8,0
10/4/2019 6:00,0.192,398.8,0
10/4/2019 7:00,0.192,398.8,0
10/4/2019 8:00,0.191,398.8,0
10/4/2019 9:00,0.19,398.8,0
10/4/2019 10:00,0.191,398.8,0
10/4/2019 11:00,0.191,398.8,0
10/4/2019 12:00,0.189,398.8,0
10/4/2019 13:00,0.189,398.8,0
10/4/2019 14:00,0.189,398.8,0
10/4/2019 15:00,0.19,398.8,0
10/4/2019 16:00,0.191,398.8,0
10/4/2019 17:00,0.191,398.8,0
10/4/2019 18:00,0.192,398.8,0
10/4/2019 19:00,0.193,398.8,0
10/4/2019 20:00,0.193,398.8,0
10/4/2019 21:00,0.194,398.8,0
10/4/2019 22:00,0.194,398.8,0
10/4/2019 23:00,0.194,398.8,0
10/5/2019 0:00,0.193,398.8,0
10/5/2019 1:00,0.193,398.8,0
10/5/2019 2:00,0.193,398.8,0
10/5/2019 3:00,0.193,398.8,0
10/5/2019 4:00,0.192,398.8,0
10/5/2019 5:00,0.191,398.8,0
10/5/2019 6:00,0.191,398.8,0
10/5/2019 7:00,0.191,398.8,0
10/5/2019 8:00,0.191,398.8,0
10/5/2019 9:00,0.19,398.8,0
10/5/2019 10:00,0.191,398.8,0
10/5/2019 11:00,0.19,398.8,0
10/5/2019 12:00,0.19,398.8,0
10/5/2019 13:00,0.189,398.8,0
10/5/2019 14:00,0.19,398.8,0
10/5/2019 15:00,0.19,398.8,0
10/5/2019 16:00,0.191,398.8,0
10/5/2019 17:00,0.192,398.8,0
10/5/2019 18:00,0.193,398.8,0
10/5/2019 19:00,0.193,398.8,0
10/5/2019 20:00,0.194,398.8,0
10/5/2019 21:00,0.194,398.8,0
10/5/2019 22:00,0.195,398.8,0
10/5/2019 23:00,0.195,398.8,0
10/6/2019 0:00,0.194,398.8,0
10/6/2019 1:00,0.194,398.8,0
10/6/2019 2:00,0.194,398.8,0
10/6/2019 3:00,0.193,398.8,0
10/6/2019 4:00,0.193,398.8,0
10/6/2019 5:00,0.193,398.8,0
10/6/2019 6:00,0.192,398.8,0
10/6/2019 7:00,0.192,398.8,0
10/6/2019 8:00,0.192,398.8,0
10/6/2019 9:00,0.192,398.8,0
10/6/2019 10:00,0.192,398.8,0
10/6/2019 11:00,0.191,398.8,0
10/6/2019 12:00,0.191,398.8,0
10/6/2019 13:00,0.191,398.8,0
10/6/2019 14:00,0.192,398.8,0
10/6/2019 15:00,0.192,398.8,0
10/6/2019 16:00,0.193,398.8,0
10/6/2019 17:00,0.194,398.8,0
10/6/2019 18:00,0.195,398.8,0
10/6/2019 19:00,0.196,398.8,0
10/6/2019 20:00,0.196,398.8,0
10/6/2019 21:00,0.197,398.8,0
10/6/2019 22:00,0.197,398.8,0
10/6/2019 23:00,0.197,398.8,0
10/7/2019 0:00,0.196,398.8,0
10/7/2019 1:00,0.197,398.8,0
10/7/2019 2:00,0.196,398.8,0
10/7/2019 3:00,0.196,398.8,0
10/7/2019 4:00,0.195,398.8,0
10/7/2019 5:00,0.195,398.8,0
10/7/2019 6:00,0.195,398.8,0
10/7/2019 7:00,0.194,398.8,0
10/7/2019 8:00,0.194,398.8,0
10/7/2019 9:00,0.194,398.8,0
10/7/2019 10:00,0.194,398.8,0
10/7/2019 11:00,0.194,398.8,0
10/7/2019 12:00,0.193,398.8,0
10/7/2019 13:00,0.193,398.8,0
10/7/2019 14:00,0.193,398.8,0
10/7/2019 15:00,0.194,398.8,0
10/7/2019 16:00,0.195,398.8,0
10/7/2019 17:00,0.196,398.8,0
10/7/2019 18:00,0.196,398.8,0
10/7/2019 19:00,0.197,398.8,0
10/7/2019 20:00,0.198,398.8,0
10/7/2019 21:00,0.198,398.8,0
10/7/2019 22:00,0.198,398.8,0
10/7/2019 23:00,0.198,398.8,0
10/8/2019 0:00,0.198,398.8,0
10/8/2019 1:00,0.198,398.8,0
10/8/2019 2:00,0.197,398.8,0
10/8/2019 3:00,0.197,398.8,0
10/8/2019 4:00,0.196,398.8,0
10/8/2019 5:00,0.196,398.8,0
10/8/2019 6:00,0.196,398.8,0
10/8/2019 7:00,0.195,398.8,0
10/8/2019 8:00,0.195,398.8,0
10/8/2019 9:00,0.195,398.8,0
10/8/2019 10:00,0.195,398.8,0
10/8/2019 11:00,0.194,398.8,0
10/8/2019 12:00,0.194,398.8,0
10/8/2019 13:00,0.194,398.8,0
10/8/2019 14:00,0.194,398.8,0
10/8/2019 15:00,0.194,398.8,0
10/8/2019 16:00,0.194,398.8,0
10/8/2019 17:00,0.195,398.8,0
10/8/2019 18:00,0.196,398.8,0
10/8/2019 19:00,0.197,398.8,0
10/8/2019 20:00,0.197,398.8,0
10/8/2019 21:00,0.198,398.8,0
10/8/2019 22:00,0.198,398.8,0
10/8/2019 23:00,0.197,398.8,0
10/9/2019 0:00,0.197,398.8,0
10/9/2019 1:00,0.196,398.8,0
10/9/2019 2:00,0.196,398.8,0
10/9/2019 3:00,0.195,398.8,0
10/9/2019 4:00,0.194,398.8,0
10/9/2019 5:00,0.194,398.8,0
10/9/2019 6:00,0.194,398.8,0
10/9/2019 7:00,0.193,398.8,0
10/9/2019 8:00,0.192,398.8,0
10/9/2019 9:00,0.192,398.8,0
10/9/2019 10:00,0.192,398.8,0
10/9/2019 11:00,0.191,398.8,0
10/9/2019 12:00,0.191,398.8,0
10/9/2019 13:00,0.19,398.8,0
10/9/2019 14:00,0.191,398.8,0
10/9/2019 15:00,0.191,398.8,0
10/9/2019 16:00,0.192,398.8,0
10/9/2019 17:00,0.192,398.8,0
10/9/2019 18:00,0.193,398.8,0
10/9/2019 19:00,0.194,398.8,0
10/9/2019 20:00,0.194,398.8,0
10/9/2019 21:00,0.194,398.8,0
10/9/2019 22:00,0.194,398.8,0
10/9/2019 23:00,0.194,398.8,0
10/10/2019 0:00,0.194,398.8,0
10/10/2019 1:00,0.193,398.8,0
10/10/2019 2:00,0.193,398.8,0
10/10/2019 3:00,0.192,398.8,0
10/10/2019 4:00,0.192,398.8,0
10/10/2019 5:00,0.191,398.8,0
10/10/2019 6:00,0.191,398.8,0
10/10/2019 7:00,0.19,398.8,0
10/10/2019 8:00,0.189,398.8,0
10/10/2019 9:00,0.189,398.8,0
10/10/2019 10:00,0.189,398.8,0
10/10/2019 11:00,0.189,398.8,0
10/10/2019 12:00,0.188,398.8,0
10/10/2019 13:00,0.188,398.8,0
10/10/2019 14:00,0.188,398.8,0
10/10/2019 15:00,0.189,398.8,0
10/10/2019 16:00,0.19,398.8,0
10/10/2019 17:00,0.191,398.8,0
10/10/2019 18:00,0.191,398.8,0
10/10/2019 19:00,0.192,398.8,0
10/10/2019 20:00,0.193,398.8,0
10/10/2019 21:00,0.194,398.8,0
10/10/2019 22:00,0.194,398.8,0
10/10/2019 23:00,0.193,398.8,0
10/11/2019 0:00,0.193,398.8,0
10/11/2019 1:00,0.193,398.8,0
10/11/2019 2:00,0.192,398.8,0
10/11/2019 3:00,0.192,398.8,0
10/11/2019 4:00,0.191,398.8,0
10/11/2019 5:00,0.191,398.8,0
10/11/2019 6:00,0.191,398.8,0
10/11/2019 7:00,0.191,398.8,0
10/11/2019 8:00,0.19,398.8,0
10/11/2019 9:00,0.19,398.8,0
10/11/2019 10:00,0.189,398.8,0
10/11/2019 11:00,0.189,398.8,0
10/11/2019 12:00,0.189,398.8,0
10/11/2019 13:00,0.189,398.8,0
10/11/2019 14:00,0.188,398.8,0
10/11/2019 15:00,0.189,398.8,0
10/11/2019 16:00,0.19,398.8,0
10/11/2019 17:00,0.19,398.8,0
10/11/2019 18:00,0.191,398.8,0
10/11/2019 19:00,0.192,398.8,0
10/11/2019 20:00,0.193,398.8,0
10/11/2019 21:00,0.193,398.8,0
10/11/2019 22:00,0.193,398.8,0
10/11/2019 23:00,0.193,398.8,0
10/12/2019 0:00,0.193,398.8,0
10/12/2019 1:00,0.192,398.8,0
10/12/2019 2:00,0.192,398.8,0
10/12/2019 3:00,0.192,398.8,0
10/12/2019 4:00,0.191,398.8,0
10/12/2019 5:00,0.191,398.8,0
10/12/2019 6:00,0.19,398.8,0
10/12/2019 7:00,0.189,398.8,0
10/12/2019 8:00,0.189,398.8,0
10/12/2019 9:00,0.189,398.8,0
10/12/2019 10:00,0.189,398.8,0
10/12/2019 11:00,0.188,398.8,0
10/12/2019 12:00,0.188,398.8,0
10/12/2019 13:00,0.187,398.8,0
10/12/2019 14:00,0.188,398.8,0
10/12/2019 15:00,0.188,398.8,0
10/12/2019 16:00,0.189,398.8,0
10/12/2019 17:00,0.19,398.8,0
10/12/2019 18:00,0.19,398.8,0
10/12/2019 19:00,0.191,398.8,0
10/12/2019 20:00,0.192,398.8,0
10/12/2019 21:00,0.192,398.8,0
10/12/2019 22:00,0.192,398.8,0
10/12/2019 23:00,0.192,398.8,0
10/13/2019 0:00,0.191,398.8,0
10/13/2019 1:00,0.191,398.8,0
10/13/2019 2:00,0.191,398.8,0
10/13/2019 3:00,0.191,398.8,0
10/13/2019 4:00,0.19,398.8,0
10/13/2019 5:00,0.19,398.8,0
10/13/2019 6:00,0.189,398.8,0
10/13/2019 7:00,0.189,398.8,0
10/13/2019 8:00,0.189,398.8,0
10/13/2019 9:00,0.189,398.8,0
10/13/2019 10:00,0.189,398.8,0
10/13/2019 11:00,0.188,398.8,0
10/13/2019 12:00,0.187,398.8,0
10/13/2019 13:00,0.187,398.8,0
10/13/2019 14:00,0.188,398.8,0
10/13/2019 15:00,0.187,398.8,0
10/13/2019 16:00,0.188,398.8,0
10/13/2019 17:00,0.189,398.8,0
10/13/2019 18:00,0.19,398.8,0
10/13/2019 19:00,0.191,398.8,0
10/13/2019 20:00,0.191,398.8,0
10/13/2019 21:00,0.191,398.8,0
10/13/2019 22:00,0.191,398.8,0
10/13/2019 23:00,0.191,398.8,0
10/14/2019 0:00,0.191,398.8,0
10/14/2019 1:00,0.191,398.8,0
10/14/2019 2:00,0.19,398.8,0
10/14/2019 3:00,0.19,398.8,0
10/14/2019 4:00,0.189,398.8,0
10/14/2019 5:00,0.189,398.8,0
10/14/2019 6:00,0.188,398.8,0
10/14/2019 7:00,0.188,398.8,0
10/14/2019 8:00,0.187,398.8,0
10/14/2019 9:00,0.187,398.8,0
10/14/2019 10:00,0.187,398.8,0
10/14/2019 11:00,0.187,398.8,0
10/14/2019 12:00,0.186,398.8,0
10/14/2019 13:00,0.186,398.8,0
10/14/2019 14:00,0.186,398.8,0
10/14/2019 15:00,0.186,398.8,0
10/14/2019 16:00,0.187,398.8,0
10/14/2019 17:00,0.188,398.8,0
10/14/2019 18:00,0.189,398.8,0
10/14/2019 19:00,0.19,398.8,0
10/14/2019 20:00,0.19,398.8,0
10/14/2019 21:00,0.19,398.8,0
10/14/2019 22:00,0.19,398.8,0
10/14/2019 23:00,0.191,398.8,0
10/15/2019 0:00,0.191,398.8,0
10/15/2019 1:00,0.19,398.8,0
10/15/2019 2:00,0.19,398.8,0
10/15/2019 3:00,0.189,398.8,0
10/15/2019 4:00,0.189,398.8,0
10/15/2019 5:00,0.189,398.8,0
10/15/2019 6:00,0.188,398.8,0
10/15/2019 7:00,0.188,398.8,0
10/15/2019 8:00,0.188,398.8,0
10/15/2019 9:00,0.188,398.8,0
10/15/2019 10:00,0.187,398.8,0
10/15/2019 11:00,0.187,398.8,0
10/15/2019 12:00,0.186,398.8,0
10/15/2019 13:00,0.186,398.8,0
10/15/2019 14:00,0.186,398.8,0
10/15/2019 15:00,0.187,398.8,0
10/15/2019 16:00,0.188,398.8,0
10/15/2019 17:00,0.188,398.8,0
10/15/2019 18:00,0.189,398.8,0
10/15/2019 19:00,0.189,398.8,0
10/15/2019 20:00,0.19,398.8,0
10/15/2019 21:00,0.19,398.8,0
10/15/2019 22:00,0.19,398.8,0
10/15/2019 23:00,0.19,398.8,0
10/16/2019 0:00,0.19,398.8,0
10/16/2019 1:00,0.189,398.8,0
10/16/2019 2:00,0.189,398.8,0
10/16/2019 3:00,0.189,398.8,0
10/16/2019 4:00,0.189,398.8,0
10/16/2019 5:00,0.189,398.8,0
10/16/2019 6:00,0.188,398.8,0
10/16/2019 7:00,0.187,398.8,0
10/16/2019 8:00,0.187,398.8,0
10/16/2019 9:00,0.186,398.8,0
10/16/2019 10:00,0.186,398.8,0
10/16/2019 11:00,0.186,398.8,0
10/16/2019 12:00,0.185,398.8,0
10/16/2019 13:00,0.186,398.8,0
10/16/2019 14:00,0.186,398.8,0
10/16/2019 15:00,0.186,398.8,0
10/16/2019 16:00,0.186,398.8,0
10/16/2019 17:00,0.187,398.8,0
10/16/2019 18:00,0.188,398.8,0
10/16/2019 19:00,0.188,399.5,7
10/16/2019 20:00,0.189,400,5
10/16/2019 21:00,0.189,400.3,3
10/16/2019 22:00,0.189,400.4,1
10/16/2019 23:00,0.189,400.4,0
10/17/2019 0:00,0.2,401.1,7
10/17/2019 1:00,0.21,401.2,1
10/17/2019 2:00,0.219,401.2,0
10/17/2019 3:00,0.225,401.2,0
10/17/2019 4:00,0.228,401.2,0
10/17/2019 5:00,0.231,401.2,0
10/17/2019 6:00,0.234,401.2,0
10/17/2019 7:00,0.236,401.2,0
10/17/2019 8:00,0.237,401.2,0
10/17/2019 9:00,0.238,401.2,0
10/17/2019 10:00,0.24,401.2,0
10/17/2019 11:00,0.241,401.2,0
10/17/2019 12:00,0.242,401.2,0
10/17/2019 13:00,0.243,401.3,1
10/17/2019 14:00,0.244,401.4,1
10/17/2019 15:00,0.245,401.4,0
10/17/2019 16:00,0.247,401.4,0
10/17/2019 17:00,0.248,401.4,0
10/17/2019 18:00,0.25,401.4,0
10/17/2019 19:00,0.251,401.4,0
10/17/2019 20:00,0.252,401.4,0
10/17/2019 21:00,0.253,401.4,0
10/17/2019 22:00,0.254,401.4,0
10/17/2019 23:00,0.254,401.4,0
10/18/2019 0:00,0.254,401.4,0
10/18/2019 1:00,0.254,401.4,0
10/18/2019 2:00,0.254,401.4,0
10/18/2019 3:00,0.255,401.4,0
10/18/2019 4:00,0.255,401.5,1
10/18/2019 5:00,0.255,401.6,1
10/18/2019 6:00,0.256,401.8,2
10/18/2019 7:00,0.256,401.8,0
10/18/2019 8:00,0.256,401.8,0
10/18/2019 9:00,0.256,401.8,0
10/18/2019 10:00,0.257,401.8,0
10/18/2019 11:00,0.257,401.8,0
10/18/2019 12:00,0.258,401.8,0
10/18/2019 13:00,0.259,401.8,0
10/18/2019 14:00,0.259,401.8,0
10/18/2019 15:00,0.26,401.8,0
10/18/2019 16:00,0.261,401.8,0
10/18/2019 17:00,0.263,401.8,0
10/18/2019 18:00,0.263,401.8,0
10/18/2019 19:00,0.265,401.8,0
10/18/2019 20:00,0.266,401.8,0
10/18/2019 21:00,0.266,401.8,0
10/18/2019 22:00,0.267,401.8,0
10/18/2019 23:00,0.267,401.8,0
10/19/2019 0:00,0.267,401.8,0
10/19/2019 1:00,0.267,401.8,0
10/19/2019 2:00,0.267,401.8,0
10/19/2019 3:00,0.267,401.8,0
10/19/2019 4:00,0.268,401.8,0
10/19/2019 5:00,0.268,401.8,0
10/19/2019 6:00,0.268,401.8,0
10/19/2019 7:00,0.268,401.9,1
10/19/2019 8:00,0.268,402.2,3
10/19/2019 9:00,0.268,402.4,2
10/19/2019 10:00,0.278,402.5,1
10/19/2019 11:00,0.306,402.5,0
10/19/2019 12:00,0.323,402.5,0
10/19/2019 13:00,0.331,402.5,0
10/19/2019 14:00,0.336,402.5,0
10/19/2019 15:00,0.338,402.5,0
10/19/2019 16:00,0.34,402.5,0
10/19/2019 17:00,0.341,402.5,0
10/19/2019 18:00,0.342,402.5,0
10/19/2019 19:00,0.343,402.5,0
10/19/2019 20:00,0.343,402.5,0
10/19/2019 21:00,0.343,402.5,0
10/19/2019 22:00,0.343,402.5,0
10/19/2019 23:00,0.342,402.5,0
10/20/2019 0:00,0.341,402.5,0
10/20/2019 1:00,0.34,402.5,0
10/20/2019 2:00,0.339,402.5,0
10/20/2019 3:00,0.338,402.5,0
10/20/2019 4:00,0.337,402.5,0
10/20/2019 5:00,0.336,402.5,0
10/20/2019 6:00,0.336,402.5,0
10/20/2019 7:00,0.335,402.5,0
10/20/2019 8:00,0.334,402.5,0
10/20/2019 9:00,0.334,402.5,0
10/20/2019 10:00,0.334,402.5,0
10/20/2019 11:00,0.333,402.5,0
10/20/2019 12:00,0.333,402.5,0
10/20/2019 13:00,0.333,402.5,0
10/20/2019 14:00,0.332,402.5,0
10/20/2019 15:00,0.333,402.5,0
10/20/2019 16:00,0.333,402.5,0
10/20/2019 17:00,0.334,402.5,0
10/20/2019 18:00,0.334,402.5,0
10/20/2019 19:00,0.334,402.5,0
10/20/2019 20:00,0.335,402.5,0
10/20/2019 21:00,0.335,402.5,0
10/20/2019 22:00,0.334,402.5,0
10/20/2019 23:00,0.334,402.5,0
10/21/2019 0:00,0.333,402.5,0
10/21/2019 1:00,0.332,402.5,0
10/21/2019 2:00,0.332,402.5,0
10/21/2019 3:00,0.331,402.5,0
10/21/2019 4:00,0.331,402.5,0
10/21/2019 5:00,0.33,402.5,0
10/21/2019 6:00,0.329,402.5,0
10/21/2019 7:00,0.329,402.5,0
10/21/2019 8:00,0.328,402.5,0
10/21/2019 9:00,0.328,402.5,0
10/21/2019 10:00,0.327,402.5,0
10/21/2019 11:00,0.327,402.5,0
10/21/2019 12:00,0.326,402.5,0
10/21/2019 13:00,0.325,402.5,0
10/21/2019 14:00,0.325,402.5,0
10/21/2019 15:00,0.325,402.5,0
10/21/2019 16:00,0.325,402.5,0
10/21/2019 17:00,0.327,402.5,0
10/21/2019 18:00,0.327,402.5,0
10/21/2019 19:00,0.328,402.5,0
10/21/2019 20:00,0.328,402.5,0
10/21/2019 21:00,0.328,402.5,0
10/21/2019 22:00,0.328,402.5,0
10/21/2019 23:00,0.328,402.5,0
10/22/2019 0:00,0.327,402.5,0
10/22/2019 1:00,0.327,402.5,0
10/22/2019 2:00,0.326,402.5,0
10/22/2019 3:00,0.325,402.5,0
10/22/2019 4:00,0.325,402.5,0
10/22/2019 5:00,0.324,402.5,0
10/22/2019 6:00,0.324,402.5,0
10/22/2019 7:00,0.323,402.5,0
10/22/2019 8:00,0.322,402.5,0
10/22/2019 9:00,0.322,402.5,0
10/22/2019 10:00,0.321,402.5,0
10/22/2019 11:00,0.321,402.5,0
10/22/2019 12:00,0.321,402.5,0
10/22/2019 13:00,0.32,402.5,0
10/22/2019 14:00,0.32,402.5,0
10/22/2019 15:00,0.32,402.5,0
10/22/2019 16:00,0.321,402.6,1
10/22/2019 17:00,0.321,402.6,0
10/22/2019 18:00,0.321,402.6,0
10/22/2019 19:00,0.323,402.6,0
10/22/2019 20:00,0.323,402.6,0
10/22/2019 21:00,0.323,402.6,0
10/22/2019 22:00,0.323,402.6,0
10/22/2019 23:00,0.323,402.6,0
10/23/2019 0:00,0.322,402.6,0
10/23/2019 1:00,0.322,402.6,0
10/23/2019 2:00,0.322,402.6,0
10/23/2019 3:00,0.321,402.6,0
10/23/2019 4:00,0.32,402.6,0
10/23/2019 5:00,0.32,402.6,0
10/23/2019 6:00,0.319,402.6,0
10/23/2019 7:00,0.319,402.6,0
10/23/2019 8:00,0.319,402.6,0
10/23/2019 9:00,0.319,402.6,0
10/23/2019 10:00,0.318,402.6,0
10/23/2019 11:00,0.318,402.6,0
10/23/2019 12:00,0.318,402.6,0
10/23/2019 13:00,0.317,402.6,0
10/23/2019 14:00,0.317,402.6,0
10/23/2019 15:00,0.318,402.6,0
10/23/2019 16:00,0.318,402.6,0
10/23/2019 17:00,0.318,402.6,0
10/23/2019 18:00,0.319,402.6,0
10/23/2019 19:00,0.32,402.6,0
10/23/2019 20:00,0.32,402.6,0
10/23/2019 21:00,0.319,402.6,0
10/23/2019 22:00,0.32,402.6,0
10/23/2019 23:00,0.32,402.6,0
10/24/2019 0:00,0.319,402.6,0
10/24/2019 1:00,0.318,402.6,0
10/24/2019 2:00,0.318,402.6,0
10/24/2019 3:00,0.318,402.6,0
10/24/2019 4:00,0.317,402.6,0
10/24/2019 5:00,0.316,402.6,0
10/24/2019 6:00,0.316,402.6,0
10/24/2019 7:00,0.316,402.6,0
10/24/2019 8:00,0.315,402.6,0
10/24/2019 9:00,0.315,402.6,0
10/24/2019 10:00,0.314,402.6,0
10/24/2019 11:00,0.314,402.6,0
10/24/2019 12:00,0.314,402.6,0
10/24/2019 13:00,0.313,402.6,0
10/24/2019 14:00,0.313,402.6,0
10/24/2019 15:00,0.313,402.6,0
10/24/2019 16:00,0.314,402.6,0
10/24/2019 17:00,0.315,402.6,0
10/24/2019 18:00,0.315,402.6,0
10/24/2019 19:00,0.316,402.6,0
10/24/2019 20:00,0.316,402.6,0
10/24/2019 21:00,0.316,402.6,0
10/24/2019 22:00,0.317,402.6,0
10/24/2019 23:00,0.316,402.6,0
10/25/2019 0:00,0.316,402.6,0
10/25/2019 1:00,0.315,402.6,0
10/25/2019 2:00,0.315,402.6,0
10/25/2019 3:00,0.315,402.6,0
10/25/2019 4:00,0.314,402.6,0
10/25/2019 5:00,0.313,402.6,0
10/25/2019 6:00,0.313,402.6,0
10/25/2019 7:00,0.312,402.6,0
10/25/2019 8:00,0.312,402.6,0
10/25/2019 9:00,0.311,402.6,0
10/25/2019 10:00,0.31,402.6,0
10/25/2019 11:00,0.311,402.6,0
10/25/2019 12:00,0.31,402.6,0
10/25/2019 13:00,0.309,402.6,0
10/25/2019 14:00,0.309,402.6,0
10/25/2019 15:00,0.309,402.6,0
10/25/2019 16:00,0.309,402.6,0
10/25/2019 17:00,0.31,402.6,0
10/25/2019 18:00,0.31,402.6,0
10/25/2019 19:00,0.311,402.6,0
10/25/2019 20:00,0.311,402.6,0
10/25/2019 21:00,0.312,402.6,0
10/25/2019 22:00,0.312,402.6,0
10/25/2019 23:00,0.311,402.6,0
10/26/2019 0:00,0.312,402.6,0
10/26/2019 1:00,0.31,402.6,0
10/26/2019 2:00,0.31,402.6,0
10/26/2019 3:00,0.309,402.6,0
10/26/2019 4:00,0.309,402.6,0
10/26/2019 5:00,0.309,402.6,0
10/26/2019 6:00,0.308,402.6,0
10/26/2019 7:00,0.307,402.6,0
10/26/2019 8:00,0.307,402.6,0
10/26/2019 9:00,0.306,402.6,0
10/26/2019 10:00,0.306,402.6,0
10/26/2019 11:00,0.306,402.6,0
10/26/2019 12:00,0.304,402.6,0
10/26/2019 13:00,0.304,402.6,0
10/26/2019 14:00,0.304,402.6,0
10/26/2019 15:00,0.303,402.6,0
10/26/2019 16:00,0.304,402.6,0
10/26/2019 17:00,0.304,402.6,0
10/26/2019 18:00,0.305,402.6,0
10/26/2019 19:00,0.305,402.6,0
10/26/2019 20:00,0.306,402.6,0
10/26/2019 21:00,0.306,402.6,0
10/26/2019 22:00,0.306,402.6,0
10/26/2019 23:00,0.305,402.6,0
10/27/2019 0:00,0.304,402.6,0
10/27/2019 1:00,0.304,402.6,0
10/27/2019 2:00,0.303,402.6,0
10/27/2019 3:00,0.303,402.6,0
10/27/2019 4:00,0.301,402.6,0
10/27/2019 5:00,0.3,402.6,0
10/27/2019 6:00,0.3,402.6,0
10/27/2019 7:00,0.299,402.6,0
10/27/2019 8:00,0.298,402.6,0
10/27/2019 9:00,0.297,402.6,0
10/27/2019 10:00,0.297,402.6,0
10/27/2019 11:00,0.296,402.6,0
10/27/2019 12:00,0.296,402.6,0
10/27/2019 13:00,0.295,402.6,0
10/27/2019 14:00,0.295,402.6,0
10/27/2019 15:00,0.294,402.6,0
10/27/2019 16:00,0.294,402.6,0
10/27/2019 17:00,0.294,402.6,0
10/27/2019 18:00,0.294,402.6,0
10/27/2019 19:00,0.296,402.6,0
10/27/2019 20:00,0.296,402.6,0
10/27/2019 21:00,0.295,402.6,0
10/27/2019 22:00,0.295,402.6,0
10/27/2019 23:00,0.294,402.6,0
10/28/2019 0:00,0.294,402.6,0
10/28/2019 1:00,0.294,402.6,0
10/28/2019 2:00,0.293,402.6,0
10/28/2019 3:00,0.292,402.6,0
10/28/2019 4:00,0.292,402.6,0
10/28/2019 5:00,0.292,402.6,0
10/28/2019 6:00,0.291,402.6,0
10/28/2019 7:00,0.29,402.6,0
10/28/2019 8:00,0.29,402.6,0
10/28/2019 9:00,0.289,402.6,0
10/28/2019 10:00,0.289,402.6,0
10/28/2019 11:00,0.288,402.6,0
10/28/2019 12:00,0.287,402.6,0
10/28/2019 13:00,0.287,402.6,0
10/28/2019 14:00,0.286,402.6,0
10/28/2019 15:00,0.286,402.6,0
10/28/2019 16:00,0.287,402.6,0
10/28/2019 17:00,0.287,402.6,0
10/28/2019 18:00,0.288,402.6,0
10/28/2019 19:00,0.289,402.6,0
10/28/2019 20:00,0.289,402.6,0
10/28/2019 21:00,0.289,402.6,0
10/28/2019 22:00,0.289,402.6,0
10/28/2019 23:00,0.289,402.6,0
10/29/2019 0:00,0.288,402.6,0
10/29/2019 1:00,0.288,402.6,0
10/29/2019 2:00,0.287,402.6,0
10/29/2019 3:00,0.287,402.6,0
10/29/2019 4:00,0.286,402.6,0
10/29/2019 5:00,0.286,402.6,0
10/29/2019 6:00,0.286,402.6,0
10/29/2019 7:00,0.285,402.6,0
10/29/2019 8:00,0.284,402.6,0
10/29/2019 9:00,0.284,402.6,0
10/29/2019 10:00,0.284,402.6,0
10/29/2019 11:00,0.283,402.6,0
10/29/2019 12:00,0.283,402.6,0
10/29/2019 13:00,0.282,402.6,0
10/29/2019 14:00,0.282,402.6,0
10/29/2019 15:00,0.282,402.6,0
10/29/2019 16:00,0.282,402.6,0
10/29/2019 17:00,0.282,402.6,0
10/29/2019 18:00,0.283,402.6,0
10/29/2019 19:00,0.284,402.6,0
10/29/2019 20:00,0.284,402.6,0
10/29/2019 21:00,0.284,402.6,0
10/29/2019 22:00,0.283,402.6,0
10/29/2019 23:00,0.283,402.6,0
10/30/2019 0:00,0.284,402.6,0
10/30/2019 1:00,0.283,402.6,0
10/30/2019 2:00,0.283,402.6,0
10/30/2019 3:00,0.282,402.6,0
10/30/2019 4:00,0.281,402.6,0
10/30/2019 5:00,0.281,402.6,0
10/30/2019 6:00,0.28,402.6,0
10/30/2019 7:00,0.28,402.6,0
10/30/2019 8:00,0.28,402.6,0
10/30/2019 9:00,0.279,402.6,0
10/30/2019 10:00,0.279,402.6,0
10/30/2019 11:00,0.278,402.6,0
10/30/2019 12:00,0.277,402.6,0
10/30/2019 13:00,0.277,402.6,0
10/30/2019 14:00,0.276,402.6,0
10/30/2019 15:00,0.276,402.6,0
10/30/2019 16:00,0.276,402.6,0
10/30/2019 17:00,0.277,402.6,0
10/30/2019 18:00,0.278,402.6,0
10/30/2019 19:00,0.278,402.6,0
10/30/2019 20:00,0.279,402.6,0
10/30/2019 21:00,0.279,402.6,0
10/30/2019 22:00,0.279,402.6,0
10/30/2019 23:00,0.279,402.6,0
10/31/2019 0:00,0.279,402.6,0
10/31/2019 1:00,0.278,402.6,0
10/31/2019 2:00,0.277,402.6,0
10/31/2019 3:00,0.277,402.6,0
10/31/2019 4:00,0.276,402.6,0
10/31/2019 5:00,0.276,402.6,0
10/31/2019 6:00,0.276,402.6,0
10/31/2019 7:00,0.276,402.6,0
10/31/2019 8:00,0.275,402.6,0
10/31/2019 9:00,0.274,402.6,0
10/31/2019 10:00,0.274,402.6,0
10/31/2019 11:00,0.274,402.6,0
10/31/2019 12:00,0.273,402.6,0
10/31/2019 13:00,0.273,402.6,0
10/31/2019 14:00,0.272,402.6,0
10/31/2019 15:00,0.272,402.6,0
10/31/2019 16:00,0.272,402.6,0
10/31/2019 17:00,0.273,402.6,0
10/31/2019 18:00,0.274,402.6,0
10/31/2019 19:00,0.274,402.6,0
10/31/2019 20:00,0.275,402.6,0
10/31/2019 21:00,0.275,402.6,0
10/31/2019 22:00,0.275,402.6,0
10/31/2019 23:00,0.275,402.6,0
11/1/2019 0:00,0.275,402.6,0
11/1/2019 1:00,0.274,402.6,0
11/1/2019 2:00,0.274,402.6,0
11/1/2019 3:00,0.273,402.6,0
11/1/2019 4:00,0.273,402.6,0
11/1/2019 5:00,0.273,402.6,0
11/1/2019 6:00,0.272,402.6,0
11/1/2019 7:00,0.272,402.6,0
11/1/2019 8:00,0.272,402.6,0
11/1/2019 9:00,0.271,402.6,0
11/1/2019 10:00,0.271,402.6,0
11/1/2019 11:00,0.271,402.6,0
11/1/2019 12:00,0.27,402.6,0
11/1/2019 13:00,0.27,402.6,0
11/1/2019 14:00,0.269,402.6,0
11/1/2019 15:00,0.269,402.6,0
11/1/2019 16:00,0.269,402.6,0
11/1/2019 17:00,0.27,402.6,0
11/1/2019 18:00,0.27,402.6,0
11/1/2019 19:00,0.272,402.6,0
11/1/2019 20:00,0.272,402.6,0
11/1/2019 21:00,0.272,402.6,0
11/1/2019 22:00,0.273,402.6,0
11/1/2019 23:00,0.273,402.6,0
11/2/2019 0:00,0.272,402.6,0
11/2/2019 1:00,0.272,402.6,0
11/2/2019 2:00,0.272,402.6,0
11/2/2019 3:00,0.272,402.6,0
11/2/2019 4:00,0.272,402.6,0
11/2/2019 5:00,0.271,402.6,0
11/2/2019 6:00,0.271,402.6,0
11/2/2019 7:00,0.27,402.6,0
11/2/2019 8:00,0.27,402.6,0
11/2/2019 9:00,0.269,402.6,0
11/2/2019 10:00,0.269,402.6,0
11/2/2019 11:00,0.269,402.6,0
11/2/2019 12:00,0.269,402.6,0
11/2/2019 13:00,0.268,402.6,0
11/2/2019 14:00,0.268,402.6,0
11/2/2019 15:00,0.268,402.6,0
11/2/2019 16:00,0.268,402.6,0
11/2/2019 17:00,0.268,402.6,0
11/2/2019 18:00,0.27,402.6,0
11/2/2019 19:00,0.27,402.6,0
11/2/2019 20:00,0.271,402.6,0
11/2/2019 21:00,0.271,402.6,0
11/2/2019 22:00,0.271,402.6,0
11/2/2019 23:00,0.271,402.6,0
11/3/2019 0:00,0.271,402.6,0
11/3/2019 1:00,0.271,402.6,0
11/3/2019 2:00,0.27,402.6,0
11/3/2019 3:00,0.27,402.6,0
11/3/2019 4:00,0.27,402.6,0
11/3/2019 5:00,0.27,402.6,0
11/3/2019 6:00,0.269,402.6,0
11/3/2019 7:00,0.269,402.6,0
11/3/2019 8:00,0.269,402.6,0
11/3/2019 9:00,0.268,402.6,0
11/3/2019 10:00,0.268,402.6,0
11/3/2019 11:00,0.267,402.6,0
11/3/2019 12:00,0.267,402.6,0
11/3/2019 13:00,0.266,402.6,0
11/3/2019 14:00,0.266,402.6,0
11/3/2019 15:00,0.266,402.6,0
11/3/2019 16:00,0.266,402.6,0
11/3/2019 17:00,0.267,402.6,0
11/3/2019 18:00,0.267,402.6,0
11/3/2019 19:00,0.268,402.6,0
11/3/2019 20:00,0.269,402.6,0
11/3/2019 21:00,0.269,402.6,0
11/3/2019 22:00,0.269,402.6,0
11/3/2019 23:00,0.269,402.6,0
11/4/2019 0:00,0.269,402.6,0
11/4/2019 1:00,0.269,402.6,0
11/4/2019 2:00,0.268,402.6,0
11/4/2019 3:00,0.268,402.6,0
11/4/2019 4:00,0.267,402.6,0
11/4/2019 5:00,0.267,402.6,0
11/4/2019 6:00,0.267,402.6,0
11/4/2019 7:00,0.267,402.6,0
11/4/2019 8:00,0.267,402.6,0
11/4/2019 9:00,0.266,402.6,0
11/4/2019 10:00,0.265,402.6,0
11/4/2019 11:00,0.265,402.6,0
11/4/2019 12:00,0.264,402.6,0
11/4/2019 13:00,0.264,402.6,0
11/4/2019 14:00,0.264,402.6,0
11/4/2019 15:00,0.264,402.6,0
11/4/2019 16:00,0.263,402.6,0
11/4/2019 17:00,0.264,402.6,0
11/4/2019 18:00,0.265,402.6,0
11/4/2019 19:00,0.266,402.6,0
11/4/2019 20:00,0.266,402.6,0
11/4/2019 21:00,0.267,402.6,0
11/4/2019 22:00,0.267,402.6,0
11/4/2019 23:00,0.266,402.6,0
11/5/2019 0:00,0.267,402.6,0
11/5/2019 1:00,0.267,402.6,0
11/5/2019 2:00,0.266,402.6,0
11/5/2019 3:00,0.266,402.6,0
11/5/2019 4:00,0.265,402.6,0
11/5/2019 5:00,0.266,402.6,0
11/5/2019 6:00,0.265,402.6,0
11/5/2019 7:00,0.264,402.6,0
11/5/2019 8:00,0.264,402.6,0
11/5/2019 9:00,0.264,402.6,0
11/5/2019 10:00,0.263,402.6,0
11/5/2019 11:00,0.263,402.6,0
11/5/2019 12:00,0.262,402.6,0
11/5/2019 13:00,0.261,402.6,0
11/5/2019 14:00,0.261,402.6,0
11/5/2019 15:00,0.261,402.6,0
11/5/2019 16:00,0.261,402.6,0
11/5/2019 17:00,0.261,402.6,0
11/5/2019 18:00,0.263,402.6,0
11/5/2019 19:00,0.263,402.6,0
11/5/2019 20:00,0.264,402.6,0
11/5/2019 21:00,0.264,402.6,0
11/5/2019 22:00,0.264,402.6,0
11/5/2019 23:00,0.264,402.6,0
11/6/2019 0:00,0.264,402.6,0
11/6/2019 1:00,0.264,402.6,0
11/6/2019 2:00,0.263,402.6,0
11/6/2019 3:00,0.263,402.6,0
11/6/2019 4:00,0.263,402.6,0
11/6/2019 5:00,0.262,402.6,0
11/6/2019 6:00,0.262,402.6,0
11/6/2019 7:00,0.262,402.6,0
11/6/2019 8:00,0.262,402.6,0
11/6/2019 9:00,0.261,402.6,0
11/6/2019 10:00,0.261,402.6,0
11/6/2019 11:00,0.261,402.6,0
11/6/2019 12:00,0.26,402.6,0
11/6/2019 13:00,0.26,402.6,0
11/6/2019 14:00,0.259,402.6,0
11/6/2019 15:00,0.258,402.6,0
11/6/2019 16:00,0.259,402.6,0
11/6/2019 17:00,0.259,402.6,0
11/6/2019 18:00,0.26,402.6,0
11/6/2019 19:00,0.261,402.6,0
11/6/2019 20:00,0.261,402.6,0
11/6/2019 21:00,0.261,402.6,0
11/6/2019 22:00,0.262,402.6,0
11/6/2019 23:00,0.261,402.6,0
11/7/2019 0:00,0.261,402.6,0
11/7/2019 1:00,0.261,402.6,0
11/7/2019 2:00,0.26,402.6,0
11/7/2019 3:00,0.26,402.6,0
11/7/2019 4:00,0.26,402.6,0
11/7/2019 5:00,0.26,402.6,0
11/7/2019 6:00,0.259,402.6,0
11/7/2019 7:00,0.258,402.6,0
11/7/2019 8:00,0.258,402.6,0
11/7/2019 9:00,0.257,402.6,0
11/7/2019 10:00,0.257,402.6,0
11/7/2019 11:00,0.257,402.6,0
11/7/2019 12:00,0.256,402.6,0
11/7/2019 13:00,0.255,402.6,0
11/7/2019 14:00,0.255,402.6,0
11/7/2019 15:00,0.255,402.6,0
11/7/2019 16:00,0.255,402.6,0
11/7/2019 17:00,0.255,402.6,0
11/7/2019 18:00,0.256,402.6,0
11/7/2019 19:00,0.257,402.6,0
11/7/2019 20:00,0.257,402.6,0
11/7/2019 21:00,0.258,402.6,0
11/7/2019 22:00,0.258,402.6,0
11/7/2019 23:00,0.258,402.6,0
11/8/2019 0:00,0.258,402.6,0
11/8/2019 1:00,0.257,402.6,0
11/8/2019 2:00,0.257,402.6,0
11/8/2019 3:00,0.257,402.6,0
11/8/2019 4:00,0.256,402.6,0
11/8/2019 5:00,0.256,402.6,0
11/8/2019 6:00,0.255,402.6,0
11/8/2019 7:00,0.255,402.6,0
11/8/2019 8:00,0.255,402.6,0
11/8/2019 9:00,0.254,402.6,0
11/8/2019 10:00,0.254,402.6,0
11/8/2019 11:00,0.254,402.6,0
11/8/2019 12:00,0.253,402.6,0
11/8/2019 13:00,0.253,402.6,0
11/8/2019 14:00,0.252,402.6,0
11/8/2019 15:00,0.251,402.6,0
11/8/2019 16:00,0.251,402.6,0
11/8/2019 17:00,0.252,402.6,0
11/8/2019 18:00,0.252,402.6,0
11/8/2019 19:00,0.253,402.6,0
11/8/2019 20:00,0.254,402.6,0
11/8/2019 21:00,0.254,402.6,0
11/8/2019 22:00,0.254,402.6,0
11/8/2019 23:00,0.255,402.6,0
11/9/2019 0:00,0.254,402.6,0
11/9/2019 1:00,0.253,402.6,0
11/9/2019 2:00,0.253,402.6,0
11/9/2019 3:00,0.253,402.6,0
11/9/2019 4:00,0.253,402.6,0
11/9/2019 5:00,0.252,402.6,0
11/9/2019 6:00,0.252,402.6,0
11/9/2019 7:00,0.251,402.6,0
11/9/2019 8:00,0.251,402.6,0
11/9/2019 9:00,0.25,402.6,0
11/9/2019 10:00,0.25,402.6,0
11/9/2019 11:00,0.25,402.6,0
11/9/2019 12:00,0.249,402.6,0
11/9/2019 13:00,0.249,402.6,0
11/9/2019 14:00,0.248,402.6,0
11/9/2019 15:00,0.248,402.6,0
11/9/2019 16:00,0.248,402.6,0
11/9/2019 17:00,0.248,402.6,0
11/9/2019 18:00,0.249,402.6,0
11/9/2019 19:00,0.249,402.6,0
11/9/2019 20:00,0.25,402.6,0
11/9/2019 21:00,0.25,402.6,0
11/9/2019 22:00,0.251,402.6,0
11/9/2019 23:00,0.251,402.6,0
11/10/2019 0:00,0.25,402.6,0
11/10/2019 1:00,0.25,402.6,0
11/10/2019 2:00,0.25,402.6,0
11/10/2019 3:00,0.25,402.6,0
11/10/2019 4:00,0.25,402.6,0
11/10/2019 5:00,0.25,402.6,0
11/10/2019 6:00,0.249,402.6,0
11/10/2019 7:00,0.248,402.6,0
11/10/2019 8:00,0.248,402.6,0
11/10/2019 9:00,0.248,402.6,0
11/10/2019 10:00,0.247,402.6,0
11/10/2019 11:00,0.247,402.6,0
11/10/2019 12:00,0.246,402.6,0
11/10/2019 13:00,0.246,402.6,0
11/10/2019 14:00,0.245,402.6,0
11/10/2019 15:00,0.245,402.6,0
11/10/2019 16:00,0.245,402.6,0
11/10/2019 17:00,0.245,402.6,0
11/10/2019 18:00,0.246,402.6,0
11/10/2019 19:00,0.247,402.6,0
11/10/2019 20:00,0.247,402.6,0
11/10/2019 21:00,0.247,402.6,0
11/10/2019 22:00,0.247,402.6,0
11/10/2019 23:00,0.247,402.6,0
11/11/2019 0:00,0.247,402.6,0
11/11/2019 1:00,0.247,402.6,0
11/11/2019 2:00,0.246,402.6,0
11/11/2019 3:00,0.246,402.6,0
11/11/2019 4:00,0.246,402.6,0
11/11/2019 5:00,0.246,402.6,0
11/11/2019 6:00,0.245,402.6,0
11/11/2019 7:00,0.246,402.6,0
11/11/2019 8:00,0.245,402.6,0
11/11/2019 9:00,0.245,402.6,0
11/11/2019 10:00,0.245,402.6,0
11/11/2019 11:00,0.244,402.6,0
11/11/2019 12:00,0.244,402.6,0
11/11/2019 13:00,0.244,402.6,0
11/11/2019 14:00,0.243,402.6,0
11/11/2019 15:00,0.243,402.6,0
11/11/2019 16:00,0.243,402.6,0
11/11/2019 17:00,0.243,402.6,0
11/11/2019 18:00,0.244,402.6,0
11/11/2019 19:00,0.245,402.6,0
11/11/2019 20:00,0.245,402.6,0
11/11/2019 21:00,0.246,402.6,0
11/11/2019 22:00,0.246,402.6,0
11/11/2019 23:00,0.246,402.6,0
11/12/2019 0:00,0.245,402.6,0
11/12/2019 1:00,0.245,402.6,0
11/12/2019 2:00,0.245,402.6,0
11/12/2019 3:00,0.244,402.6,0
11/12/2019 4:00,0.244,402.6,0
11/12/2019 5:00,0.244,402.6,0
11/12/2019 6:00,0.244,402.6,0
11/12/2019 7:00,0.244,402.6,0
11/12/2019 8:00,0.243,402.6,0
11/12/2019 9:00,0.243,402.6,0
11/12/2019 10:00,0.243,402.6,0
11/12/2019 11:00,0.243,402.6,0
11/12/2019 12:00,0.242,402.6,0
11/12/2019 13:00,0.242,402.6,0
11/12/2019 14:00,0.242,402.6,0
11/12/2019 15:00,0.241,402.6,0
11/12/2019 16:00,0.242,402.6,0
11/12/2019 17:00,0.242,402.6,0
11/12/2019 18:00,0.243,402.6,0
11/12/2019 19:00,0.244,402.6,0
11/12/2019 20:00,0.244,402.6,0
11/12/2019 21:00,0.245,402.6,0
11/12/2019 22:00,0.245,402.6,0
11/12/2019 23:00,0.244,402.6,0
11/13/2019 0:00,0.244,402.6,0
11/13/2019 1:00,0.244,402.6,0
11/13/2019 2:00,0.243,402.6,0
11/13/2019 3:00,0.243,402.6,0
11/13/2019 4:00,0.242,402.6,0
11/13/2019 5:00,0.242,402.6,0
11/13/2019 6:00,0.242,402.6,0
11/13/2019 7:00,0.241,402.6,0
11/13/2019 8:00,0.241,402.6,0
11/13/2019 9:00,0.241,402.6,0
11/13/2019 10:00,0.241,402.6,0
11/13/2019 11:00,0.241,402.6,0
11/13/2019 12:00,0.24,402.6,0
11/13/2019 13:00,0.239,402.6,0
11/13/2019 14:00,0.239,402.6,0
11/13/2019 15:00,0.239,402.6,0
11/13/2019 16:00,0.239,402.6,0
11/13/2019 17:00,0.24,402.6,0
11/13/2019 18:00,0.24,402.6,0
11/13/2019 19:00,0.241,402.6,0
11/13/2019 20:00,0.241,402.6,0
11/13/2019 21:00,0.241,402.6,0
11/13/2019 22:00,0.241,402.6,0
11/13/2019 23:00,0.241,402.6,0
11/14/2019 0:00,0.241,402.6,0
11/14/2019 1:00,0.241,402.6,0
11/14/2019 2:00,0.241,402.6,0
11/14/2019 3:00,0.241,402.6,0
11/14/2019 4:00,0.24,402.6,0
11/14/2019 5:00,0.24,402.6,0
11/14/2019 6:00,0.24,402.6,0
11/14/2019 7:00,0.24,402.6,0
11/14/2019 8:00,0.24,402.6,0
11/14/2019 9:00,0.239,402.6,0
11/14/2019 10:00,0.239,402.6,0
11/14/2019 11:00,0.239,402.6,0
11/14/2019 12:00,0.238,402.6,0
11/14/2019 13:00,0.238,402.6,0
11/14/2019 14:00,0.237,402.6,0
11/14/2019 15:00,0.238,402.6,0
11/14/2019 16:00,0.238,402.6,0
11/14/2019 17:00,0.238,402.6,0
11/14/2019 18:00,0.238,402.6,0
11/14/2019 19:00,0.238,402.6,0
11/14/2019 20:00,0.239,402.6,0
11/14/2019 21:00,0.238,402.6,0
11/14/2019 22:00,0.238,402.6,0
11/14/2019 23:00,0.238,402.6,0
11/15/2019 0:00,0.238,402.6,0
11/15/2019 1:00,0.238,402.6,0
11/15/2019 2:00,0.238,402.6,0
11/15/2019 3:00,0.238,402.6,0
11/15/2019 4:00,0.238,402.6,0
11/15/2019 5:00,0.237,402.6,0
11/15/2019 6:00,0.237,402.6,0
11/15/2019 7:00,0.237,402.6,0
11/15/2019 8:00,0.237,402.6,0
11/15/2019 9:00,0.237,402.6,0
11/15/2019 10:00,0.237,402.6,0
11/15/2019 11:00,0.237,402.6,0
11/15/2019 12:00,0.237,402.6,0
11/15/2019 13:00,0.238,402.6,0
11/15/2019 14:00,0.238,402.6,0
11/15/2019 15:00,0.238,402.6,0
11/15/2019 16:00,0.239,402.6,0
11/15/2019 17:00,0.239,402.6,0
11/15/2019 18:00,0.239,402.6,0
11/15/2019 19:00,0.239,402.6,0
11/15/2019 20:00,0.24,402.6,0
11/15/2019 21:00,0.24,402.6,0
11/15/2019 22:00,0.24,402.6,0
11/15/2019 23:00,0.24,402.6,0
11/16/2019 0:00,0.24,402.6,0
11/16/2019 1:00,0.239,402.6,0
11/16/2019 2:00,0.239,402.6,0
11/16/2019 3:00,0.239,402.6,0
11/16/2019 4:00,0.239,402.6,0
11/16/2019 5:00,0.239,402.6,0
11/16/2019 6:00,0.238,402.6,0
11/16/2019 7:00,0.238,402.6,0
11/16/2019 8:00,0.238,402.6,0
11/16/2019 9:00,0.238,402.6,0
11/16/2019 10:00,0.238,402.6,0
11/16/2019 11:00,0.238,402.6,0
11/16/2019 12:00,0.238,402.6,0
11/16/2019 13:00,0.237,402.6,0
11/16/2019 14:00,0.237,402.6,0
11/16/2019 15:00,0.237,402.6,0
11/16/2019 16:00,0.237,402.6,0
11/16/2019 17:00,0.237,402.6,0
11/16/2019 18:00,0.237,402.6,0
11/16/2019 19:00,0.238,402.6,0
11/16/2019 20:00,0.238,402.6,0
11/16/2019 21:00,0.238,402.6,0
11/16/2019 22:00,0.238,402.6,0
11/16/2019 23:00,0.237,402.6,0
11/17/2019 0:00,0.237,402.6,0
11/17/2019 1:00,0.237,402.6,0
11/17/2019 2:00,0.237,402.6,0
11/17/2019 3:00,0.236,402.6,0
11/17/2019 4:00,0.236,402.6,0
11/17/2019 5:00,0.236,402.6,0
11/17/2019 6:00,0.235,402.6,0
11/17/2019 7:00,0.235,402.6,0
11/17/2019 8:00,0.234,402.6,0
11/17/2019 9:00,0.234,402.6,0
11/17/2019 10:00,0.234,402.6,0
11/17/2019 11:00,0.234,402.6,0
11/17/2019 12:00,0.234,402.6,0
11/17/2019 13:00,0.233,402.6,0
11/17/2019 14:00,0.232,402.6,0
11/17/2019 15:00,0.232,402.6,0
11/17/2019 16:00,0.232,402.6,0
11/17/2019 17:00,0.232,402.6,0
11/17/2019 18:00,0.233,402.6,0
11/17/2019 19:00,0.233,402.6,0
11/17/2019 20:00,0.233,402.6,0
11/17/2019 21:00,0.234,402.6,0
11/17/2019 22:00,0.234,402.6,0
11/17/2019 23:00,0.233,402.6,0
11/18/2019 0:00,0.233,402.6,0
11/18/2019 1:00,0.233,402.6,0
11/18/2019 2:00,0.233,402.6,0
11/18/2019 3:00,0.233,402.6,0
11/18/2019 4:00,0.233,402.6,0
11/18/2019 5:00,0.232,402.6,0
11/18/2019 6:00,0.232,402.6,0
11/18/2019 7:00,0.232,402.6,0
11/18/2019 8:00,0.231,402.6,0
11/18/2019 9:00,0.231,402.6,0
11/18/2019 10:00,0.231,402.6,0
11/18/2019 11:00,0.231,402.6,0
11/18/2019 12:00,0.23,402.6,0
11/18/2019 13:00,0.23,402.6,0
11/18/2019 14:00,0.229,402.6,0
11/18/2019 15:00,0.229,402.6,0
11/18/2019 16:00,0.229,402.6,0
11/18/2019 17:00,0.23,402.6,0
11/18/2019 18:00,0.23,402.6,0
11/18/2019 19:00,0.23,402.6,0
11/18/2019 20:00,0.231,402.6,0
11/18/2019 21:00,0.231,402.6,0
11/18/2019 22:00,0.231,402.6,0
11/18/2019 23:00,0.231,402.6,0
11/19/2019 0:00,0.231,402.6,0
11/19/2019 1:00,0.231,402.6,0
11/19/2019 2:00,0.231,402.6,0
11/19/2019 3:00,0.231,402.7,1
11/19/2019 4:00,0.23,402.7,0
11/19/2019 5:00,0.231,402.7,0
11/19/2019 6:00,0.231,402.7,0
11/19/2019 7:00,0.231,402.7,0
11/19/2019 8:00,0.23,402.7,0
11/19/2019 9:00,0.23,402.7,0
11/19/2019 10:00,0.23,402.7,0
11/19/2019 11:00,0.23,402.7,0
11/19/2019 12:00,0.23,402.7,0
11/19/2019 13:00,0.229,402.7,0
11/19/2019 14:00,0.229,402.7,0
11/19/2019 15:00,0.229,402.7,0
11/19/2019 16:00,0.229,402.7,0
11/19/2019 17:00,0.23,402.7,0
11/19/2019 18:00,0.23,402.7,0
11/19/2019 19:00,0.231,402.7,0
11/19/2019 20:00,0.231,402.7,0
11/19/2019 21:00,0.23,402.7,0
11/19/2019 22:00,0.231,402.7,0
11/19/2019 23:00,0.23,402.7,0
11/20/2019 0:00,0.23,402.7,0
11/20/2019 1:00,0.23,402.7,0
11/20/2019 2:00,0.23,402.7,0
11/20/2019 3:00,0.229,402.7,0
11/20/2019 4:00,0.229,402.7,0
11/20/2019 5:00,0.229,402.7,0
11/20/2019 6:00,0.228,402.7,0
11/20/2019 7:00,0.228,402.7,0
11/20/2019 8:00,0.227,402.8,1
11/20/2019 9:00,0.227,402.8,0
11/20/2019 10:00,0.226,402.8,0
11/20/2019 11:00,0.226,402.8,0
11/20/2019 12:00,0.225,402.8,0
11/20/2019 13:00,0.224,402.8,0
11/20/2019 14:00,0.224,402.8,0
11/20/2019 15:00,0.223,402.8,0
11/20/2019 16:00,0.223,402.8,0
11/20/2019 17:00,0.224,402.8,0
11/20/2019 18:00,0.224,402.8,0
11/20/2019 19:00,0.224,402.8,0
11/20/2019 20:00,0.225,402.8,0
11/20/2019 21:00,0.224,402.8,0
11/20/2019 22:00,0.223,402.8,0
11/20/2019 23:00,0.224,402.8,0
11/21/2019 0:00,0.223,402.8,0
11/21/2019 1:00,0.223,402.8,0
11/21/2019 2:00,0.223,402.8,0
11/21/2019 3:00,0.223,402.8,0
11/21/2019 4:00,0.222,402.8,0
11/21/2019 5:00,0.222,402.8,0
11/21/2019 6:00,0.221,402.8,0
11/21/2019 7:00,0.221,402.8,0
11/21/2019 8:00,0.221,402.8,0
11/21/2019 9:00,0.221,402.8,0
11/21/2019 10:00,0.22,402.8,0
11/21/2019 11:00,0.22,402.8,0
11/21/2019 12:00,0.219,402.8,0
11/21/2019 13:00,0.219,402.8,0
11/21/2019 14:00,0.219,402.8,0
11/21/2019 15:00,0.218,402.8,0
11/21/2019 16:00,0.218,402.8,0
11/21/2019 17:00,0.218,402.8,0
11/21/2019 18:00,0.219,402.8,0
11/21/2019 19:00,0.219,402.8,0
11/21/2019 20:00,0.22,402.8,0
11/21/2019 21:00,0.22,402.8,0
11/21/2019 22:00,0.219,402.8,0
11/21/2019 23:00,0.219,402.8,0
11/22/2019 0:00,0.219,402.8,0
11/22/2019 1:00,0.219,402.8,0
11/22/2019 2:00,0.218,402.8,0
11/22/2019 3:00,0.218,402.8,0
11/22/2019 4:00,0.218,402.8,0
11/22/2019 5:00,0.218,402.8,0
11/22/2019 6:00,0.217,402.8,0
11/22/2019 7:00,0.217,402.8,0
11/22/2019 8:00,0.217,402.8,0
11/22/2019 9:00,0.216,402.8,0
11/22/2019 10:00,0.216,402.8,0
11/22/2019 11:00,0.216,402.8,0
11/22/2019 12:00,0.216,402.8,0
11/22/2019 13:00,0.215,402.8,0
11/22/2019 14:00,0.215,402.8,0
11/22/2019 15:00,0.214,402.8,0
11/22/2019 16:00,0.214,402.8,0
11/22/2019 17:00,0.215,402.8,0
11/22/2019 18:00,0.215,402.8,0
11/22/2019 19:00,0.215,402.8,0
11/22/2019 20:00,0.216,402.8,0
11/22/2019 21:00,0.216,402.8,0
11/22/2019 22:00,0.216,402.8,0
11/22/2019 23:00,0.216,402.8,0
11/23/2019 0:00,0.215,402.8,0
11/23/2019 1:00,0.215,402.8,0
11/23/2019 2:00,0.215,402.8,0
11/23/2019 3:00,0.215,402.8,0
11/23/2019 4:00,0.214,402.8,0
11/23/2019 5:00,0.214,402.8,0
11/23/2019 6:00,0.214,402.8,0
11/23/2019 7:00,0.214,402.8,0
11/23/2019 8:00,0.213,402.8,0
11/23/2019 9:00,0.213,402.8,0
11/23/2019 10:00,0.213,402.8,0
11/23/2019 11:00,0.213,402.8,0
11/23/2019 12:00,0.213,402.8,0
11/23/2019 13:00,0.212,402.8,0
11/23/2019 14:00,0.212,402.8,0
11/23/2019 15:00,0.211,402.8,0
11/23/2019 16:00,0.212,402.8,0
11/23/2019 17:00,0.212,402.8,0
11/23/2019 18:00,0.212,402.8,0
11/23/2019 19:00,0.213,402.8,0
11/23/2019 20:00,0.213,402.8,0
11/23/2019 21:00,0.213,402.8,0
11/23/2019 22:00,0.213,402.8,0
11/23/2019 23:00,0.213,402.8,0
11/24/2019 0:00,0.213,402.8,0
11/24/2019 1:00,0.213,402.8,0
11/24/2019 2:00,0.212,402.8,0
11/24/2019 3:00,0.212,402.8,0
11/24/2019 4:00,0.212,402.8,0
11/24/2019 5:00,0.212,402.8,0
11/24/2019 6:00,0.212,402.8,0
11/24/2019 7:00,0.211,402.8,0
11/24/2019 8:00,0.211,402.8,0
11/24/2019 9:00,0.211,402.8,0
11/24/2019 10:00,0.211,402.8,0
11/24/2019 11:00,0.21,402.8,0
11/24/2019 12:00,0.21,402.8,0
11/24/2019 13:00,0.21,402.8,0
11/24/2019 14:00,0.21,402.8,0
11/24/2019 15:00,0.21,402.8,0
11/24/2019 16:00,0.21,402.8,0
11/24/2019 17:00,0.21,402.8,0
11/24/2019 18:00,0.21,402.8,0
11/24/2019 19:00,0.211,402.8,0
11/24/2019 20:00,0.212,402.8,0
11/24/2019 21:00,0.211,402.8,0
11/24/2019 22:00,0.211,402.8,0
11/24/2019 23:00,0.211,402.8,0
11/25/2019 0:00,0.211,402.8,0
11/25/2019 1:00,0.211,402.8,0
11/25/2019 2:00,0.211,402.8,0
11/25/2019 3:00,0.21,402.8,0
11/25/2019 4:00,0.21,402.8,0
11/25/2019 5:00,0.21,402.8,0
11/25/2019 6:00,0.21,402.8,0
11/25/2019 7:00,0.21,402.8,0
11/25/2019 8:00,0.21,402.8,0
11/25/2019 9:00,0.209,402.8,0
11/25/2019 10:00,0.209,402.8,0
11/25/2019 11:00,0.209,402.8,0
11/25/2019 12:00,0.209,402.8,0
11/25/2019 13:00,0.208,402.8,0
11/25/2019 14:00,0.208,402.8,0
11/25/2019 15:00,0.208,402.8,0
11/25/2019 16:00,0.208,402.8,0
11/25/2019 17:00,0.208,402.8,0
11/25/2019 18:00,0.209,402.8,0
11/25/2019 19:00,0.209,402.8,0
11/25/2019 20:00,0.209,402.8,0
11/25/2019 21:00,0.209,402.8,0
11/25/2019 22:00,0.209,402.8,0
11/25/2019 23:00,0.209,402.8,0
11/26/2019 0:00,0.208,402.8,0
11/26/2019 1:00,0.208,402.8,0
11/26/2019 2:00,0.207,402.8,0
11/26/2019 3:00,0.207,402.8,0
11/26/2019 4:00,0.207,402.8,0
11/26/2019 5:00,0.207,402.8,0
11/26/2019 6:00,0.206,402.8,0
11/26/2019 7:00,0.206,402.8,0
11/26/2019 8:00,0.206,402.8,0
11/26/2019 9:00,0.205,402.8,0
11/26/2019 10:00,0.205,402.8,0
11/26/2019 11:00,0.205,402.8,0
11/26/2019 12:00,0.205,402.8,0
11/26/2019 13:00,0.205,402.8,0
11/26/2019 14:00,0.205,402.9,1
11/26/2019 15:00,0.205,403,1
11/26/2019 16:00,0.205,403.1,1
11/26/2019 17:00,0.207,403.7,6
11/26/2019 18:00,0.231,404.1,4
11/26/2019 19:00,0.256,404.5,4
11/26/2019 20:00,0.299,404.7,2
11/26/2019 21:00,0.328,404.9,2
11/26/2019 22:00,0.347,405.2,3
11/26/2019 23:00,0.387,405.7,5
11/27/2019 0:00,0.377,405.9,2
11/27/2019 1:00,0.392,406.4,5
11/27/2019 2:00,0.394,406.6,2
11/27/2019 3:00,0.394,406.9,3
11/27/2019 4:00,0.396,407.2,3
11/27/2019 5:00,0.393,407.4,2
11/27/2019 6:00,0.391,407.4,0
11/27/2019 7:00,0.387,407.4,0
11/27/2019 8:00,0.386,407.5,1
11/27/2019 9:00,0.384,407.5,0
11/27/2019 10:00,0.382,407.6,1
11/27/2019 11:00,0.38,408,4
11/27/2019 12:00,0.38,408.4,4
11/27/2019 13:00,0.382,408.7,3
11/27/2019 14:00,0.397,408.7,0
11/27/2019 15:00,0.401,408.7,0
11/27/2019 16:00,0.397,408.7,0
11/27/2019 17:00,0.394,408.8,1
11/27/2019 18:00,0.391,408.9,1
11/27/2019 19:00,0.387,408.9,0
11/27/2019 20:00,0.385,408.9,0
11/27/2019 21:00,0.383,408.9,0
11/27/2019 22:00,0.381,408.9,0
11/27/2019 23:00,0.379,408.9,0
11/28/2019 0:00,0.379,408.9,0
11/28/2019 1:00,0.377,408.9,0
11/28/2019 2:00,0.377,408.9,0
11/28/2019 3:00,0.374,408.9,0
11/28/2019 4:00,0.373,408.9,0
11/28/2019 5:00,0.372,408.9,0
11/28/2019 6:00,0.371,408.9,0
11/28/2019 7:00,0.37,408.9,0
11/28/2019 8:00,0.369,408.9,0
11/28/2019 9:00,0.368,408.9,0
11/28/2019 10:00,0.367,408.9,0
11/28/2019 11:00,0.367,408.9,0
11/28/2019 12:00,0.366,409.1,2
11/28/2019 13:00,0.365,409.1,0
11/28/2019 14:00,0.365,409.1,0
11/28/2019 15:00,0.365,409.1,0
11/28/2019 16:00,0.365,409.1,0
11/28/2019 17:00,0.366,409.1,0
11/28/2019 18:00,0.367,409.1,0
11/28/2019 19:00,0.368,409.1,0
11/28/2019 20:00,0.368,409.1,0
11/28/2019 21:00,0.368,409.1,0
11/28/2019 22:00,0.368,409.1,0
11/28/2019 23:00,0.367,409.1,0
11/29/2019 0:00,0.367,409.1,0
11/29/2019 1:00,0.366,409.1,0
11/29/2019 2:00,0.366,409.1,0
11/29/2019 3:00,0.365,409.1,0
11/29/2019 4:00,0.365,409.1,0
11/29/2019 5:00,0.364,409.1,0
11/29/2019 6:00,0.365,409.1,0
11/29/2019 7:00,0.364,409.1,0
11/29/2019 8:00,0.363,409.1,0
11/29/2019 9:00,0.363,409.1,0
11/29/2019 10:00,0.363,409.1,0
11/29/2019 11:00,0.362,409.1,0
11/29/2019 12:00,0.362,409.1,0
11/29/2019 13:00,0.361,409.1,0
11/29/2019 14:00,0.361,409.1,0
11/29/2019 15:00,0.361,409.1,0
11/29/2019 16:00,0.361,409.1,0
11/29/2019 17:00,0.362,409.1,0
11/29/2019 18:00,0.363,409.1,0
11/29/2019 19:00,0.363,409.1,0
11/29/2019 20:00,0.363,409.1,0
11/29/2019 21:00,0.363,409.1,0
11/29/2019 22:00,0.363,409.1,0
11/29/2019 23:00,0.363,409.1,0
11/30/2019 0:00,0.362,409.1,0
11/30/2019 1:00,0.362,409.1,0
11/30/2019 2:00,0.362,409.1,0
11/30/2019 3:00,0.361,409.1,0
11/30/2019 4:00,0.361,409.1,0
11/30/2019 5:00,0.36,409.1,0
11/30/2019 6:00,0.36,409.1,0
11/30/2019 7:00,0.36,409.1,0
11/30/2019 8:00,0.359,409.1,0
11/30/2019 9:00,0.359,409.1,0
11/30/2019 10:00,0.359,409.1,0
11/30/2019 11:00,0.359,409.1,0
11/30/2019 12:00,0.358,409.1,0
11/30/2019 13:00,0.359,409.2,1
11/30/2019 14:00,0.36,409.3,1
11/30/2019 15:00,0.361,409.3,0
11/30/2019 16:00,0.363,409.4,1
11/30/2019 17:00,0.368,409.5,1
11/30/2019 18:00,0.372,409.6,1
11/30/2019 19:00,0.404,410.1,5
11/30/2019 20:00,0.403,410.4,3
11/30/2019 21:00,0.402,410.6,2
11/30/2019 22:00,0.403,410.8,2
11/30/2019 23:00,0.399,410.9,1
12/1/2019 0:00,0.404,411.2,3
12/1/2019 1:00,0.4,411.5,3
12/1/2019 2:00,0.399,411.6,1
12/1/2019 3:00,0.395,411.7,1
12/1/2019 4:00,0.394,411.9,2
12/1/2019 5:00,0.394,412,1
12/1/2019 6:00,0.394,412,0
12/1/2019 7:00,0.391,412.1,1
12/1/2019 8:00,0.388,412.1,0
12/1/2019 9:00,0.385,412.1,0
12/1/2019 10:00,0.384,412.1,0
12/1/2019 11:00,0.382,412.1,0
12/1/2019 12:00,0.381,412.1,0
12/1/2019 13:00,0.38,412.1,0
12/1/2019 14:00,0.38,412.1,0
12/1/2019 15:00,0.379,412.1,0
12/1/2019 16:00,0.379,412.1,0
12/1/2019 17:00,0.379,412.1,0
12/1/2019 18:00,0.378,412.1,0
12/1/2019 19:00,0.378,412.1,0
12/1/2019 20:00,0.378,412.1,0
12/1/2019 21:00,0.377,412.1,0
12/1/2019 22:00,0.377,412.1,0
12/1/2019 23:00,0.377,412.1,0
12/2/2019 0:00,0.377,412.1,0
12/2/2019 1:00,0.376,412.1,0
12/2/2019 2:00,0.376,412.1,0
12/2/2019 3:00,0.375,412.1,0
12/2/2019 4:00,0.375,412.1,0
12/2/2019 5:00,0.375,412.1,0
12/2/2019 6:00,0.375,412.2,1
12/2/2019 7:00,0.375,412.2,0
12/2/2019 8:00,0.375,412.2,0
12/2/2019 9:00,0.375,412.2,0
12/2/2019 10:00,0.375,412.2,0
12/2/2019 11:00,0.375,412.2,0
12/2/2019 12:00,0.376,412.2,0
12/2/2019 13:00,0.376,412.2,0
12/2/2019 14:00,0.382,412.2,0
12/2/2019 15:00,0.382,412.2,0
12/2/2019 16:00,0.382,412.2,0
12/2/2019 17:00,0.383,412.2,0
12/2/2019 18:00,0.383,412.2,0
12/2/2019 19:00,0.383,412.2,0
12/2/2019 20:00,0.383,412.2,0
12/2/2019 21:00,0.383,412.2,0
12/2/2019 22:00,0.383,412.2,0
12/2/2019 23:00,0.382,412.2,0
12/3/2019 0:00,0.383,412.3,1
12/3/2019 1:00,0.383,412.3,0
12/3/2019 2:00,0.383,412.3,0
12/3/2019 3:00,0.383,412.3,0
12/3/2019 4:00,0.383,412.3,0
12/3/2019 5:00,0.383,412.3,0
12/3/2019 6:00,0.383,412.3,0
12/3/2019 7:00,0.383,412.3,0
12/3/2019 8:00,0.383,412.3,0
12/3/2019 9:00,0.382,412.3,0
12/3/2019 10:00,0.382,412.3,0
12/3/2019 11:00,0.382,412.3,0
12/3/2019 12:00,0.382,412.3,0
12/3/2019 13:00,0.382,412.3,0
12/3/2019 14:00,0.382,412.3,0
12/3/2019 15:00,0.383,412.3,0
12/3/2019 16:00,0.383,412.3,0
12/3/2019 17:00,0.383,412.3,0
12/3/2019 18:00,0.384,412.3,0
12/3/2019 19:00,0.384,412.3,0
12/3/2019 20:00,0.384,412.3,0
12/3/2019 21:00,0.383,412.3,0
12/3/2019 22:00,0.383,412.3,0
12/3/2019 23:00,0.383,412.3,0
12/4/2019 0:00,0.383,412.3,0
12/4/2019 1:00,0.383,412.3,0
12/4/2019 2:00,0.383,412.3,0
12/4/2019 3:00,0.382,412.3,0
12/4/2019 4:00,0.382,412.3,0
12/4/2019 5:00,0.382,412.3,0
12/4/2019 6:00,0.382,412.3,0
12/4/2019 7:00,0.382,412.3,0
12/4/2019 8:00,0.382,412.3,0
12/4/2019 9:00,0.382,412.3,0
12/4/2019 10:00,0.381,412.3,0
12/4/2019 11:00,0.382,412.3,0
12/4/2019 12:00,0.382,412.3,0
12/4/2019 13:00,0.382,412.3,0
12/4/2019 14:00,0.382,412.3,0
12/4/2019 15:00,0.382,412.3,0
12/4/2019 16:00,0.382,412.3,0
12/4/2019 17:00,0.383,412.3,0
12/4/2019 18:00,0.383,412.3,0
12/4/2019 19:00,0.383,412.4,1
12/4/2019 20:00,0.383,412.4,0
12/4/2019 21:00,0.383,412.4,0
12/4/2019 22:00,0.383,412.4,0
12/4/2019 23:00,0.383,412.4,0
12/5/2019 0:00,0.383,412.4,0
12/5/2019 1:00,0.383,412.4,0
12/5/2019 2:00,0.383,412.4,0
12/5/2019 3:00,0.383,412.4,0
12/5/2019 4:00,0.383,412.4,0
12/5/2019 5:00,0.383,412.4,0
12/5/2019 6:00,0.383,412.4,0
12/5/2019 7:00,0.382,412.4,0
12/5/2019 8:00,0.382,412.4,0
12/5/2019 9:00,0.382,412.4,0
12/5/2019 10:00,0.382,412.4,0
12/5/2019 11:00,0.382,412.4,0
12/5/2019 12:00,0.381,412.4,0
12/5/2019 13:00,0.381,412.4,0
12/5/2019 14:00,0.381,412.4,0
12/5/2019 15:00,0.381,412.4,0
12/5/2019 16:00,0.381,412.4,0
12/5/2019 17:00,0.381,412.4,0
12/5/2019 18:00,0.382,412.4,0
12/5/2019 19:00,0.382,412.4,0
12/5/2019 20:00,0.382,412.4,0
12/5/2019 21:00,0.382,412.4,0
12/5/2019 22:00,0.382,412.4,0
12/5/2019 23:00,0.382,412.4,0
12/6/2019 0:00,0.382,412.4,0
12/6/2019 1:00,0.381,412.4,0
12/6/2019 2:00,0.381,412.4,0
12/6/2019 3:00,0.381,412.4,0
12/6/2019 4:00,0.38,412.4,0
12/6/2019 5:00,0.38,412.4,0
12/6/2019 6:00,0.38,412.4,0
12/6/2019 7:00,0.379,412.4,0
12/6/2019 8:00,0.379,412.4,0
12/6/2019 9:00,0.379,412.4,0
12/6/2019 10:00,0.379,412.4,0
12/6/2019 11:00,0.379,412.4,0
12/6/2019 12:00,0.379,412.7,3
12/6/2019 13:00,0.379,412.7,0
12/6/2019 14:00,0.38,412.8,1
12/6/2019 15:00,0.393,413.1,3
12/6/2019 16:00,0.416,413.5,4
12/6/2019 17:00,0.418,414.2,7
12/6/2019 18:00,0.419,414.9,7
12/6/2019 19:00,0.423,415.7,8
12/6/2019 20:00,0.43,416.4,7
12/6/2019 21:00,0.43,416.7,3
12/6/2019 22:00,0.429,416.8,1
12/6/2019 23:00,0.429,416.8,0
12/7/2019 0:00,0.428,416.8,0
12/7/2019 1:00,0.424,416.8,0
12/7/2019 2:00,0.418,416.8,0
12/7/2019 3:00,0.417,416.9,1
12/7/2019 4:00,0.413,417.1,2
12/7/2019 5:00,0.421,417.4,3
12/7/2019 6:00,0.424,417.4,0
12/7/2019 7:00,0.424,417.6,2
12/7/2019 8:00,0.422,417.8,2
12/7/2019 9:00,0.423,418,2
12/7/2019 10:00,0.424,418.6,6
12/7/2019 11:00,0.424,418.7,1
12/7/2019 12:00,0.425,419.1,4
12/7/2019 13:00,0.424,419.3,2
12/7/2019 14:00,0.424,419.3,0
12/7/2019 15:00,0.424,419.3,0
12/7/2019 16:00,0.425,419.4,1
12/7/2019 17:00,0.425,419.7,3
12/7/2019 18:00,0.425,419.8,1
12/7/2019 19:00,0.425,419.8,0
12/7/2019 20:00,0.425,419.9,1
12/7/2019 21:00,0.425,420,1
12/7/2019 22:00,0.426,420.2,2
12/7/2019 23:00,0.426,420.5,3
12/8/2019 0:00,0.426,421,5
12/8/2019 1:00,0.426,421.6,6
12/8/2019 2:00,0.426,421.7,1
12/8/2019 3:00,0.426,421.7,0
12/8/2019 4:00,0.426,421.7,0
12/8/2019 5:00,0.426,421.7,0
12/8/2019 6:00,0.426,421.8,1
12/8/2019 7:00,0.425,421.8,0
12/8/2019 8:00,0.425,421.8,0
12/8/2019 9:00,0.425,421.9,1
12/8/2019 10:00,0.425,421.9,0
12/8/2019 11:00,0.425,421.9,0
12/8/2019 12:00,0.425,421.9,0
12/8/2019 13:00,0.425,421.9,0
12/8/2019 14:00,0.426,421.9,0
12/8/2019 15:00,0.426,421.9,0
12/8/2019 16:00,0.427,421.9,0
12/8/2019 17:00,0.427,421.9,0
12/8/2019 18:00,0.427,421.9,0
12/8/2019 19:00,0.427,421.9,0
12/8/2019 20:00,0.427,421.9,0
12/8/2019 21:00,0.427,421.9,0
12/8/2019 22:00,0.427,421.9,0
12/8/2019 23:00,0.427,421.9,0
12/9/2019 0:00,0.427,421.9,0
12/9/2019 1:00,0.427,421.9,0
12/9/2019 2:00,0.426,421.9,0
12/9/2019 3:00,0.426,421.9,0
12/9/2019 4:00,0.426,421.9,0
12/9/2019 5:00,0.425,421.9,0
12/9/2019 6:00,0.425,421.9,0
12/9/2019 7:00,0.424,421.9,0
12/9/2019 8:00,0.424,421.9,0
12/9/2019 9:00,0.421,421.9,0
12/9/2019 10:00,0.42,421.9,0
12/9/2019 11:00,0.419,421.9,0
12/9/2019 12:00,0.418,421.9,0
12/9/2019 13:00,0.418,421.9,0
12/9/2019 14:00,0.417,421.9,0
12/9/2019 15:00,0.417,421.9,0
12/9/2019 16:00,0.417,421.9,0
12/9/2019 17:00,0.417,421.9,0
12/9/2019 18:00,0.416,421.9,0
12/9/2019 19:00,0.416,421.9,0
12/9/2019 20:00,0.415,421.9,0
12/9/2019 21:00,0.414,421.9,0
12/9/2019 22:00,0.414,421.9,0
12/9/2019 23:00,0.414,421.9,0
12/10/2019 0:00,0.413,421.9,0
12/10/2019 1:00,0.412,421.9,0
12/10/2019 2:00,0.411,421.9,0
12/10/2019 3:00,0.41,421.9,0
12/10/2019 4:00,0.41,421.9,0
12/10/2019 5:00,0.409,421.9,0
12/10/2019 6:00,0.409,421.9,0
12/10/2019 7:00,0.409,421.9,0
12/10/2019 8:00,0.408,421.9,0
12/10/2019 9:00,0.407,421.9,0
12/10/2019 10:00,0.406,421.9,0
12/10/2019 11:00,0.406,421.9,0
12/10/2019 12:00,0.406,421.9,0
12/10/2019 13:00,0.406,421.9,0
12/10/2019 14:00,0.405,421.9,0
12/10/2019 15:00,0.405,421.9,0
12/10/2019 16:00,0.405,421.9,0
12/10/2019 17:00,0.405,421.9,0
12/10/2019 18:00,0.406,421.9,0
12/10/2019 19:00,0.406,421.9,0
12/10/2019 20:00,0.406,422.1,2
12/10/2019 21:00,0.406,422.1,0
12/10/2019 22:00,0.406,422.2,1
12/10/2019 23:00,0.407,422.2,0
12/11/2019 0:00,0.407,422.2,0
12/11/2019 1:00,0.407,422.2,0
12/11/2019 2:00,0.407,422.2,0
12/11/2019 3:00,0.407,422.2,0
12/11/2019 4:00,0.407,422.2,0
12/11/2019 5:00,0.407,422.2,0
12/11/2019 6:00,0.407,422.2,0
12/11/2019 7:00,0.406,422.2,0
12/11/2019 8:00,0.406,422.2,0
12/11/2019 9:00,0.406,422.2,0
12/11/2019 10:00,0.406,422.2,0
12/11/2019 11:00,0.405,422.2,0
12/11/2019 12:00,0.405,422.3,1
12/11/2019 13:00,0.407,422.4,1
12/11/2019 14:00,0.408,422.4,0
12/11/2019 15:00,0.408,422.4,0
12/11/2019 16:00,0.408,422.4,0
12/11/2019 17:00,0.408,422.4,0
12/11/2019 18:00,0.408,422.5,1
12/11/2019 19:00,0.41,422.7,2
12/11/2019 20:00,0.421,422.9,2
12/11/2019 21:00,0.425,422.9,0
12/11/2019 22:00,0.425,422.9,0
12/11/2019 23:00,0.425,423,1
12/12/2019 0:00,0.426,423,0
12/12/2019 1:00,0.426,423,0
12/12/2019 2:00,0.426,423,0
12/12/2019 3:00,0.426,423,0
12/12/2019 4:00,0.425,423,0
12/12/2019 5:00,0.425,423,0
12/12/2019 6:00,0.425,423,0
12/12/2019 7:00,0.424,423,0
12/12/2019 8:00,0.424,423,0
12/12/2019 9:00,0.424,423,0
12/12/2019 10:00,0.424,423,0
12/12/2019 11:00,0.424,423,0
12/12/2019 12:00,0.424,423,0
12/12/2019 13:00,0.425,423,0
12/12/2019 14:00,0.425,423,0
12/12/2019 15:00,0.425,423,0
12/12/2019 16:00,0.425,423,0
12/12/2019 17:00,0.425,423,0
12/12/2019 18:00,0.425,423,0
12/12/2019 19:00,0.425,423,0
12/12/2019 20:00,0.423,423,0
12/12/2019 21:00,0.423,423,0
12/12/2019 22:00,0.42,423,0
12/12/2019 23:00,0.42,423,0
12/13/2019 0:00,0.419,423,0
12/13/2019 1:00,0.419,423,0
12/13/2019 2:00,0.419,423,0
12/13/2019 3:00,0.418,423,0
12/13/2019 4:00,0.419,423,0
12/13/2019 5:00,0.418,423,0
12/13/2019 6:00,0.417,423,0
12/13/2019 7:00,0.418,423.1,1
12/13/2019 8:00,0.421,423.3,2
12/13/2019 9:00,0.423,423.4,1
12/13/2019 10:00,0.425,423.6,2
12/13/2019 11:00,0.426,423.9,3
12/13/2019 12:00,0.427,424.3,4
12/13/2019 13:00,0.427,424.5,2
12/13/2019 14:00,0.426,424.8,3
12/13/2019 15:00,0.426,425.1,3
12/13/2019 16:00,0.426,425.4,3
12/13/2019 17:00,0.426,425.9,5
12/13/2019 18:00,0.426,426.3,4
12/13/2019 19:00,0.426,426.4,1
12/13/2019 20:00,0.427,426.4,0
12/13/2019 21:00,0.427,426.4,0
12/13/2019 22:00,0.427,426.4,0
12/13/2019 23:00,0.427,426.4,0
12/14/2019 0:00,0.427,426.7,3
12/14/2019 1:00,0.427,426.7,0
12/14/2019 2:00,0.427,426.7,0
12/14/2019 3:00,0.427,426.7,0
12/14/2019 4:00,0.426,426.7,0
12/14/2019 5:00,0.426,426.7,0
12/14/2019 6:00,0.425,426.7,0
12/14/2019 7:00,0.426,426.7,0
12/14/2019 8:00,0.426,426.7,0
12/14/2019 9:00,0.425,426.7,0
12/14/2019 10:00,0.425,426.7,0
12/14/2019 11:00,0.425,426.7,0
12/14/2019 12:00,0.425,426.7,0
12/14/2019 13:00,0.424,426.7,0
12/14/2019 14:00,0.424,426.7,0
12/14/2019 15:00,0.424,426.7,0
12/14/2019 16:00,0.424,426.7,0
12/14/2019 17:00,0.425,426.9,2
12/14/2019 18:00,0.425,427,1
12/14/2019 19:00,0.426,427.1,1
12/14/2019 20:00,0.426,427.3,2
12/14/2019 21:00,0.426,427.5,2
12/14/2019 22:00,0.426,427.6,1
12/14/2019 23:00,0.425,427.6,0
12/15/2019 0:00,0.425,427.7,1
12/15/2019 1:00,0.425,427.7,0
12/15/2019 2:00,0.425,427.7,0
12/15/2019 3:00,0.425,427.7,0
12/15/2019 4:00,0.425,427.8,1
12/15/2019 5:00,0.425,427.8,0
12/15/2019 6:00,0.425,427.8,0
12/15/2019 7:00,0.424,427.8,0
12/15/2019 8:00,0.424,427.8,0
12/15/2019 9:00,0.424,427.9,1
12/15/2019 10:00,0.424,427.9,0
12/15/2019 11:00,0.424,427.9,0
12/15/2019 12:00,0.423,427.9,0
12/15/2019 13:00,0.424,427.9,0
12/15/2019 14:00,0.425,427.9,0
12/15/2019 15:00,0.425,427.9,0
12/15/2019 16:00,0.425,427.9,0
12/15/2019 17:00,0.425,427.9,0
12/15/2019 18:00,0.425,427.9,0
12/15/2019 19:00,0.426,427.9,0
12/15/2019 20:00,0.426,427.9,0
12/15/2019 21:00,0.426,427.9,0
12/15/2019 22:00,0.425,427.9,0
12/15/2019 23:00,0.425,427.9,0
12/16/2019 0:00,0.425,427.9,0
12/16/2019 1:00,0.425,427.9,0
12/16/2019 2:00,0.424,427.9,0
12/16/2019 3:00,0.424,427.9,0
12/16/2019 4:00,0.424,427.9,0
12/16/2019 5:00,0.423,427.9,0
12/16/2019 6:00,0.423,427.9,0
12/16/2019 7:00,0.423,427.9,0
12/16/2019 8:00,0.423,427.9,0
12/16/2019 9:00,0.423,427.9,0
12/16/2019 10:00,0.423,427.9,0
12/16/2019 11:00,0.422,427.9,0
12/16/2019 12:00,0.422,427.9,0
12/16/2019 13:00,0.422,427.9,0
12/16/2019 14:00,0.421,427.9,0
12/16/2019 15:00,0.421,427.9,0
12/16/2019 16:00,0.421,427.9,0
12/16/2019 17:00,0.421,427.9,0
12/16/2019 18:00,0.421,427.9,0
12/16/2019 19:00,0.421,427.9,0
12/16/2019 20:00,0.421,427.9,0
12/16/2019 21:00,0.421,427.9,0
12/16/2019 22:00,0.421,427.9,0
12/16/2019 23:00,0.421,427.9,0
12/17/2019 0:00,0.421,427.9,0
12/17/2019 1:00,0.421,427.9,0
12/17/2019 2:00,0.419,427.9,0
12/17/2019 3:00,0.418,427.9,0
12/17/2019 4:00,0.418,427.9,0
12/17/2019 5:00,0.418,427.9,0
12/17/2019 6:00,0.417,427.9,0
12/17/2019 7:00,0.414,427.9,0
12/17/2019 8:00,0.413,427.9,0
12/17/2019 9:00,0.412,427.9,0
12/17/2019 10:00,0.412,427.9,0
12/17/2019 11:00,0.412,427.9,0
12/17/2019 12:00,0.412,427.9,0
12/17/2019 13:00,0.412,427.9,0
12/17/2019 14:00,0.412,427.9,0
12/17/2019 15:00,0.412,427.9,0
12/17/2019 16:00,0.412,427.9,0
12/17/2019 17:00,0.412,427.9,0
12/17/2019 18:00,0.412,427.9,0
12/17/2019 19:00,0.412,427.9,0
12/17/2019 20:00,0.412,427.9,0
12/17/2019 21:00,0.412,427.9,0
12/17/2019 22:00,0.412,427.9,0
12/17/2019 23:00,0.412,427.9,0
12/18/2019 0:00,0.411,427.9,0
12/18/2019 1:00,0.41,427.9,0
12/18/2019 2:00,0.41,427.9,0
12/18/2019 3:00,0.41,427.9,0
12/18/2019 4:00,0.41,427.9,0
12/18/2019 5:00,0.412,428,1
12/18/2019 6:00,0.413,428,0
12/18/2019 7:00,0.412,428,0
12/18/2019 8:00,0.413,428,0
12/18/2019 9:00,0.412,428,0
12/18/2019 10:00,0.412,428,0
12/18/2019 11:00,0.412,428,0
12/18/2019 12:00,0.412,428,0
12/18/2019 13:00,0.412,428,0
12/18/2019 14:00,0.412,428,0
12/18/2019 15:00,0.412,428,0
12/18/2019 16:00,0.412,428,0
12/18/2019 17:00,0.412,428,0
12/18/2019 18:00,0.412,428,0
12/18/2019 19:00,0.412,428,0
12/18/2019 20:00,0.412,428,0
12/18/2019 21:00,0.412,428,0
12/18/2019 22:00,0.412,428,0
12/18/2019 23:00,0.412,428,0
12/19/2019 0:00,0.412,428,0
12/19/2019 1:00,0.412,428,0
12/19/2019 2:00,0.412,428.1,1
12/19/2019 3:00,0.414,428.1,0
12/19/2019 4:00,0.417,428.2,1
12/19/2019 5:00,0.42,428.4,2
12/19/2019 6:00,0.421,428.5,1
12/19/2019 7:00,0.422,428.7,2
12/19/2019 8:00,0.422,428.8,1
12/19/2019 9:00,0.422,428.9,1
12/19/2019 10:00,0.422,428.9,0
12/19/2019 11:00,0.422,428.9,0
12/19/2019 12:00,0.423,428.9,0
12/19/2019 13:00,0.422,429,1
12/19/2019 14:00,0.422,429,0
12/19/2019 15:00,0.423,429,0
12/19/2019 16:00,0.423,429,0
12/19/2019 17:00,0.423,429,0
12/19/2019 18:00,0.423,429,0
12/19/2019 19:00,0.424,429.1,1
12/19/2019 20:00,0.424,429.1,0
12/19/2019 21:00,0.424,429.1,0
12/19/2019 22:00,0.424,429.1,0
12/19/2019 23:00,0.425,429.1,0
12/20/2019 0:00,0.425,429.1,0
12/20/2019 1:00,0.425,429.1,0
12/20/2019 2:00,0.425,429.1,0
12/20/2019 3:00,0.425,429.1,0
12/20/2019 4:00,0.425,429.1,0
12/20/2019 5:00,0.425,429.1,0
12/20/2019 6:00,0.425,429.1,0
12/20/2019 7:00,0.425,429.1,0
12/20/2019 8:00,0.425,429.1,0
12/20/2019 9:00,0.425,429.1,0
12/20/2019 10:00,0.425,429.1,0
12/20/2019 11:00,0.425,429.1,0
12/20/2019 12:00,0.425,429.1,0
12/20/2019 13:00,0.425,429.1,0
12/20/2019 14:00,0.426,429.1,0
12/20/2019 15:00,0.426,429.1,0
12/20/2019 16:00,0.426,429.1,0
12/20/2019 17:00,0.427,429.1,0
12/20/2019 18:00,0.427,429.1,0
12/20/2019 19:00,0.427,429.1,0
12/20/2019 20:00,0.427,429.1,0
12/20/2019 21:00,0.427,429.1,0
12/20/2019 22:00,0.427,429.1,0
12/20/2019 23:00,0.427,429.1,0
12/21/2019 0:00,0.426,429.1,0
12/21/2019 1:00,0.426,429.1,0
12/21/2019 2:00,0.426,429.1,0
12/21/2019 3:00,0.426,429.1,0
12/21/2019 4:00,0.426,429.1,0
12/21/2019 5:00,0.426,429.1,0
12/21/2019 6:00,0.426,429.1,0
12/21/2019 7:00,0.426,429.1,0
12/21/2019 8:00,0.426,429.1,0
12/21/2019 9:00,0.426,429.1,0
12/21/2019 10:00,0.426,429.1,0
12/21/2019 11:00,0.425,429.1,0
12/21/2019 12:00,0.425,429.1,0
12/21/2019 13:00,0.425,429.1,0
12/21/2019 14:00,0.426,429.1,0
12/21/2019 15:00,0.426,429.1,0
12/21/2019 16:00,0.426,429.1,0
12/21/2019 17:00,0.426,429.1,0
12/21/2019 18:00,0.426,429.1,0
12/21/2019 19:00,0.426,429.1,0
12/21/2019 20:00,0.426,429.1,0
12/21/2019 21:00,0.426,429.1,0
12/21/2019 22:00,0.425,429.1,0
12/21/2019 23:00,0.425,429.1,0
12/22/2019 0:00,0.425,429.1,0
12/22/2019 1:00,0.425,429.1,0
12/22/2019 2:00,0.425,429.1,0
12/22/2019 3:00,0.425,429.1,0
12/22/2019 4:00,0.425,429.1,0
12/22/2019 5:00,0.425,429.1,0
12/22/2019 6:00,0.425,429.2,1
12/22/2019 7:00,0.426,430,8
12/22/2019 8:00,0.426,430.3,3
12/22/2019 9:00,0.426,430.5,2
12/22/2019 10:00,0.426,430.9,4
12/22/2019 11:00,0.425,431,1
12/22/2019 12:00,0.425,431,0
12/22/2019 13:00,0.426,431.5,5
12/22/2019 14:00,0.426,431.9,4
12/22/2019 15:00,0.426,431.9,0
12/22/2019 16:00,0.426,431.9,0
12/22/2019 17:00,0.426,431.9,0
12/22/2019 18:00,0.426,431.9,0
12/22/2019 19:00,0.426,431.9,0
12/22/2019 20:00,0.426,431.9,0
12/22/2019 21:00,0.426,431.9,0
12/22/2019 22:00,0.426,431.9,0
12/22/2019 23:00,0.426,431.9,0
12/23/2019 0:00,0.425,431.9,0
12/23/2019 1:00,0.425,431.9,0
12/23/2019 2:00,0.425,431.9,0
12/23/2019 3:00,0.424,431.9,0
12/23/2019 4:00,0.424,431.9,0
12/23/2019 5:00,0.423,431.9,0
12/23/2019 6:00,0.423,431.9,0
12/23/2019 7:00,0.423,431.9,0
12/23/2019 8:00,0.422,431.9,0
12/23/2019 9:00,0.422,431.9,0
12/23/2019 10:00,0.423,431.9,0
12/23/2019 11:00,0.422,431.9,0
12/23/2019 12:00,0.422,431.9,0
12/23/2019 13:00,0.422,431.9,0
12/23/2019 14:00,0.422,431.9,0
12/23/2019 15:00,0.421,431.9,0
12/23/2019 16:00,0.421,431.9,0
12/23/2019 17:00,0.421,431.9,0
12/23/2019 18:00,0.422,431.9,0
12/23/2019 19:00,0.422,431.9,0
12/23/2019 20:00,0.422,431.9,0
12/23/2019 21:00,0.422,431.9,0
12/23/2019 22:00,0.422,431.9,0
12/23/2019 23:00,0.422,431.9,0
12/24/2019 0:00,0.422,431.9,0
12/24/2019 1:00,0.422,431.9,0
12/24/2019 2:00,0.422,431.9,0
12/24/2019 3:00,0.421,431.9,0
12/24/2019 4:00,0.421,431.9,0
12/24/2019 5:00,0.421,431.9,0
12/24/2019 6:00,0.421,431.9,0
12/24/2019 7:00,0.421,431.9,0
12/24/2019 8:00,0.421,431.9,0
12/24/2019 9:00,0.421,431.9,0
12/24/2019 10:00,0.421,431.9,0
12/24/2019 11:00,0.421,431.9,0
12/24/2019 12:00,0.421,431.9,0
12/24/2019 13:00,0.421,431.9,0
12/24/2019 14:00,0.421,431.9,0
12/24/2019 15:00,0.421,431.9,0
12/24/2019 16:00,0.421,431.9,0
12/24/2019 17:00,0.421,431.9,0
12/24/2019 18:00,0.421,431.9,0
12/24/2019 19:00,0.421,431.9,0
12/24/2019 20:00,0.421,431.9,0
12/24/2019 21:00,0.421,431.9,0
12/24/2019 22:00,0.421,431.9,0
12/24/2019 23:00,0.421,431.9,0
12/25/2019 0:00,0.421,431.9,0
12/25/2019 1:00,0.421,432,1
12/25/2019 2:00,0.422,432.1,1
12/25/2019 3:00,0.421,432.2,1
12/25/2019 4:00,0.421,432.2,0
12/25/2019 5:00,0.421,432.2,0
12/25/2019 6:00,0.421,432.2,0
12/25/2019 7:00,0.421,432.2,0
12/25/2019 8:00,0.421,432.2,0
12/25/2019 9:00,0.421,432.2,0
12/25/2019 10:00,0.421,432.2,0
12/25/2019 11:00,0.421,432.2,0
12/25/2019 12:00,0.421,432.2,0
12/25/2019 13:00,0.421,432.2,0
12/25/2019 14:00,0.42,432.2,0
12/25/2019 15:00,0.421,432.2,0
12/25/2019 16:00,0.421,432.2,0
12/25/2019 17:00,0.421,432.2,0
12/25/2019 18:00,0.421,432.2,0
12/25/2019 19:00,0.421,432.2,0
12/25/2019 20:00,0.422,432.2,0
12/25/2019 21:00,0.422,432.2,0
12/25/2019 22:00,0.421,432.2,0
12/25/2019 23:00,0.42,432.2,0
12/26/2019 0:00,0.421,432.2,0
12/26/2019 1:00,0.421,432.2,0
12/26/2019 2:00,0.42,432.2,0
12/26/2019 3:00,0.42,432.2,0
12/26/2019 4:00,0.419,432.2,0
12/26/2019 5:00,0.419,432.2,0
12/26/2019 6:00,0.419,432.2,0
12/26/2019 7:00,0.418,432.2,0
12/26/2019 8:00,0.418,432.2,0
12/26/2019 9:00,0.418,432.2,0
12/26/2019 10:00,0.417,432.2,0
12/26/2019 11:00,0.417,432.2,0
12/26/2019 12:00,0.417,432.2,0
12/26/2019 13:00,0.416,432.2,0
12/26/2019 14:00,0.416,432.2,0
12/26/2019 15:00,0.416,432.2,0
12/26/2019 16:00,0.416,432.2,0
12/26/2019 17:00,0.416,432.2,0
12/26/2019 18:00,0.417,432.2,0
12/26/2019 19:00,0.416,432.2,0
12/26/2019 20:00,0.416,432.2,0
12/26/2019 21:00,0.417,432.2,0
12/26/2019 22:00,0.416,432.2,0
12/26/2019 23:00,0.416,432.2,0
12/27/2019 0:00,0.415,432.2,0
12/27/2019 1:00,0.412,432.2,0
12/27/2019 2:00,0.412,432.2,0
12/27/2019 3:00,0.412,432.2,0
12/27/2019 4:00,0.411,432.2,0
12/27/2019 5:00,0.411,432.2,0
12/27/2019 6:00,0.41,432.2,0
12/27/2019 7:00,0.41,432.2,0
12/27/2019 8:00,0.41,432.2,0
12/27/2019 9:00,0.41,432.2,0
12/27/2019 10:00,0.409,432.2,0
12/27/2019 11:00,0.409,432.2,0
12/27/2019 12:00,0.408,432.2,0
12/27/2019 13:00,0.409,432.2,0
12/27/2019 14:00,0.409,432.2,0
12/27/2019 15:00,0.409,432.2,0
12/27/2019 16:00,0.41,432.2,0
12/27/2019 17:00,0.41,432.2,0
12/27/2019 18:00,0.41,432.2,0
12/27/2019 19:00,0.41,432.2,0
12/27/2019 20:00,0.411,432.2,0
12/27/2019 21:00,0.411,432.2,0
12/27/2019 22:00,0.411,432.2,0
12/27/2019 23:00,0.411,432.2,0
12/28/2019 0:00,0.411,432.2,0
12/28/2019 1:00,0.41,432.2,0
12/28/2019 2:00,0.41,432.2,0
12/28/2019 3:00,0.41,432.2,0
12/28/2019 4:00,0.41,432.2,0
12/28/2019 5:00,0.41,432.2,0
12/28/2019 6:00,0.41,432.2,0
12/28/2019 7:00,0.409,432.2,0
12/28/2019 8:00,0.409,432.2,0
12/28/2019 9:00,0.408,432.2,0
12/28/2019 10:00,0.408,432.2,0
12/28/2019 11:00,0.408,432.2,0
12/28/2019 12:00,0.409,432.2,0
12/28/2019 13:00,0.408,432.2,0
12/28/2019 14:00,0.409,432.2,0
12/28/2019 15:00,0.409,432.2,0
12/28/2019 16:00,0.409,432.2,0
12/28/2019 17:00,0.409,432.2,0
12/28/2019 18:00,0.409,432.2,0
12/28/2019 19:00,0.41,432.2,0
12/28/2019 20:00,0.41,432.2,0
12/28/2019 21:00,0.41,432.2,0
12/28/2019 22:00,0.41,432.2,0
12/28/2019 23:00,0.41,432.2,0
12/29/2019 0:00,0.41,432.2,0
12/29/2019 1:00,0.41,432.2,0
12/29/2019 2:00,0.41,432.2,0
12/29/2019 3:00,0.41,432.2,0
12/29/2019 4:00,0.41,432.2,0
12/29/2019 5:00,0.41,432.2,0
12/29/2019 6:00,0.41,432.2,0
12/29/2019 7:00,0.409,432.2,0
12/29/2019 8:00,0.409,432.2,0
12/29/2019 9:00,0.409,432.2,0
12/29/2019 10:00,0.409,432.2,0
12/29/2019 11:00,0.409,432.2,0
12/29/2019 12:00,0.412,432.3,1
12/29/2019 13:00,0.417,433.1,8
12/29/2019 14:00,0.418,433.4,3
12/29/2019 15:00,0.418,433.7,3
12/29/2019 16:00,0.418,434,3
12/29/2019 17:00,0.418,434,0
12/29/2019 18:00,0.419,434.1,1
12/29/2019 19:00,0.418,434.1,0
12/29/2019 20:00,0.419,434.1,0
12/29/2019 21:00,0.419,434.1,0
12/29/2019 22:00,0.419,434.1,0
12/29/2019 23:00,0.418,434.1,0
12/30/2019 0:00,0.419,434.1,0
12/30/2019 1:00,0.419,434.1,0
12/30/2019 2:00,0.419,434.1,0
12/30/2019 3:00,0.419,434.1,0
12/30/2019 4:00,0.418,434.1,0
12/30/2019 5:00,0.418,434.1,0
12/30/2019 6:00,0.418,434.1,0
12/30/2019 7:00,0.418,434.1,0
12/30/2019 8:00,0.418,434.1,0
12/30/2019 9:00,0.418,434.1,0
12/30/2019 10:00,0.418,434.1,0
12/30/2019 11:00,0.418,434.1,0
12/30/2019 12:00,0.418,434.1,0
12/30/2019 13:00,0.418,434.1,0
12/30/2019 14:00,0.418,434.1,0
12/30/2019 15:00,0.419,434.1,0
12/30/2019 16:00,0.419,434.1,0
12/30/2019 17:00,0.419,434.1,0
12/30/2019 18:00,0.419,434.1,0
12/30/2019 19:00,0.42,434.1,0
12/30/2019 20:00,0.42,434.1,0
12/30/2019 21:00,0.42,434.1,0
12/30/2019 22:00,0.42,434.1,0
12/30/2019 23:00,0.421,434.1,0
12/31/2019 0:00,0.42,434.1,0
12/31/2019 1:00,0.42,434.1,0
12/31/2019 2:00,0.42,434.1,0
12/31/2019 3:00,0.42,434.1,0
12/31/2019 4:00,0.42,434.1,0
12/31/2019 5:00,0.42,434.1,0
12/31/2019 6:00,0.419,434.1,0
12/31/2019 7:00,0.42,434.1,0
12/31/2019 8:00,0.419,434.2,1
12/31/2019 9:00,0.419,434.2,0
12/31/2019 10:00,0.419,434.2,0
12/31/2019 11:00,0.419,434.2,0
12/31/2019 12:00,0.42,434.2,0
12/31/2019 13:00,0.419,434.2,0
12/31/2019 14:00,0.419,434.2,0
12/31/2019 15:00,0.419,434.2,0
12/31/2019 16:00,0.42,434.2,0
12/31/2019 17:00,0.42,434.2,0
12/31/2019 18:00,0.42,434.2,0
12/31/2019 19:00,0.421,434.2,0
12/31/2019 20:00,0.421,434.2,0
12/31/2019 21:00,0.421,434.2,0
12/31/2019 22:00,0.421,434.2,0
12/31/2019 23:00,0.421,434.2,0
1/1/2020 0:00,0.421,434.2,0
1/1/2020 1:00,0.421,434.2,0
1/1/2020 2:00,0.421,434.2,0
1/1/2020 3:00,0.421,434.2,0
1/1/2020 4:00,0.421,434.2,0
1/1/2020 5:00,0.421,434.2,0
1/1/2020 6:00,0.421,434.2,0
1/1/2020 7:00,0.421,434.2,0
1/1/2020 8:00,0.421,434.2,0
1/1/2020 9:00,0.421,434.2,0
1/1/2020 10:00,0.421,434.3,1
1/1/2020 11:00,0.421,434.3,0
1/1/2020 12:00,0.422,434.4,1
1/1/2020 13:00,0.422,434.4,0
1/1/2020 14:00,0.422,434.4,0
1/1/2020 15:00,0.421,434.4,0
1/1/2020 16:00,0.422,434.4,0
1/1/2020 17:00,0.422,434.4,0
1/1/2020 18:00,0.423,434.4,0
1/1/2020 19:00,0.423,434.4,0
1/1/2020 20:00,0.424,434.4,0
1/1/2020 21:00,0.423,434.4,0
1/1/2020 22:00,0.423,434.4,0
1/1/2020 23:00,0.424,434.4,0
1/2/2020 0:00,0.423,434.4,0
1/2/2020 1:00,0.423,434.4,0
1/2/2020 2:00,0.423,434.4,0
1/2/2020 3:00,0.423,434.4,0
1/2/2020 4:00,0.423,434.4,0
1/2/2020 5:00,0.423,434.4,0
1/2/2020 6:00,0.423,434.4,0
1/2/2020 7:00,0.423,434.4,0
1/2/2020 8:00,0.422,434.4,0
1/2/2020 9:00,0.423,434.4,0
1/2/2020 10:00,0.422,434.4,0
1/2/2020 11:00,0.421,434.4,0
1/2/2020 12:00,0.421,434.4,0
1/2/2020 13:00,0.421,434.4,0
1/2/2020 14:00,0.421,434.4,0
1/2/2020 15:00,0.421,434.4,0
1/2/2020 16:00,0.421,434.4,0
1/2/2020 17:00,0.421,434.4,0
1/2/2020 18:00,0.422,434.4,0
1/2/2020 19:00,0.422,434.4,0
1/2/2020 20:00,0.422,434.4,0
1/2/2020 21:00,0.421,434.4,0
1/2/2020 22:00,0.421,434.4,0
1/2/2020 23:00,0.421,434.4,0
1/3/2020 0:00,0.421,434.4,0
1/3/2020 1:00,0.421,434.4,0
1/3/2020 2:00,0.421,434.4,0
1/3/2020 3:00,0.421,434.4,0
1/3/2020 4:00,0.421,434.4,0
1/3/2020 5:00,0.42,434.4,0
1/3/2020 6:00,0.42,434.4,0
1/3/2020 7:00,0.419,434.4,0
1/3/2020 8:00,0.419,434.4,0
1/3/2020 9:00,0.419,434.4,0
1/3/2020 10:00,0.419,434.4,0
1/3/2020 11:00,0.419,434.4,0
1/3/2020 12:00,0.418,434.4,0
1/3/2020 13:00,0.419,434.4,0
1/3/2020 14:00,0.418,434.4,0
1/3/2020 15:00,0.418,434.4,0
1/3/2020 16:00,0.419,434.4,0
1/3/2020 17:00,0.419,434.4,0
1/3/2020 18:00,0.419,434.4,0
1/3/2020 19:00,0.419,434.4,0
1/3/2020 20:00,0.419,434.4,0
1/3/2020 21:00,0.419,434.4,0
1/3/2020 22:00,0.419,434.4,0
1/3/2020 23:00,0.419,434.4,0
1/4/2020 0:00,0.419,434.4,0
1/4/2020 1:00,0.419,434.4,0
1/4/2020 2:00,0.42,434.5,1
1/4/2020 3:00,0.421,434.9,4
1/4/2020 4:00,0.422,435.6,7
1/4/2020 5:00,0.422,435.8,2
1/4/2020 6:00,0.421,435.8,0
1/4/2020 7:00,0.421,435.8,0
1/4/2020 8:00,0.421,435.8,0
1/4/2020 9:00,0.421,435.8,0
1/4/2020 10:00,0.421,435.8,0
1/4/2020 11:00,0.421,435.8,0
1/4/2020 12:00,0.421,435.8,0
1/4/2020 13:00,0.421,435.8,0
1/4/2020 14:00,0.421,435.8,0
1/4/2020 15:00,0.421,435.8,0
1/4/2020 16:00,0.421,435.8,0
1/4/2020 17:00,0.421,435.8,0
1/4/2020 18:00,0.422,435.8,0
1/4/2020 19:00,0.422,435.8,0
1/4/2020 20:00,0.423,435.8,0
1/4/2020 21:00,0.423,435.8,0
1/4/2020 22:00,0.422,435.8,0
1/4/2020 23:00,0.423,435.8,0
1/5/2020 0:00,0.422,435.8,0
1/5/2020 1:00,0.422,435.8,0
1/5/2020 2:00,0.422,435.8,0
1/5/2020 3:00,0.422,435.8,0
1/5/2020 4:00,0.422,435.8,0
1/5/2020 5:00,0.422,435.8,0
1/5/2020 6:00,0.422,435.8,0
1/5/2020 7:00,0.422,435.8,0
1/5/2020 8:00,0.422,435.8,0
1/5/2020 9:00,0.422,435.8,0
1/5/2020 10:00,0.422,435.8,0
1/5/2020 11:00,0.422,435.9,1
1/5/2020 12:00,0.421,435.9,0
1/5/2020 13:00,0.421,435.9,0
1/5/2020 14:00,0.422,435.9,0
1/5/2020 15:00,0.422,435.9,0
1/5/2020 16:00,0.422,435.9,0
1/5/2020 17:00,0.422,435.9,0
1/5/2020 18:00,0.423,435.9,0
1/5/2020 19:00,0.423,435.9,0
1/5/2020 20:00,0.423,435.9,0
1/5/2020 21:00,0.423,435.9,0
1/5/2020 22:00,0.423,435.9,0
1/5/2020 23:00,0.423,435.9,0
1/6/2020 0:00,0.423,435.9,0
1/6/2020 1:00,0.423,435.9,0
1/6/2020 2:00,0.423,435.9,0
1/6/2020 3:00,0.422,435.9,0
1/6/2020 4:00,0.422,435.9,0
1/6/2020 5:00,0.422,435.9,0
1/6/2020 6:00,0.421,435.9,0
1/6/2020 7:00,0.421,435.9,0
1/6/2020 8:00,0.421,435.9,0
1/6/2020 9:00,0.421,435.9,0
1/6/2020 10:00,0.421,435.9,0
1/6/2020 11:00,0.42,435.9,0
1/6/2020 12:00,0.42,435.9,0
1/6/2020 13:00,0.42,435.9,0
1/6/2020 14:00,0.419,435.9,0
1/6/2020 15:00,0.419,435.9,0
1/6/2020 16:00,0.42,435.9,0
1/6/2020 17:00,0.42,435.9,0
1/6/2020 18:00,0.42,435.9,0
1/6/2020 19:00,0.42,435.9,0
1/6/2020 20:00,0.42,435.9,0
1/6/2020 21:00,0.42,435.9,0
1/6/2020 22:00,0.42,435.9,0
1/6/2020 23:00,0.42,435.9,0
1/7/2020 0:00,0.419,435.9,0
1/7/2020 1:00,0.419,435.9,0
1/7/2020 2:00,0.419,435.9,0
1/7/2020 3:00,0.419,435.9,0
1/7/2020 4:00,0.419,435.9,0
1/7/2020 5:00,0.418,435.9,0
1/7/2020 6:00,0.418,435.9,0
1/7/2020 7:00,0.417,435.9,0
1/7/2020 8:00,0.418,435.9,0
1/7/2020 9:00,0.417,435.9,0
1/7/2020 10:00,0.416,435.9,0
1/7/2020 11:00,0.416,435.9,0
1/7/2020 12:00,0.417,435.9,0
1/7/2020 13:00,0.417,435.9,0
1/7/2020 14:00,0.417,435.9,0
1/7/2020 15:00,0.416,435.9,0
1/7/2020 16:00,0.417,435.9,0
1/7/2020 17:00,0.417,435.9,0
1/7/2020 18:00,0.419,436.1,2
1/7/2020 19:00,0.418,436.1,0
1/7/2020 20:00,0.419,436.3,2
1/7/2020 21:00,0.419,436.5,2
1/7/2020 22:00,0.419,436.5,0
1/7/2020 23:00,0.419,436.5,0
1/8/2020 0:00,0.419,436.5,0
1/8/2020 1:00,0.419,436.5,0
1/8/2020 2:00,0.419,436.5,0
1/8/2020 3:00,0.419,436.5,0
1/8/2020 4:00,0.42,436.5,0
1/8/2020 5:00,0.42,436.5,0
1/8/2020 6:00,0.419,436.5,0
1/8/2020 7:00,0.419,436.6,1
1/8/2020 8:00,0.419,436.7,1
1/8/2020 9:00,0.42,436.8,1
1/8/2020 10:00,0.419,436.9,1
1/8/2020 11:00,0.419,436.9,0
1/8/2020 12:00,0.419,436.9,0
1/8/2020 13:00,0.42,436.9,0
1/8/2020 14:00,0.42,436.9,0
1/8/2020 15:00,0.42,436.9,0
1/8/2020 16:00,0.421,437,1
1/8/2020 17:00,0.421,437.1,1
1/8/2020 18:00,0.421,437.2,1
1/8/2020 19:00,0.421,437.2,0
1/8/2020 20:00,0.421,437.2,0
1/8/2020 21:00,0.421,437.2,0
1/8/2020 22:00,0.421,437.2,0
1/8/2020 23:00,0.421,437.3,1
1/9/2020 0:00,0.421,437.3,0
1/9/2020 1:00,0.421,437.4,1
1/9/2020 2:00,0.421,437.6,2
1/9/2020 3:00,0.421,437.8,2
1/9/2020 4:00,0.421,438.4,6
1/9/2020 5:00,0.421,438.4,0
1/9/2020 6:00,0.421,438.4,0
1/9/2020 7:00,0.421,438.4,0
1/9/2020 8:00,0.421,438.4,0
1/9/2020 9:00,0.421,438.4,0
1/9/2020 10:00,0.421,438.4,0
1/9/2020 11:00,0.421,438.4,0
1/9/2020 12:00,0.42,438.4,0
1/9/2020 13:00,0.42,438.4,0
1/9/2020 14:00,0.42,438.4,0
1/9/2020 15:00,0.42,438.4,0
1/9/2020 16:00,0.421,438.4,0
1/9/2020 17:00,0.421,438.4,0
1/9/2020 18:00,0.422,438.4,0
1/9/2020 19:00,0.422,438.4,0
1/9/2020 20:00,0.422,438.4,0
1/9/2020 21:00,0.422,438.4,0
1/9/2020 22:00,0.422,438.4,0
1/9/2020 23:00,0.421,438.4,0
1/10/2020 0:00,0.421,438.4,0
1/10/2020 1:00,0.421,438.4,0
1/10/2020 2:00,0.421,438.4,0
1/10/2020 3:00,0.421,438.4,0
1/10/2020 4:00,0.42,438.4,0
1/10/2020 5:00,0.42,438.4,0
1/10/2020 6:00,0.42,438.4,0
1/10/2020 7:00,0.42,438.5,1
1/10/2020 8:00,0.419,438.5,0
1/10/2020 9:00,0.419,438.5,0
1/10/2020 10:00,0.419,438.5,0
1/10/2020 11:00,0.419,438.5,0
1/10/2020 12:00,0.419,438.5,0
1/10/2020 13:00,0.419,438.5,0
1/10/2020 14:00,0.419,438.5,0
1/10/2020 15:00,0.42,438.5,0
1/10/2020 16:00,0.42,438.5,0
1/10/2020 17:00,0.42,438.5,0
1/10/2020 18:00,0.421,438.5,0
1/10/2020 19:00,0.421,438.6,1
1/10/2020 20:00,0.421,438.6,0
1/10/2020 21:00,0.421,438.7,1
1/10/2020 22:00,0.421,438.9,2
1/10/2020 23:00,0.421,438.9,0
1/11/2020 0:00,0.421,438.9,0
1/11/2020 1:00,0.421,439,1
1/11/2020 2:00,0.421,439,0
1/11/2020 3:00,0.421,439,0
1/11/2020 4:00,0.421,439.1,1
1/11/2020 5:00,0.421,439.1,0
1/11/2020 6:00,0.421,439.1,0
1/11/2020 7:00,0.421,439.1,0
1/11/2020 8:00,0.421,439.1,0
1/11/2020 9:00,0.421,439.1,0
1/11/2020 10:00,0.421,439.2,1
1/11/2020 11:00,0.421,439.2,0
1/11/2020 12:00,0.421,439.3,1
1/11/2020 13:00,0.421,439.3,0
1/11/2020 14:00,0.421,439.3,0
1/11/2020 15:00,0.421,439.3,0
1/11/2020 16:00,0.421,439.3,0
1/11/2020 17:00,0.421,439.3,0
1/11/2020 18:00,0.421,439.3,0
1/11/2020 19:00,0.422,439.3,0
1/11/2020 20:00,0.422,439.3,0
1/11/2020 21:00,0.422,439.3,0
1/11/2020 22:00,0.422,439.3,0
1/11/2020 23:00,0.421,439.3,0
1/12/2020 0:00,0.421,439.3,0
1/12/2020 1:00,0.421,439.3,0
1/12/2020 2:00,0.42,439.3,0
1/12/2020 3:00,0.42,439.3,0
1/12/2020 4:00,0.42,439.3,0
1/12/2020 5:00,0.42,439.3,0
1/12/2020 6:00,0.42,439.4,1
1/12/2020 7:00,0.42,439.5,1
1/12/2020 8:00,0.42,439.6,1
1/12/2020 9:00,0.42,439.6,0
1/12/2020 10:00,0.42,439.6,0
1/12/2020 11:00,0.42,439.7,1
1/12/2020 12:00,0.42,439.8,1
1/12/2020 13:00,0.42,439.9,1
1/12/2020 14:00,0.42,439.9,0
1/12/2020 15:00,0.42,440,1
1/12/2020 16:00,0.42,440,0
1/12/2020 17:00,0.42,440.1,1
1/12/2020 18:00,0.421,440.2,1
1/12/2020 19:00,0.421,440.2,0
1/12/2020 20:00,0.421,440.4,2
1/12/2020 21:00,0.421,440.4,0
1/12/2020 22:00,0.421,440.4,0
1/12/2020 23:00,0.421,440.5,1
1/13/2020 0:00,0.421,440.5,0
1/13/2020 1:00,0.421,440.5,0
1/13/2020 2:00,0.421,440.5,0
1/13/2020 3:00,0.421,440.6,1
1/13/2020 4:00,0.421,440.6,0
1/13/2020 5:00,0.421,440.6,0
1/13/2020 6:00,0.421,440.6,0
1/13/2020 7:00,0.421,440.6,0
1/13/2020 8:00,0.421,440.6,0
1/13/2020 9:00,0.421,440.6,0
1/13/2020 10:00,0.421,440.6,0
1/13/2020 11:00,0.42,440.6,0
1/13/2020 12:00,0.42,440.6,0
1/13/2020 13:00,0.42,440.7,1
1/13/2020 14:00,0.42,440.8,1
1/13/2020 15:00,0.421,440.9,1
1/13/2020 16:00,0.421,441.1,2
1/13/2020 17:00,0.421,441.2,1
1/13/2020 18:00,0.421,441.4,2
1/13/2020 19:00,0.421,441.6,2
1/13/2020 20:00,0.421,442,4
1/13/2020 21:00,0.421,442.3,3
1/13/2020 22:00,0.421,442.4,1
1/13/2020 23:00,0.421,442.5,1
1/14/2020 0:00,0.421,442.5,0
1/14/2020 1:00,0.421,442.6,1
1/14/2020 2:00,0.422,442.8,2
1/14/2020 3:00,0.421,442.8,0
1/14/2020 4:00,0.421,442.9,1
1/14/2020 5:00,0.421,442.9,0
1/14/2020 6:00,0.421,442.9,0
1/14/2020 7:00,0.421,442.9,0
1/14/2020 8:00,0.421,443,1
1/14/2020 9:00,0.421,443,0
1/14/2020 10:00,0.421,443,0
1/14/2020 11:00,0.421,443.1,1
1/14/2020 12:00,0.42,443.1,0
1/14/2020 13:00,0.42,443.1,0
1/14/2020 14:00,0.421,443.2,1
1/14/2020 15:00,0.421,443.2,0
1/14/2020 16:00,0.421,443.4,2
1/14/2020 17:00,0.421,443.4,0
1/14/2020 18:00,0.421,443.5,1
1/14/2020 19:00,0.422,443.5,0
1/14/2020 20:00,0.421,443.5,0
1/14/2020 21:00,0.421,443.5,0
1/14/2020 22:00,0.421,443.5,0
1/14/2020 23:00,0.421,443.5,0
1/15/2020 0:00,0.421,443.5,0
1/15/2020 1:00,0.421,443.5,0
1/15/2020 2:00,0.421,443.5,0
1/15/2020 3:00,0.42,443.5,0
1/15/2020 4:00,0.42,443.5,0
1/15/2020 5:00,0.42,443.5,0
1/15/2020 6:00,0.419,443.5,0
1/15/2020 7:00,0.419,443.5,0
1/15/2020 8:00,0.419,443.5,0
1/15/2020 9:00,0.419,443.5,0
1/15/2020 10:00,0.419,443.5,0
1/15/2020 11:00,0.419,443.5,0
1/15/2020 12:00,0.419,443.5,0
1/15/2020 13:00,0.419,443.5,0
1/15/2020 14:00,0.419,443.5,0
1/15/2020 15:00,0.419,443.5,0
1/15/2020 16:00,0.419,443.5,0
1/15/2020 17:00,0.419,443.5,0
1/15/2020 18:00,0.419,443.5,0
1/15/2020 19:00,0.419,443.5,0
1/15/2020 20:00,0.419,443.5,0
1/15/2020 21:00,0.42,443.5,0
1/15/2020 22:00,0.42,443.5,0
1/15/2020 23:00,0.42,443.5,0
1/16/2020 0:00,0.419,443.6,1
1/16/2020 1:00,0.419,443.6,0
1/16/2020 2:00,0.419,443.6,0
1/16/2020 3:00,0.42,443.7,1
1/16/2020 4:00,0.42,444,3
1/16/2020 5:00,0.42,444.2,2
1/16/2020 6:00,0.42,444.3,1
1/16/2020 7:00,0.42,444.7,4
1/16/2020 8:00,0.419,445.4,7
1/16/2020 9:00,0.419,445.6,2
1/16/2020 10:00,0.419,445.9,3
1/16/2020 11:00,0.419,446,1
1/16/2020 12:00,0.419,446.4,4
1/16/2020 13:00,0.419,447,6
1/16/2020 14:00,0.419,447.6,6
1/16/2020 15:00,0.418,448,4
1/16/2020 16:00,0.418,448.1,1
1/16/2020 17:00,0.418,448.3,2
1/16/2020 18:00,0.418,448.4,1
1/16/2020 19:00,0.418,448.5,1
1/16/2020 20:00,0.417,448.5,0
1/16/2020 21:00,0.417,448.5,0
1/16/2020 22:00,0.417,448.6,1
1/16/2020 23:00,0.417,448.6,0
1/17/2020 0:00,0.417,448.6,0
1/17/2020 1:00,0.417,448.6,0
1/17/2020 2:00,0.417,448.7,1
1/17/2020 3:00,0.417,448.8,1
1/17/2020 4:00,0.417,448.8,0
1/17/2020 5:00,0.417,449,2
1/17/2020 6:00,0.417,449,0
1/17/2020 7:00,0.417,449,0
1/17/2020 8:00,0.417,449,0
1/17/2020 9:00,0.417,449,0
1/17/2020 10:00,0.417,449,0
1/17/2020 11:00,0.417,449.1,1
1/17/2020 12:00,0.417,449.4,3
1/17/2020 13:00,0.417,449.4,0
1/17/2020 14:00,0.418,449.4,0
1/17/2020 15:00,0.417,449.4,0
1/17/2020 16:00,0.417,449.4,0
1/17/2020 17:00,0.417,449.4,0
1/17/2020 18:00,0.418,449.4,0
1/17/2020 19:00,0.418,449.4,0
1/17/2020 20:00,0.418,449.4,0
1/17/2020 21:00,0.418,449.4,0
1/17/2020 22:00,0.418,449.4,0
1/17/2020 23:00,0.418,449.4,0
1/18/2020 0:00,0.418,449.4,0
1/18/2020 1:00,0.418,449.4,0
1/18/2020 2:00,0.418,449.4,0
1/18/2020 3:00,0.417,449.4,0
1/18/2020 4:00,0.417,449.4,0
1/18/2020 5:00,0.417,449.4,0
1/18/2020 6:00,0.417,449.4,0
1/18/2020 7:00,0.417,449.4,0
1/18/2020 8:00,0.417,449.4,0
1/18/2020 9:00,0.417,449.4,0
1/18/2020 10:00,0.417,449.4,0
1/18/2020 11:00,0.417,449.4,0
1/18/2020 12:00,0.417,449.4,0
1/18/2020 13:00,0.417,449.4,0
1/18/2020 14:00,0.417,449.4,0
1/18/2020 15:00,0.418,449.4,0
1/18/2020 16:00,0.418,449.4,0
1/18/2020 17:00,0.418,449.4,0
1/18/2020 18:00,0.419,449.4,0
1/18/2020 19:00,0.419,449.4,0
1/18/2020 20:00,0.419,449.4,0
1/18/2020 21:00,0.419,449.4,0
1/18/2020 22:00,0.419,449.4,0
1/18/2020 23:00,0.419,449.4,0
1/19/2020 0:00,0.419,449.4,0
1/19/2020 1:00,0.419,449.4,0
1/19/2020 2:00,0.419,449.4,0
1/19/2020 3:00,0.419,449.4,0
1/19/2020 4:00,0.419,449.4,0
1/19/2020 5:00,0.419,449.4,0
1/19/2020 6:00,0.419,449.4,0
1/19/2020 7:00,0.419,449.4,0
1/19/2020 8:00,0.419,449.4,0
1/19/2020 9:00,0.418,449.4,0
1/19/2020 10:00,0.418,449.4,0
1/19/2020 11:00,0.418,449.4,0
1/19/2020 12:00,0.418,449.4,0
1/19/2020 13:00,0.418,449.4,0
1/19/2020 14:00,0.418,449.4,0
1/19/2020 15:00,0.419,449.4,0
1/19/2020 16:00,0.419,449.4,0
1/19/2020 17:00,0.419,449.4,0
1/19/2020 18:00,0.419,449.4,0
1/19/2020 19:00,0.42,449.4,0
1/19/2020 20:00,0.42,449.4,0
1/19/2020 21:00,0.42,449.4,0
1/19/2020 22:00,0.42,449.4,0
1/19/2020 23:00,0.42,449.4,0
1/20/2020 0:00,0.42,449.4,0
1/20/2020 1:00,0.42,449.4,0
1/20/2020 2:00,0.42,449.4,0
1/20/2020 3:00,0.42,449.4,0
1/20/2020 4:00,0.42,449.4,0
1/20/2020 5:00,0.42,449.4,0
1/20/2020 6:00,0.419,449.4,0
1/20/2020 7:00,0.419,449.4,0
1/20/2020 8:00,0.419,449.4,0
1/20/2020 9:00,0.419,449.4,0
1/20/2020 10:00,0.42,449.4,0
1/20/2020 11:00,0.42,449.4,0
1/20/2020 12:00,0.419,449.4,0
1/20/2020 13:00,0.42,449.4,0
1/20/2020 14:00,0.42,449.4,0
1/20/2020 15:00,0.42,449.4,0
1/20/2020 16:00,0.421,449.4,0
1/20/2020 17:00,0.42,449.4,0
1/20/2020 18:00,0.421,449.4,0
1/20/2020 19:00,0.421,449.4,0
1/20/2020 20:00,0.421,449.4,0
1/20/2020 21:00,0.422,449.4,0
1/20/2020 22:00,0.422,449.4,0
1/20/2020 23:00,0.422,449.4,0
1/21/2020 0:00,0.422,449.4,0
1/21/2020 1:00,0.421,449.4,0
1/21/2020 2:00,0.421,449.4,0
1/21/2020 3:00,0.421,449.4,0
1/21/2020 4:00,0.421,449.5,1
1/21/2020 5:00,0.421,449.6,1
1/21/2020 6:00,0.421,449.6,0
1/21/2020 7:00,0.421,449.9,3
1/21/2020 8:00,0.421,449.9,0
1/21/2020 9:00,0.421,450,1
1/21/2020 10:00,0.421,450.2,2
1/21/2020 11:00,0.422,450.6,4
1/21/2020 12:00,0.422,451,4
1/21/2020 13:00,0.422,451.1,1
1/21/2020 14:00,0.422,451.2,1
1/21/2020 15:00,0.422,451.2,0
1/21/2020 16:00,0.422,451.2,0
1/21/2020 17:00,0.423,451.2,0
1/21/2020 18:00,0.423,451.2,0
1/21/2020 19:00,0.423,451.2,0
1/21/2020 20:00,0.423,451.2,0
1/21/2020 21:00,0.422,451.2,0
1/21/2020 22:00,0.422,451.2,0
1/21/2020 23:00,0.422,451.2,0
1/22/2020 0:00,0.422,451.2,0
1/22/2020 1:00,0.422,451.2,0
1/22/2020 2:00,0.422,451.2,0
1/22/2020 3:00,0.422,451.2,0
1/22/2020 4:00,0.421,451.2,0
1/22/2020 5:00,0.421,451.2,0
1/22/2020 6:00,0.422,451.2,0
1/22/2020 7:00,0.421,451.2,0
1/22/2020 8:00,0.422,451.2,0
1/22/2020 9:00,0.421,451.2,0
1/22/2020 10:00,0.421,451.2,0
1/22/2020 11:00,0.422,451.2,0
1/22/2020 12:00,0.422,451.2,0
1/22/2020 13:00,0.422,451.2,0
1/22/2020 14:00,0.422,451.2,0
1/22/2020 15:00,0.423,451.2,0
1/22/2020 16:00,0.423,451.2,0
1/22/2020 17:00,0.423,451.2,0
1/22/2020 18:00,0.424,451.2,0
1/22/2020 19:00,0.424,451.2,0
1/22/2020 20:00,0.424,451.2,0
1/22/2020 21:00,0.424,451.2,0
1/22/2020 22:00,0.425,451.2,0
1/22/2020 23:00,0.425,451.2,0
1/23/2020 0:00,0.424,451.2,0
1/23/2020 1:00,0.424,451.2,0
1/23/2020 2:00,0.424,451.2,0
1/23/2020 3:00,0.424,451.2,0
1/23/2020 4:00,0.425,451.2,0
1/23/2020 5:00,0.425,451.2,0
1/23/2020 6:00,0.425,451.2,0
1/23/2020 7:00,0.424,451.2,0
1/23/2020 8:00,0.424,451.2,0
1/23/2020 9:00,0.424,451.2,0
1/23/2020 10:00,0.424,451.2,0
1/23/2020 11:00,0.424,451.2,0
1/23/2020 12:00,0.424,451.2,0
1/23/2020 13:00,0.423,451.2,0
1/23/2020 14:00,0.424,451.2,0
1/23/2020 15:00,0.423,451.2,0
1/23/2020 16:00,0.424,451.2,0
1/23/2020 17:00,0.424,451.3,1
1/23/2020 18:00,0.425,451.6,3
1/23/2020 19:00,0.425,451.6,0
1/23/2020 20:00,0.425,451.6,0
1/23/2020 21:00,0.425,451.6,0
1/23/2020 22:00,0.425,451.6,0
1/23/2020 23:00,0.425,451.6,0
1/24/2020 0:00,0.425,451.6,0
1/24/2020 1:00,0.425,451.8,2
1/24/2020 2:00,0.425,452,2
1/24/2020 3:00,0.425,452.1,1
1/24/2020 4:00,0.425,452.1,0
1/24/2020 5:00,0.425,452.7,6
1/24/2020 6:00,0.426,452.9,2
1/24/2020 7:00,0.425,452.9,0
1/24/2020 8:00,0.425,452.9,0
1/24/2020 9:00,0.425,452.9,0
1/24/2020 10:00,0.425,452.9,0
1/24/2020 11:00,0.425,452.9,0
1/24/2020 12:00,0.425,452.9,0
1/24/2020 13:00,0.425,452.9,0
1/24/2020 14:00,0.425,452.9,0
1/24/2020 15:00,0.425,452.9,0
1/24/2020 16:00,0.426,452.9,0
1/24/2020 17:00,0.427,452.9,0
1/24/2020 18:00,0.427,452.9,0
1/24/2020 19:00,0.427,452.9,0
1/24/2020 20:00,0.427,452.9,0
1/24/2020 21:00,0.427,452.9,0
1/24/2020 22:00,0.427,453,1
1/24/2020 23:00,0.428,453.1,1
1/25/2020 0:00,0.428,453.2,1
1/25/2020 1:00,0.427,453.3,1
1/25/2020 2:00,0.427,453.3,0
1/25/2020 3:00,0.427,453.3,0
1/25/2020 4:00,0.427,453.3,0
1/25/2020 5:00,0.427,453.3,0
1/25/2020 6:00,0.427,453.4,1
1/25/2020 7:00,0.427,453.4,0
1/25/2020 8:00,0.427,453.4,0
1/25/2020 9:00,0.427,453.4,0
1/25/2020 10:00,0.427,453.4,0
1/25/2020 11:00,0.426,453.5,1
1/25/2020 12:00,0.427,453.5,0
1/25/2020 13:00,0.427,453.5,0
1/25/2020 14:00,0.427,453.5,0
1/25/2020 15:00,0.427,453.5,0
1/25/2020 16:00,0.427,453.6,1
1/25/2020 17:00,0.428,453.8,2
1/25/2020 18:00,0.428,454.2,4
1/25/2020 19:00,0.429,454.6,4
1/25/2020 20:00,0.429,455.3,7
1/25/2020 21:00,0.429,455.7,4
1/25/2020 22:00,0.429,455.9,2
1/25/2020 23:00,0.429,456.4,5
1/26/2020 0:00,0.429,456.7,3
1/26/2020 1:00,0.429,456.9,2
1/26/2020 2:00,0.429,457.1,2
1/26/2020 3:00,0.429,457.5,4
1/26/2020 4:00,0.428,457.7,2
1/26/2020 5:00,0.429,458.2,5
1/26/2020 6:00,0.428,458.2,0
1/26/2020 7:00,0.428,458.2,0
1/26/2020 8:00,0.428,458.2,0
1/26/2020 9:00,0.428,458.2,0
1/26/2020 10:00,0.428,458.2,0
1/26/2020 11:00,0.428,458.2,0
1/26/2020 12:00,0.428,458.2,0
1/26/2020 13:00,0.429,458.2,0
1/26/2020 14:00,0.428,458.2,0
1/26/2020 15:00,0.428,458.2,0
1/26/2020 16:00,0.429,458.2,0
1/26/2020 17:00,0.429,458.2,0
1/26/2020 18:00,0.429,458.2,0
1/26/2020 19:00,0.429,458.2,0
1/26/2020 20:00,0.429,458.2,0
1/26/2020 21:00,0.429,458.2,0
1/26/2020 22:00,0.429,458.2,0
1/26/2020 23:00,0.429,458.2,0
1/27/2020 0:00,0.429,458.2,0
1/27/2020 1:00,0.429,458.3,1
1/27/2020 2:00,0.428,458.3,0
1/27/2020 3:00,0.428,458.3,0
1/27/2020 4:00,0.428,458.3,0
1/27/2020 5:00,0.428,458.5,2
1/27/2020 6:00,0.428,458.5,0
1/27/2020 7:00,0.428,458.5,0
1/27/2020 8:00,0.428,458.6,1
1/27/2020 9:00,0.428,458.6,0
1/27/2020 10:00,0.428,458.6,0
1/27/2020 11:00,0.427,458.7,1
1/27/2020 12:00,0.428,458.7,0
1/27/2020 13:00,0.428,458.7,0
1/27/2020 14:00,0.428,458.8,1
1/27/2020 15:00,0.428,458.8,0
1/27/2020 16:00,0.428,458.8,0
1/27/2020 17:00,0.428,458.8,0
1/27/2020 18:00,0.429,458.8,0
1/27/2020 19:00,0.429,458.8,0
1/27/2020 20:00,0.429,458.8,0
1/27/2020 21:00,0.429,458.8,0
1/27/2020 22:00,0.429,458.8,0
1/27/2020 23:00,0.429,458.8,0
1/28/2020 0:00,0.429,458.8,0
1/28/2020 1:00,0.429,458.8,0
1/28/2020 2:00,0.429,458.8,0
1/28/2020 3:00,0.428,458.8,0
1/28/2020 4:00,0.429,459.1,3
1/28/2020 5:00,0.428,459.2,1
1/28/2020 6:00,0.428,459.2,0
1/28/2020 7:00,0.428,459.3,1
1/28/2020 8:00,0.428,459.3,0
1/28/2020 9:00,0.428,459.3,0
1/28/2020 10:00,0.428,459.3,0
1/28/2020 11:00,0.428,459.3,0
1/28/2020 12:00,0.428,459.3,0
1/28/2020 13:00,0.428,459.3,0
1/28/2020 14:00,0.428,459.4,1
1/28/2020 15:00,0.428,459.5,1
1/28/2020 16:00,0.428,459.5,0
1/28/2020 17:00,0.428,459.5,0
1/28/2020 18:00,0.429,459.5,0
1/28/2020 19:00,0.429,459.5,0
1/28/2020 20:00,0.429,459.5,0
1/28/2020 21:00,0.429,459.5,0
1/28/2020 22:00,0.429,459.5,0
1/28/2020 23:00,0.429,459.5,0
1/29/2020 0:00,0.428,459.5,0
1/29/2020 1:00,0.428,459.5,0
1/29/2020 2:00,0.428,459.5,0
1/29/2020 3:00,0.428,459.5,0
1/29/2020 4:00,0.427,459.5,0
1/29/2020 5:00,0.428,459.5,0
1/29/2020 6:00,0.428,459.5,0
1/29/2020 7:00,0.427,459.5,0
1/29/2020 8:00,0.427,459.5,0
1/29/2020 9:00,0.426,459.5,0
1/29/2020 10:00,0.426,459.5,0
1/29/2020 11:00,0.426,459.5,0
1/29/2020 12:00,0.426,459.5,0
1/29/2020 13:00,0.427,459.5,0
1/29/2020 14:00,0.426,459.5,0
1/29/2020 15:00,0.426,459.5,0
1/29/2020 16:00,0.427,459.5,0
1/29/2020 17:00,0.427,459.5,0
1/29/2020 18:00,0.428,459.5,0
1/29/2020 19:00,0.428,459.5,0
1/29/2020 20:00,0.428,459.5,0
1/29/2020 21:00,0.428,459.5,0
1/29/2020 22:00,0.428,459.5,0
1/29/2020 23:00,0.428,459.5,0
1/30/2020 0:00,0.428,459.5,0
1/30/2020 1:00,0.428,459.5,0
1/30/2020 2:00,0.428,459.5,0
1/30/2020 3:00,0.428,459.6,1
1/30/2020 4:00,0.428,459.6,0
1/30/2020 5:00,0.427,459.6,0
1/30/2020 6:00,0.427,459.7,1
1/30/2020 7:00,0.427,459.7,0
1/30/2020 8:00,0.427,459.7,0
1/30/2020 9:00,0.428,459.7,0
1/30/2020 10:00,0.427,459.7,0
1/30/2020 11:00,0.427,459.7,0
1/30/2020 12:00,0.428,459.7,0
1/30/2020 13:00,0.427,459.7,0
1/30/2020 14:00,0.427,459.7,0
1/30/2020 15:00,0.428,459.7,0
1/30/2020 16:00,0.428,459.7,0
1/30/2020 17:00,0.428,459.7,0
1/30/2020 18:00,0.429,459.7,0
1/30/2020 19:00,0.429,459.7,0
1/30/2020 20:00,0.429,459.7,0
1/30/2020 21:00,0.429,459.7,0
1/30/2020 22:00,0.429,459.7,0
1/30/2020 23:00,0.429,459.7,0
1/31/2020 0:00,0.429,459.7,0
1/31/2020 1:00,0.429,459.7,0
1/31/2020 2:00,0.429,459.7,0
1/31/2020 3:00,0.428,459.7,0
1/31/2020 4:00,0.428,459.7,0
1/31/2020 5:00,0.428,459.7,0
1/31/2020 6:00,0.427,459.7,0
1/31/2020 7:00,0.428,459.7,0
1/31/2020 8:00,0.427,459.7,0
1/31/2020 9:00,0.427,459.7,0
1/31/2020 10:00,0.427,459.7,0
1/31/2020 11:00,0.427,459.7,0
1/31/2020 12:00,0.426,459.7,0
1/31/2020 13:00,0.427,459.7,0
1/31/2020 14:00,0.427,459.7,0
1/31/2020 15:00,0.427,459.7,0
1/31/2020 16:00,0.427,459.7,0
1/31/2020 17:00,0.427,459.7,0
1/31/2020 18:00,0.427,459.7,0
1/31/2020 19:00,0.428,459.7,0
1/31/2020 20:00,0.428,459.7,0
1/31/2020 21:00,0.429,459.7,0
1/31/2020 22:00,0.428,459.7,0
1/31/2020 23:00,0.428,459.7,0
2/1/2020 0:00,0.428,459.7,0
2/1/2020 1:00,0.428,459.7,0
2/1/2020 2:00,0.428,459.7,0
2/1/2020 3:00,0.428,459.7,0
2/1/2020 4:00,0.427,459.7,0
2/1/2020 5:00,0.427,459.7,0
2/1/2020 6:00,0.427,459.7,0
2/1/2020 7:00,0.427,459.7,0
2/1/2020 8:00,0.426,459.7,0
2/1/2020 9:00,0.426,459.7,0
2/1/2020 10:00,0.426,459.7,0
2/1/2020 11:00,0.426,459.7,0
2/1/2020 12:00,0.426,459.7,0
2/1/2020 13:00,0.426,459.7,0
2/1/2020 14:00,0.426,459.7,0
2/1/2020 15:00,0.426,459.7,0
2/1/2020 16:00,0.426,459.7,0
2/1/2020 17:00,0.427,459.7,0
2/1/2020 18:00,0.427,459.7,0
2/1/2020 19:00,0.427,459.7,0
2/1/2020 20:00,0.428,459.7,0
2/1/2020 21:00,0.428,459.7,0
2/1/2020 22:00,0.428,459.7,0
2/1/2020 23:00,0.428,459.7,0
2/2/2020 0:00,0.428,459.7,0
2/2/2020 1:00,0.428,459.7,0
2/2/2020 2:00,0.428,459.7,0
2/2/2020 3:00,0.428,459.7,0
2/2/2020 4:00,0.427,459.7,0
2/2/2020 5:00,0.427,459.7,0
2/2/2020 6:00,0.428,459.7,0
2/2/2020 7:00,0.427,459.7,0
2/2/2020 8:00,0.428,459.7,0
2/2/2020 9:00,0.427,459.7,0
2/2/2020 10:00,0.427,459.7,0
2/2/2020 11:00,0.427,459.7,0
2/2/2020 12:00,0.427,459.7,0
2/2/2020 13:00,0.426,459.7,0
2/2/2020 14:00,0.426,459.7,0
2/2/2020 15:00,0.426,459.7,0
2/2/2020 16:00,0.426,459.7,0
2/2/2020 17:00,0.425,459.7,0
2/2/2020 18:00,0.426,459.7,0
2/2/2020 19:00,0.426,459.7,0
2/2/2020 20:00,0.426,459.7,0
2/2/2020 21:00,0.426,459.7,0
2/2/2020 22:00,0.426,459.7,0
2/2/2020 23:00,0.425,459.7,0
2/3/2020 0:00,0.425,459.7,0
2/3/2020 1:00,0.425,459.7,0
2/3/2020 2:00,0.425,459.7,0
2/3/2020 3:00,0.425,459.7,0
2/3/2020 4:00,0.424,459.7,0
2/3/2020 5:00,0.424,459.7,0
2/3/2020 6:00,0.424,459.7,0
2/3/2020 7:00,0.423,459.7,0
2/3/2020 8:00,0.423,459.7,0
2/3/2020 9:00,0.423,459.7,0
2/3/2020 10:00,0.422,459.7,0
2/3/2020 11:00,0.421,459.7,0
2/3/2020 12:00,0.421,459.7,0
2/3/2020 13:00,0.421,459.7,0
2/3/2020 14:00,0.422,459.7,0
2/3/2020 15:00,0.421,459.7,0
2/3/2020 16:00,0.421,459.7,0
2/3/2020 17:00,0.422,459.7,0
2/3/2020 18:00,0.422,459.7,0
2/3/2020 19:00,0.422,459.7,0
2/3/2020 20:00,0.422,459.7,0
2/3/2020 21:00,0.422,459.7,0
2/3/2020 22:00,0.422,459.7,0
2/3/2020 23:00,0.421,459.7,0
2/4/2020 0:00,0.421,459.7,0
2/4/2020 1:00,0.421,459.7,0
2/4/2020 2:00,0.42,459.7,0
2/4/2020 3:00,0.421,459.7,0
2/4/2020 4:00,0.42,459.7,0
2/4/2020 5:00,0.42,459.7,0
2/4/2020 6:00,0.417,459.7,0
2/4/2020 7:00,0.416,459.7,0
2/4/2020 8:00,0.416,459.7,0
2/4/2020 9:00,0.416,459.7,0
2/4/2020 10:00,0.415,459.7,0
2/4/2020 11:00,0.415,459.7,0
2/4/2020 12:00,0.417,459.7,0
2/4/2020 13:00,0.417,459.7,0
2/4/2020 14:00,0.418,459.7,0
2/4/2020 15:00,0.418,459.7,0
2/4/2020 16:00,0.418,459.7,0
2/4/2020 17:00,0.419,459.7,0
2/4/2020 18:00,0.419,459.7,0
2/4/2020 19:00,0.419,459.7,0
2/4/2020 20:00,0.419,459.7,0
2/4/2020 21:00,0.419,459.7,0
2/4/2020 22:00,0.419,459.7,0
2/4/2020 23:00,0.419,459.7,0
2/5/2020 0:00,0.419,459.7,0
2/5/2020 1:00,0.419,459.7,0
2/5/2020 2:00,0.419,459.7,0
2/5/2020 3:00,0.419,459.7,0
2/5/2020 4:00,0.419,459.7,0
2/5/2020 5:00,0.418,459.7,0
2/5/2020 6:00,0.418,459.7,0
2/5/2020 7:00,0.418,459.7,0
2/5/2020 8:00,0.418,459.7,0
2/5/2020 9:00,0.417,459.7,0
2/5/2020 10:00,0.417,459.7,0
2/5/2020 11:00,0.418,459.7,0
2/5/2020 12:00,0.417,459.7,0
2/5/2020 13:00,0.418,459.7,0
2/5/2020 14:00,0.418,459.7,0
2/5/2020 15:00,0.418,459.7,0
2/5/2020 16:00,0.419,459.7,0
2/5/2020 17:00,0.419,459.7,0
2/5/2020 18:00,0.42,459.7,0
2/5/2020 19:00,0.421,459.7,0
2/5/2020 20:00,0.421,459.7,0
2/5/2020 21:00,0.421,459.7,0
2/5/2020 22:00,0.421,459.7,0
2/5/2020 23:00,0.422,459.7,0
2/6/2020 0:00,0.422,459.7,0
2/6/2020 1:00,0.422,459.7,0
2/6/2020 2:00,0.422,459.7,0
2/6/2020 3:00,0.422,459.7,0
2/6/2020 4:00,0.422,459.7,0
2/6/2020 5:00,0.422,459.7,0
2/6/2020 6:00,0.422,459.7,0
2/6/2020 7:00,0.422,459.7,0
2/6/2020 8:00,0.422,459.7,0
2/6/2020 9:00,0.422,459.7,0
2/6/2020 10:00,0.422,459.7,0
2/6/2020 11:00,0.422,459.7,0
2/6/2020 12:00,0.422,459.7,0
2/6/2020 13:00,0.423,459.7,0
2/6/2020 14:00,0.423,459.7,0
2/6/2020 15:00,0.423,459.7,0
2/6/2020 16:00,0.424,459.7,0
2/6/2020 17:00,0.424,459.7,0
2/6/2020 18:00,0.424,459.7,0
2/6/2020 19:00,0.425,459.7,0
2/6/2020 20:00,0.425,459.7,0
2/6/2020 21:00,0.425,459.7,0
2/6/2020 22:00,0.425,459.7,0
2/6/2020 23:00,0.425,459.7,0
2/7/2020 0:00,0.425,459.7,0
2/7/2020 1:00,0.425,459.7,0
2/7/2020 2:00,0.425,459.7,0
2/7/2020 3:00,0.425,459.7,0
2/7/2020 4:00,0.425,459.7,0
2/7/2020 5:00,0.425,459.7,0
2/7/2020 6:00,0.425,459.7,0
2/7/2020 7:00,0.425,459.7,0
2/7/2020 8:00,0.425,459.7,0
2/7/2020 9:00,0.424,459.7,0
2/7/2020 10:00,0.424,459.7,0
2/7/2020 11:00,0.424,459.7,0
2/7/2020 12:00,0.425,459.7,0
2/7/2020 13:00,0.425,459.7,0
2/7/2020 14:00,0.425,459.7,0
2/7/2020 15:00,0.425,459.7,0
2/7/2020 16:00,0.425,459.7,0
2/7/2020 17:00,0.426,459.7,0
2/7/2020 18:00,0.426,459.7,0
2/7/2020 19:00,0.426,459.7,0
2/7/2020 20:00,0.427,459.7,0
2/7/2020 21:00,0.426,459.7,0
2/7/2020 22:00,0.426,459.7,0
2/7/2020 23:00,0.426,459.7,0
2/8/2020 0:00,0.426,459.7,0
2/8/2020 1:00,0.426,459.7,0
2/8/2020 2:00,0.426,459.7,0
2/8/2020 3:00,0.426,459.7,0
2/8/2020 4:00,0.425,459.7,0
2/8/2020 5:00,0.425,459.7,0
2/8/2020 6:00,0.425,459.7,0
2/8/2020 7:00,0.425,459.7,0
2/8/2020 8:00,0.425,459.7,0
2/8/2020 9:00,0.425,459.7,0
2/8/2020 10:00,0.425,459.7,0
2/8/2020 11:00,0.424,459.7,0
2/8/2020 12:00,0.425,459.7,0
2/8/2020 13:00,0.425,459.7,0
2/8/2020 14:00,0.424,459.7,0
2/8/2020 15:00,0.424,459.7,0
2/8/2020 16:00,0.424,459.7,0
2/8/2020 17:00,0.424,459.7,0
2/8/2020 18:00,0.424,459.7,0
2/8/2020 19:00,0.423,459.7,0
2/8/2020 20:00,0.423,459.7,0
2/8/2020 21:00,0.423,459.7,0
2/8/2020 22:00,0.423,459.7,0
2/8/2020 23:00,0.423,459.7,0
2/9/2020 0:00,0.423,459.7,0
2/9/2020 1:00,0.422,459.7,0
2/9/2020 2:00,0.421,459.7,0
2/9/2020 3:00,0.421,459.7,0
2/9/2020 4:00,0.421,459.7,0
2/9/2020 5:00,0.42,459.7,0
2/9/2020 6:00,0.42,459.7,0
2/9/2020 7:00,0.419,459.7,0
2/9/2020 8:00,0.418,459.7,0
2/9/2020 9:00,0.418,459.7,0
2/9/2020 10:00,0.418,459.7,0
2/9/2020 11:00,0.417,459.7,0
2/9/2020 12:00,0.416,459.7,0
2/9/2020 13:00,0.416,459.7,0
2/9/2020 14:00,0.416,459.7,0
2/9/2020 15:00,0.416,459.7,0
2/9/2020 16:00,0.416,459.7,0
2/9/2020 17:00,0.416,459.7,0
2/9/2020 18:00,0.416,459.7,0
2/9/2020 19:00,0.417,459.7,0
2/9/2020 20:00,0.417,459.7,0
2/9/2020 21:00,0.417,459.7,0
2/9/2020 22:00,0.417,459.7,0
2/9/2020 23:00,0.417,459.7,0
2/10/2020 0:00,0.417,459.7,0
2/10/2020 1:00,0.416,459.7,0
2/10/2020 2:00,0.416,459.7,0
2/10/2020 3:00,0.415,459.7,0
2/10/2020 4:00,0.416,459.7,0
2/10/2020 5:00,0.415,459.7,0
2/10/2020 6:00,0.415,459.7,0
2/10/2020 7:00,0.414,459.7,0
2/10/2020 8:00,0.414,459.7,0
2/10/2020 9:00,0.414,459.7,0
2/10/2020 10:00,0.414,459.7,0
2/10/2020 11:00,0.414,459.7,0
2/10/2020 12:00,0.414,459.7,0
2/10/2020 13:00,0.413,459.7,0
2/10/2020 14:00,0.414,459.7,0
2/10/2020 15:00,0.414,459.7,0
2/10/2020 16:00,0.414,459.7,0
2/10/2020 17:00,0.415,459.7,0
2/10/2020 18:00,0.415,459.7,0
2/10/2020 19:00,0.416,459.7,0
2/10/2020 20:00,0.416,459.7,0
2/10/2020 21:00,0.416,459.7,0
2/10/2020 22:00,0.417,459.7,0
2/10/2020 23:00,0.417,459.7,0
2/11/2020 0:00,0.417,459.7,0
2/11/2020 1:00,0.417,459.7,0
2/11/2020 2:00,0.416,459.7,0
2/11/2020 3:00,0.416,459.7,0
2/11/2020 4:00,0.416,459.7,0
2/11/2020 5:00,0.415,459.7,0
2/11/2020 6:00,0.415,459.7,0
2/11/2020 7:00,0.415,459.7,0
2/11/2020 8:00,0.415,459.7,0
2/11/2020 9:00,0.415,459.7,0
2/11/2020 10:00,0.414,459.7,0
2/11/2020 11:00,0.415,459.7,0
2/11/2020 12:00,0.415,459.7,0
2/11/2020 13:00,0.414,459.7,0
2/11/2020 14:00,0.414,459.7,0
2/11/2020 15:00,0.415,459.7,0
2/11/2020 16:00,0.415,459.7,0
2/11/2020 17:00,0.415,459.7,0
2/11/2020 18:00,0.416,459.7,0
2/11/2020 19:00,0.416,459.7,0
2/11/2020 20:00,0.417,459.7,0
2/11/2020 21:00,0.416,459.7,0
2/11/2020 22:00,0.416,459.7,0
2/11/2020 23:00,0.417,459.7,0
2/12/2020 0:00,0.416,459.7,0
2/12/2020 1:00,0.416,459.7,0
2/12/2020 2:00,0.416,459.7,0
2/12/2020 3:00,0.415,459.7,0
2/12/2020 4:00,0.415,459.7,0
2/12/2020 5:00,0.415,459.7,0
2/12/2020 6:00,0.415,459.7,0
2/12/2020 7:00,0.414,459.7,0
2/12/2020 8:00,0.414,459.7,0
2/12/2020 9:00,0.414,459.7,0
2/12/2020 10:00,0.414,459.7,0
2/12/2020 11:00,0.414,459.7,0
2/12/2020 12:00,0.414,459.7,0
2/12/2020 13:00,0.413,459.7,0
2/12/2020 14:00,0.414,459.7,0
2/12/2020 15:00,0.414,459.7,0
2/12/2020 16:00,0.415,459.7,0
2/12/2020 17:00,0.415,459.7,0
2/12/2020 18:00,0.416,459.7,0
2/12/2020 19:00,0.416,459.7,0
2/12/2020 20:00,0.416,459.7,0
2/12/2020 21:00,0.417,459.7,0
2/12/2020 22:00,0.416,459.7,0
2/12/2020 23:00,0.416,459.7,0
2/13/2020 0:00,0.416,459.7,0
2/13/2020 1:00,0.416,459.7,0
2/13/2020 2:00,0.415,459.7,0
2/13/2020 3:00,0.415,459.7,0
2/13/2020 4:00,0.415,459.7,0
2/13/2020 5:00,0.414,459.7,0
2/13/2020 6:00,0.414,459.7,0
2/13/2020 7:00,0.414,459.7,0
2/13/2020 8:00,0.413,459.7,0
2/13/2020 9:00,0.413,459.7,0
2/13/2020 10:00,0.413,459.7,0
2/13/2020 11:00,0.413,459.7,0
2/13/2020 12:00,0.412,459.7,0
2/13/2020 13:00,0.413,459.7,0
2/13/2020 14:00,0.413,459.7,0
2/13/2020 15:00,0.413,459.7,0
2/13/2020 16:00,0.413,459.7,0
2/13/2020 17:00,0.413,459.7,0
2/13/2020 18:00,0.414,459.7,0
2/13/2020 19:00,0.415,459.7,0
2/13/2020 20:00,0.415,459.7,0
2/13/2020 21:00,0.414,459.7,0
2/13/2020 22:00,0.414,459.7,0
2/13/2020 23:00,0.414,459.7,0
2/14/2020 0:00,0.414,459.7,0
2/14/2020 1:00,0.414,459.7,0
2/14/2020 2:00,0.413,459.7,0
2/14/2020 3:00,0.413,459.7,0
2/14/2020 4:00,0.413,459.7,0
2/14/2020 5:00,0.413,459.7,0
2/14/2020 6:00,0.413,459.7,0
2/14/2020 7:00,0.413,459.7,0
2/14/2020 8:00,0.413,459.7,0
2/14/2020 9:00,0.413,459.7,0
2/14/2020 10:00,0.413,459.7,0
2/14/2020 11:00,0.413,459.7,0
2/14/2020 12:00,0.412,459.7,0
2/14/2020 13:00,0.412,459.7,0
2/14/2020 14:00,0.412,459.7,0
2/14/2020 15:00,0.412,459.7,0
2/14/2020 16:00,0.413,459.7,0
2/14/2020 17:00,0.413,459.7,0
2/14/2020 18:00,0.414,459.7,0
2/14/2020 19:00,0.413,459.7,0
2/14/2020 20:00,0.414,459.7,0
2/14/2020 21:00,0.414,459.7,0
2/14/2020 22:00,0.414,459.7,0
2/14/2020 23:00,0.413,459.7,0
2/15/2020 0:00,0.414,459.7,0
2/15/2020 1:00,0.413,459.7,0
2/15/2020 2:00,0.413,459.7,0
2/15/2020 3:00,0.412,459.7,0
2/15/2020 4:00,0.412,459.7,0
2/15/2020 5:00,0.412,459.7,0
2/15/2020 6:00,0.412,459.7,0
2/15/2020 7:00,0.412,459.7,0
2/15/2020 8:00,0.412,459.7,0
2/15/2020 9:00,0.411,459.7,0
2/15/2020 10:00,0.411,459.7,0
2/15/2020 11:00,0.411,459.7,0
2/15/2020 12:00,0.411,459.7,0
2/15/2020 13:00,0.411,459.7,0
2/15/2020 14:00,0.411,459.7,0
2/15/2020 15:00,0.411,459.7,0
2/15/2020 16:00,0.411,459.7,0
2/15/2020 17:00,0.412,459.7,0
2/15/2020 18:00,0.412,459.7,0
2/15/2020 19:00,0.412,459.7,0
2/15/2020 20:00,0.412,459.7,0
2/15/2020 21:00,0.413,459.7,0
2/15/2020 22:00,0.412,459.7,0
2/15/2020 23:00,0.412,459.7,0
2/16/2020 0:00,0.412,459.7,0
2/16/2020 1:00,0.412,459.7,0
2/16/2020 2:00,0.412,459.7,0
2/16/2020 3:00,0.412,459.7,0
2/16/2020 4:00,0.412,459.7,0
2/16/2020 5:00,0.411,459.7,0
2/16/2020 6:00,0.411,459.7,0
2/16/2020 7:00,0.41,459.7,0
2/16/2020 8:00,0.41,459.7,0
2/16/2020 9:00,0.41,459.7,0
2/16/2020 10:00,0.41,459.7,0
2/16/2020 11:00,0.41,459.7,0
2/16/2020 12:00,0.411,459.7,0
2/16/2020 13:00,0.41,459.7,0
2/16/2020 14:00,0.411,459.7,0
2/16/2020 15:00,0.411,459.7,0
2/16/2020 16:00,0.412,459.7,0
2/16/2020 17:00,0.412,459.7,0
2/16/2020 18:00,0.412,459.7,0
2/16/2020 19:00,0.413,459.7,0
2/16/2020 20:00,0.413,459.7,0
2/16/2020 21:00,0.413,459.7,0
2/16/2020 22:00,0.413,459.7,0
2/16/2020 23:00,0.413,459.7,0
2/17/2020 0:00,0.413,459.7,0
2/17/2020 1:00,0.412,459.7,0
2/17/2020 2:00,0.412,459.7,0
2/17/2020 3:00,0.412,459.7,0
2/17/2020 4:00,0.412,459.7,0
2/17/2020 5:00,0.412,459.7,0
2/17/2020 6:00,0.412,459.7,0
2/17/2020 7:00,0.411,459.7,0
2/17/2020 8:00,0.411,459.7,0
2/17/2020 9:00,0.411,459.7,0
2/17/2020 10:00,0.411,459.7,0
2/17/2020 11:00,0.411,459.7,0
2/17/2020 12:00,0.411,460,3
2/17/2020 13:00,0.411,460,0
2/17/2020 14:00,0.411,460,0
2/17/2020 15:00,0.411,460,0
2/17/2020 16:00,0.411,460,0
2/17/2020 17:00,0.411,460,0
2/17/2020 18:00,0.411,460,0
2/17/2020 19:00,0.412,460,0
2/17/2020 20:00,0.413,460,0
2/17/2020 21:00,0.412,460,0
2/17/2020 22:00,0.412,460,0
2/17/2020 23:00,0.412,460,0
2/18/2020 0:00,0.412,460,0
2/18/2020 1:00,0.412,460,0
2/18/2020 2:00,0.412,460,0
2/18/2020 3:00,0.411,460,0
2/18/2020 4:00,0.41,460,0
2/18/2020 5:00,0.41,460,0
2/18/2020 6:00,0.409,460,0
2/18/2020 7:00,0.409,460,0
2/18/2020 8:00,0.408,460,0
2/18/2020 9:00,0.408,460,0
2/18/2020 10:00,0.407,460,0
2/18/2020 11:00,0.408,460,0
2/18/2020 12:00,0.407,460,0
2/18/2020 13:00,0.407,460,0
2/18/2020 14:00,0.407,460,0
2/18/2020 15:00,0.407,460,0
2/18/2020 16:00,0.407,460,0
2/18/2020 17:00,0.408,460,0
2/18/2020 18:00,0.409,460,0
2/18/2020 19:00,0.409,460,0
2/18/2020 20:00,0.409,460,0
2/18/2020 21:00,0.41,460,0
2/18/2020 22:00,0.409,460,0
2/18/2020 23:00,0.408,460,0
2/19/2020 0:00,0.409,460,0
2/19/2020 1:00,0.408,460,0
2/19/2020 2:00,0.408,460,0
2/19/2020 3:00,0.408,460,0
2/19/2020 4:00,0.407,460,0
2/19/2020 5:00,0.407,460,0
2/19/2020 6:00,0.406,460,0
2/19/2020 7:00,0.406,460,0
2/19/2020 8:00,0.406,460,0
2/19/2020 9:00,0.405,460,0
2/19/2020 10:00,0.404,460,0
2/19/2020 11:00,0.404,460,0
2/19/2020 12:00,0.404,460,0
2/19/2020 13:00,0.404,460,0
2/19/2020 14:00,0.404,460,0
2/19/2020 15:00,0.404,460,0
2/19/2020 16:00,0.404,460,0
2/19/2020 17:00,0.405,460,0
2/19/2020 18:00,0.406,460,0
2/19/2020 19:00,0.406,460,0
2/19/2020 20:00,0.406,460,0
2/19/2020 21:00,0.407,460,0
2/19/2020 22:00,0.407,460,0
2/19/2020 23:00,0.407,460,0
2/20/2020 0:00,0.406,460,0
2/20/2020 1:00,0.406,460,0
2/20/2020 2:00,0.406,460,0
2/20/2020 3:00,0.405,460,0
2/20/2020 4:00,0.405,460,0
2/20/2020 5:00,0.405,460,0
2/20/2020 6:00,0.405,460,0
2/20/2020 7:00,0.405,460,0
2/20/2020 8:00,0.405,460,0
2/20/2020 9:00,0.404,460,0
2/20/2020 10:00,0.404,460,0
2/20/2020 11:00,0.404,460,0
2/20/2020 12:00,0.404,460,0
2/20/2020 13:00,0.404,460,0
2/20/2020 14:00,0.404,460,0
2/20/2020 15:00,0.405,460,0
2/20/2020 16:00,0.404,460,0
2/20/2020 17:00,0.405,460,0
2/20/2020 18:00,0.406,460,0
2/20/2020 19:00,0.406,460,0
2/20/2020 20:00,0.406,460,0
2/20/2020 21:00,0.406,460,0
2/20/2020 22:00,0.407,460,0
2/20/2020 23:00,0.407,460,0
2/21/2020 0:00,0.407,460,0
2/21/2020 1:00,0.406,460,0
2/21/2020 2:00,0.406,460,0
2/21/2020 3:00,0.406,460,0
2/21/2020 4:00,0.406,460,0
2/21/2020 5:00,0.405,460,0
2/21/2020 6:00,0.405,460,0
2/21/2020 7:00,0.405,460,0
2/21/2020 8:00,0.404,460,0
2/21/2020 9:00,0.404,460,0
2/21/2020 10:00,0.404,460,0
2/21/2020 11:00,0.404,460,0
2/21/2020 12:00,0.403,460,0
2/21/2020 13:00,0.403,460,0
2/21/2020 14:00,0.403,460,0
2/21/2020 15:00,0.404,460,0
2/21/2020 16:00,0.404,460,0
2/21/2020 17:00,0.405,460,0
2/21/2020 18:00,0.406,460,0
2/21/2020 19:00,0.406,460,0
2/21/2020 20:00,0.406,460,0
2/21/2020 21:00,0.406,460,0
2/21/2020 22:00,0.407,460,0
2/21/2020 23:00,0.407,460,0
2/22/2020 0:00,0.406,460,0
2/22/2020 1:00,0.406,460,0
2/22/2020 2:00,0.406,460,0
2/22/2020 3:00,0.406,460,0
2/22/2020 4:00,0.406,460,0
2/22/2020 5:00,0.405,460,0
2/22/2020 6:00,0.405,460,0
2/22/2020 7:00,0.404,460,0
2/22/2020 8:00,0.404,460,0
2/22/2020 9:00,0.404,460,0
2/22/2020 10:00,0.404,460,0
2/22/2020 11:00,0.404,460,0
2/22/2020 12:00,0.404,460,0
2/22/2020 13:00,0.404,460,0
2/22/2020 14:00,0.404,460,0
2/22/2020 15:00,0.405,460,0
2/22/2020 16:00,0.405,460,0
2/22/2020 17:00,0.406,460,0
2/22/2020 18:00,0.406,460,0
2/22/2020 19:00,0.407,460,0
2/22/2020 20:00,0.407,460,0
2/22/2020 21:00,0.408,460,0
2/22/2020 22:00,0.407,460,0
2/22/2020 23:00,0.407,460,0
2/23/2020 0:00,0.407,460,0
2/23/2020 1:00,0.406,460,0
2/23/2020 2:00,0.406,460,0
2/23/2020 3:00,0.406,460,0
2/23/2020 4:00,0.406,460,0
2/23/2020 5:00,0.406,460,0
2/23/2020 6:00,0.405,460,0
2/23/2020 7:00,0.405,460,0
2/23/2020 8:00,0.405,460,0
2/23/2020 9:00,0.405,460,0
2/23/2020 10:00,0.405,460,0
2/23/2020 11:00,0.405,460,0
2/23/2020 12:00,0.405,460,0
2/23/2020 13:00,0.405,460,0
2/23/2020 14:00,0.405,460,0
2/23/2020 15:00,0.406,460,0
2/23/2020 16:00,0.406,460,0
2/23/2020 17:00,0.406,460,0
2/23/2020 18:00,0.407,460,0
2/23/2020 19:00,0.407,460,0
2/23/2020 20:00,0.407,460,0
2/23/2020 21:00,0.408,460,0
2/23/2020 22:00,0.408,460,0
2/23/2020 23:00,0.407,460,0
2/24/2020 0:00,0.407,460,0
2/24/2020 1:00,0.407,460,0
2/24/2020 2:00,0.406,460,0
2/24/2020 3:00,0.406,460,0
2/24/2020 4:00,0.406,460,0
2/24/2020 5:00,0.406,460,0
2/24/2020 6:00,0.406,460,0
2/24/2020 7:00,0.405,460,0
2/24/2020 8:00,0.405,460,0
2/24/2020 9:00,0.405,460,0
2/24/2020 10:00,0.405,460,0
2/24/2020 11:00,0.405,460,0
2/24/2020 12:00,0.404,460,0
2/24/2020 13:00,0.405,460,0
2/24/2020 14:00,0.404,460,0
2/24/2020 15:00,0.405,460,0
2/24/2020 16:00,0.405,460,0
2/24/2020 17:00,0.406,460,0
2/24/2020 18:00,0.406,460,0
2/24/2020 19:00,0.407,460,0
2/24/2020 20:00,0.408,460,0
2/24/2020 21:00,0.407,460,0
2/24/2020 22:00,0.408,460,0
2/24/2020 23:00,0.408,460,0
2/25/2020 0:00,0.407,460,0
2/25/2020 1:00,0.407,460,0
2/25/2020 2:00,0.407,460,0
2/25/2020 3:00,0.406,460,0
2/25/2020 4:00,0.406,460,0
2/25/2020 5:00,0.406,460,0
2/25/2020 6:00,0.405,460,0
2/25/2020 7:00,0.405,460,0
2/25/2020 8:00,0.404,460,0
2/25/2020 9:00,0.404,460,0
2/25/2020 10:00,0.404,460,0
2/25/2020 11:00,0.403,460,0
2/25/2020 12:00,0.403,460,0
2/25/2020 13:00,0.403,460,0
2/25/2020 14:00,0.403,460,0
2/25/2020 15:00,0.403,460,0
2/25/2020 16:00,0.404,460,0
2/25/2020 17:00,0.405,460,0
2/25/2020 18:00,0.405,460,0
2/25/2020 19:00,0.406,460,0
2/25/2020 20:00,0.407,460,0
2/25/2020 21:00,0.407,460,0
2/25/2020 22:00,0.406,460,0
2/25/2020 23:00,0.407,460,0
2/26/2020 0:00,0.407,460,0
2/26/2020 1:00,0.406,460,0
2/26/2020 2:00,0.406,460,0
2/26/2020 3:00,0.406,460,0
2/26/2020 4:00,0.406,460,0
2/26/2020 5:00,0.405,460,0
2/26/2020 6:00,0.405,460,0
2/26/2020 7:00,0.405,460,0
2/26/2020 8:00,0.404,460,0
2/26/2020 9:00,0.404,460,0
2/26/2020 10:00,0.404,460,0
2/26/2020 11:00,0.404,460,0
2/26/2020 12:00,0.403,460,0
2/26/2020 13:00,0.403,460,0
2/26/2020 14:00,0.403,460,0
2/26/2020 15:00,0.404,460,0
2/26/2020 16:00,0.404,460,0
2/26/2020 17:00,0.405,460,0
2/26/2020 18:00,0.405,460,0
2/26/2020 19:00,0.406,460,0
2/26/2020 20:00,0.407,460,0
2/26/2020 21:00,0.407,460,0
2/26/2020 22:00,0.407,460,0
2/26/2020 23:00,0.407,460,0
2/27/2020 0:00,0.407,460,0
2/27/2020 1:00,0.407,460,0
2/27/2020 2:00,0.406,460,0
2/27/2020 3:00,0.406,460,0
2/27/2020 4:00,0.406,460,0
2/27/2020 5:00,0.405,460,0
2/27/2020 6:00,0.405,460,0
2/27/2020 7:00,0.404,460,0
2/27/2020 8:00,0.404,460,0
2/27/2020 9:00,0.404,460,0
2/27/2020 10:00,0.404,460,0
2/27/2020 11:00,0.404,460,0
2/27/2020 12:00,0.403,460,0
2/27/2020 13:00,0.403,460,0
2/27/2020 14:00,0.403,460,0
2/27/2020 15:00,0.404,460,0
2/27/2020 16:00,0.404,460,0
2/27/2020 17:00,0.405,460,0
2/27/2020 18:00,0.406,460,0
2/27/2020 19:00,0.406,460,0
2/27/2020 20:00,0.407,460,0
2/27/2020 21:00,0.407,460,0
2/27/2020 22:00,0.407,460,0
2/27/2020 23:00,0.407,460,0
2/28/2020 0:00,0.407,460,0
2/28/2020 1:00,0.406,460,0
2/28/2020 2:00,0.407,460,0
2/28/2020 3:00,0.406,460,0
2/28/2020 4:00,0.406,460,0
2/28/2020 5:00,0.406,460,0
2/28/2020 6:00,0.405,460,0
2/28/2020 7:00,0.405,460,0
2/28/2020 8:00,0.404,460,0
2/28/2020 9:00,0.404,460,0
2/28/2020 10:00,0.404,460,0
2/28/2020 11:00,0.404,460,0
2/28/2020 12:00,0.404,460,0
2/28/2020 13:00,0.404,460,0
2/28/2020 14:00,0.404,460,0
2/28/2020 15:00,0.404,460,0
2/28/2020 16:00,0.405,460,0
2/28/2020 17:00,0.405,460,0
2/28/2020 18:00,0.406,460,0
2/28/2020 19:00,0.406,460,0
2/28/2020 20:00,0.407,460,0
2/28/2020 21:00,0.407,460,0
2/28/2020 22:00,0.408,460,0
2/28/2020 23:00,0.408,460,0
2/29/2020 0:00,0.407,460,0
2/29/2020 1:00,0.407,460,0
2/29/2020 2:00,0.407,460,0
2/29/2020 3:00,0.406,460,0
2/29/2020 4:00,0.406,460,0
2/29/2020 5:00,0.406,460,0
2/29/2020 6:00,0.406,460,0
2/29/2020 7:00,0.406,460,0
2/29/2020 8:00,0.406,460,0
2/29/2020 9:00,0.405,460,0
2/29/2020 10:00,0.405,460,0
2/29/2020 11:00,0.405,460,0
2/29/2020 12:00,0.404,460,0
2/29/2020 13:00,0.405,460,0
2/29/2020 14:00,0.405,460,0
2/29/2020 15:00,0.405,460,0
2/29/2020 16:00,0.404,460,0
2/29/2020 17:00,0.405,460,0
2/29/2020 18:00,0.405,460,0
2/29/2020 19:00,0.406,460,0
2/29/2020 20:00,0.405,460,0
2/29/2020 21:00,0.406,460,0
2/29/2020 22:00,0.406,460,0
2/29/2020 23:00,0.405,460,0
3/1/2020 0:00,0.405,460,0
3/1/2020 1:00,0.404,460,0
3/1/2020 2:00,0.404,460,0
3/1/2020 3:00,0.404,460,0
3/1/2020 4:00,0.403,460,0
3/1/2020 5:00,0.403,460,0
3/1/2020 6:00,0.402,460,0
3/1/2020 7:00,0.402,460,0
3/1/2020 8:00,0.402,460,0
3/1/2020 9:00,0.402,460,0
3/1/2020 10:00,0.402,460,0
3/1/2020 11:00,0.402,460,0
3/1/2020 12:00,0.401,460,0
3/1/2020 13:00,0.401,460,0
3/1/2020 14:00,0.401,460,0
3/1/2020 15:00,0.401,460,0
3/1/2020 16:00,0.401,460,0
3/1/2020 17:00,0.401,460,0
3/1/2020 18:00,0.402,460,0
3/1/2020 19:00,0.402,460,0
3/1/2020 20:00,0.402,460,0
3/1/2020 21:00,0.402,460,0
3/1/2020 22:00,0.402,460,0
3/1/2020 23:00,0.402,460,0
3/2/2020 0:00,0.401,460,0
3/2/2020 1:00,0.401,460,0
3/2/2020 2:00,0.401,460,0
3/2/2020 3:00,0.4,460,0
3/2/2020 4:00,0.4,460,0
3/2/2020 5:00,0.4,460,0
3/2/2020 6:00,0.4,460,0
3/2/2020 7:00,0.399,460,0
3/2/2020 8:00,0.398,460,0
3/2/2020 9:00,0.398,460,0
3/2/2020 10:00,0.398,460,0
3/2/2020 11:00,0.398,460,0
3/2/2020 12:00,0.398,460,0
3/2/2020 13:00,0.397,460,0
3/2/2020 14:00,0.398,460,0
3/2/2020 15:00,0.398,460,0
3/2/2020 16:00,0.398,460,0
3/2/2020 17:00,0.398,460,0
3/2/2020 18:00,0.399,460,0
3/2/2020 19:00,0.4,460,0
3/2/2020 20:00,0.401,460,0
3/2/2020 21:00,0.401,460,0
3/2/2020 22:00,0.401,460,0
3/2/2020 23:00,0.401,460,0
3/3/2020 0:00,0.401,460,0
3/3/2020 1:00,0.401,460,0
3/3/2020 2:00,0.401,460,0
3/3/2020 3:00,0.4,460,0
3/3/2020 4:00,0.4,460,0
3/3/2020 5:00,0.4,460,0
3/3/2020 6:00,0.4,460,0
3/3/2020 7:00,0.399,460,0
3/3/2020 8:00,0.399,460,0
3/3/2020 9:00,0.399,460,0
3/3/2020 10:00,0.399,460,0
3/3/2020 11:00,0.398,460,0
3/3/2020 12:00,0.399,460,0
3/3/2020 13:00,0.399,460,0
3/3/2020 14:00,0.399,460,0
3/3/2020 15:00,0.399,460,0
3/3/2020 16:00,0.4,460,0
3/3/2020 17:00,0.401,460,0
3/3/2020 18:00,0.402,460,0
3/3/2020 19:00,0.402,460,0
3/3/2020 20:00,0.403,460,0
3/3/2020 21:00,0.404,460,0
3/3/2020 22:00,0.404,460,0
3/3/2020 23:00,0.404,460,0
3/4/2020 0:00,0.403,460,0
3/4/2020 1:00,0.403,460,0
3/4/2020 2:00,0.402,460,0
3/4/2020 3:00,0.403,460,0
3/4/2020 4:00,0.402,460,0
3/4/2020 5:00,0.402,460,0
3/4/2020 6:00,0.401,460,0
3/4/2020 7:00,0.401,460,0
3/4/2020 8:00,0.401,460,0
3/4/2020 9:00,0.4,460,0
3/4/2020 10:00,0.401,460,0
3/4/2020 11:00,0.4,460,0
3/4/2020 12:00,0.4,460,0
3/4/2020 13:00,0.4,460,0
3/4/2020 14:00,0.4,460,0
3/4/2020 15:00,0.4,460,0
3/4/2020 16:00,0.401,460,0
3/4/2020 17:00,0.402,460,0
3/4/2020 18:00,0.403,460,0
3/4/2020 19:00,0.404,460,0
3/4/2020 20:00,0.405,460,0
3/4/2020 21:00,0.405,460,0
3/4/2020 22:00,0.405,460,0
3/4/2020 23:00,0.405,460,0
3/5/2020 0:00,0.405,460,0
3/5/2020 1:00,0.405,460,0
3/5/2020 2:00,0.404,460,0
3/5/2020 3:00,0.404,460,0
3/5/2020 4:00,0.403,460,0
3/5/2020 5:00,0.403,460,0
3/5/2020 6:00,0.402,460,0
3/5/2020 7:00,0.402,460,0
3/5/2020 8:00,0.402,460,0
3/5/2020 9:00,0.401,460,0
3/5/2020 10:00,0.401,460,0
3/5/2020 11:00,0.401,460,0
3/5/2020 12:00,0.4,460,0
3/5/2020 13:00,0.4,460,0
3/5/2020 14:00,0.4,460,0
3/5/2020 15:00,0.401,460,0
3/5/2020 16:00,0.401,460,0
3/5/2020 17:00,0.402,460,0
3/5/2020 18:00,0.403,460,0
3/5/2020 19:00,0.404,460,0
3/5/2020 20:00,0.404,460,0
3/5/2020 21:00,0.405,460,0
3/5/2020 22:00,0.404,460,0
3/5/2020 23:00,0.405,460,0
3/6/2020 0:00,0.404,460,0
3/6/2020 1:00,0.404,460,0
3/6/2020 2:00,0.404,460,0
3/6/2020 3:00,0.404,460,0
3/6/2020 4:00,0.404,460,0
3/6/2020 5:00,0.404,460,0
3/6/2020 6:00,0.404,460,0
3/6/2020 7:00,0.404,460,0
3/6/2020 8:00,0.404,460,0
3/6/2020 9:00,0.403,460,0
3/6/2020 10:00,0.403,460,0
3/6/2020 11:00,0.404,460,0
3/6/2020 12:00,0.403,460,0
3/6/2020 13:00,0.403,460,0
3/6/2020 14:00,0.403,460,0
3/6/2020 15:00,0.404,460,0
3/6/2020 16:00,0.404,460,0
3/6/2020 17:00,0.404,460,0
3/6/2020 18:00,0.405,460,0
3/6/2020 19:00,0.405,460,0
3/6/2020 20:00,0.405,460,0
3/6/2020 21:00,0.406,460,0
3/6/2020 22:00,0.406,460,0
3/6/2020 23:00,0.406,460,0
3/7/2020 0:00,0.405,460,0
3/7/2020 1:00,0.405,460,0
3/7/2020 2:00,0.405,460,0
3/7/2020 3:00,0.404,460.1,1
3/7/2020 4:00,0.404,460.2,1
3/7/2020 5:00,0.405,460.3,1
3/7/2020 6:00,0.406,460.5,2
3/7/2020 7:00,0.407,460.5,0
3/7/2020 8:00,0.407,460.5,0
3/7/2020 9:00,0.407,460.6,1
3/7/2020 10:00,0.408,460.7,1
3/7/2020 11:00,0.409,460.7,0
3/7/2020 12:00,0.408,460.7,0
3/7/2020 13:00,0.408,460.7,0
3/7/2020 14:00,0.408,460.7,0
3/7/2020 15:00,0.409,460.7,0
3/7/2020 16:00,0.409,460.7,0
3/7/2020 17:00,0.409,460.7,0
3/7/2020 18:00,0.41,460.8,1
3/7/2020 19:00,0.411,461,2
3/7/2020 20:00,0.412,461,0
3/7/2020 21:00,0.413,461,0
3/7/2020 22:00,0.412,461,0
3/7/2020 23:00,0.412,461,0
3/8/2020 0:00,0.411,461,0
3/8/2020 1:00,0.411,461,0
3/8/2020 2:00,0.41,461,0
3/8/2020 3:00,0.409,461,0
3/8/2020 4:00,0.409,461,0
3/8/2020 5:00,0.408,461,0
3/8/2020 6:00,0.408,461,0
3/8/2020 7:00,0.408,461,0
3/8/2020 8:00,0.407,461,0
3/8/2020 9:00,0.407,461,0
3/8/2020 10:00,0.406,461,0
3/8/2020 11:00,0.406,461,0
3/8/2020 12:00,0.406,461,0
3/8/2020 13:00,0.406,461,0
3/8/2020 14:00,0.406,461,0
3/8/2020 15:00,0.407,461,0
3/8/2020 16:00,0.407,461,0
3/8/2020 17:00,0.408,461,0
3/8/2020 18:00,0.408,461,0
3/8/2020 19:00,0.409,461,0
3/8/2020 20:00,0.409,461,0
3/8/2020 21:00,0.409,461,0
3/8/2020 22:00,0.409,461,0
3/8/2020 23:00,0.408,461,0
3/9/2020 0:00,0.408,461,0
3/9/2020 1:00,0.408,461,0
3/9/2020 2:00,0.408,461,0
3/9/2020 3:00,0.408,461,0
3/9/2020 4:00,0.407,461,0
3/9/2020 5:00,0.407,461,0
3/9/2020 6:00,0.406,461,0
3/9/2020 7:00,0.406,461,0
3/9/2020 8:00,0.406,461,0
3/9/2020 9:00,0.405,461,0
3/9/2020 10:00,0.405,461,0
3/9/2020 11:00,0.405,461,0
3/9/2020 12:00,0.405,461,0
3/9/2020 13:00,0.405,461,0
3/9/2020 14:00,0.405,461,0
3/9/2020 15:00,0.405,461,0
3/9/2020 16:00,0.405,461,0
3/9/2020 17:00,0.406,461,0
3/9/2020 18:00,0.407,461,0
3/9/2020 19:00,0.407,461,0
3/9/2020 20:00,0.408,461,0
3/9/2020 21:00,0.408,461,0
3/9/2020 22:00,0.408,461,0
3/9/2020 23:00,0.408,461,0
3/10/2020 0:00,0.407,461,0
3/10/2020 1:00,0.407,461,0
3/10/2020 2:00,0.407,461,0
3/10/2020 3:00,0.407,461,0
3/10/2020 4:00,0.406,461,0
3/10/2020 5:00,0.406,461,0
3/10/2020 6:00,0.406,461,0
3/10/2020 7:00,0.405,461,0
3/10/2020 8:00,0.404,461,0
3/10/2020 9:00,0.404,461,0
3/10/2020 10:00,0.404,461,0
3/10/2020 11:00,0.404,461,0
3/10/2020 12:00,0.404,461,0
3/10/2020 13:00,0.404,461,0
3/10/2020 14:00,0.403,461,0
3/10/2020 15:00,0.404,461,0
3/10/2020 16:00,0.404,461,0
3/10/2020 17:00,0.405,461,0
3/10/2020 18:00,0.406,461,0
3/10/2020 19:00,0.407,461,0
3/10/2020 20:00,0.407,461,0
3/10/2020 21:00,0.408,461,0
3/10/2020 22:00,0.408,461,0
3/10/2020 23:00,0.408,461,0
3/11/2020 0:00,0.408,461,0
3/11/2020 1:00,0.407,461,0
3/11/2020 2:00,0.407,461,0
3/11/2020 3:00,0.406,461,0
3/11/2020 4:00,0.406,461,0
3/11/2020 5:00,0.406,461,0
3/11/2020 6:00,0.405,461,0
3/11/2020 7:00,0.405,461,0
3/11/2020 8:00,0.405,461,0
3/11/2020 9:00,0.405,461,0
3/11/2020 10:00,0.404,461,0
3/11/2020 11:00,0.404,461,0
3/11/2020 12:00,0.404,461,0
3/11/2020 13:00,0.404,461,0
3/11/2020 14:00,0.404,461,0
3/11/2020 15:00,0.404,461,0
3/11/2020 16:00,0.405,461,0
3/11/2020 17:00,0.406,461,0
3/11/2020 18:00,0.406,461,0
3/11/2020 19:00,0.407,461,0
3/11/2020 20:00,0.407,461,0
3/11/2020 21:00,0.408,461,0
3/11/2020 22:00,0.408,461,0
3/11/2020 23:00,0.408,461,0
3/12/2020 0:00,0.408,461,0
3/12/2020 1:00,0.407,461,0
3/12/2020 2:00,0.407,461,0
3/12/2020 3:00,0.407,461,0
3/12/2020 4:00,0.406,461,0
3/12/2020 5:00,0.406,461,0
3/12/2020 6:00,0.406,461,0
3/12/2020 7:00,0.405,461,0
3/12/2020 8:00,0.405,461,0
3/12/2020 9:00,0.404,461,0
3/12/2020 10:00,0.404,461,0
3/12/2020 11:00,0.404,461,0
3/12/2020 12:00,0.403,461,0
3/12/2020 13:00,0.404,461,0
3/12/2020 14:00,0.404,461,0
3/12/2020 15:00,0.404,461,0
3/12/2020 16:00,0.404,461,0
3/12/2020 17:00,0.405,461,0
3/12/2020 18:00,0.406,461,0
3/12/2020 19:00,0.407,461,0
3/12/2020 20:00,0.407,461,0
3/12/2020 21:00,0.408,461,0
3/12/2020 22:00,0.408,461,0
3/12/2020 23:00,0.408,461,0
3/13/2020 0:00,0.408,461,0
3/13/2020 1:00,0.407,461,0
3/13/2020 2:00,0.407,461,0
3/13/2020 3:00,0.406,461,0
3/13/2020 4:00,0.406,461,0
3/13/2020 5:00,0.405,461,0
3/13/2020 6:00,0.406,461,0
3/13/2020 7:00,0.405,461,0
3/13/2020 8:00,0.404,461,0
3/13/2020 9:00,0.404,461,0
3/13/2020 10:00,0.404,461,0
3/13/2020 11:00,0.403,461,0
3/13/2020 12:00,0.403,461,0
3/13/2020 13:00,0.402,461,0
3/13/2020 14:00,0.403,461,0
3/13/2020 15:00,0.403,461,0
3/13/2020 16:00,0.404,461,0
3/13/2020 17:00,0.404,461,0
3/13/2020 18:00,0.405,461,0
3/13/2020 19:00,0.406,461,0
3/13/2020 20:00,0.406,461,0
3/13/2020 21:00,0.406,461,0
3/13/2020 22:00,0.406,461.1,1
3/13/2020 23:00,0.406,461.2,1
3/14/2020 0:00,0.408,461.4,2
3/14/2020 1:00,0.408,461.4,0
3/14/2020 2:00,0.409,461.4,0
3/14/2020 3:00,0.408,461.4,0
3/14/2020 4:00,0.407,461.6,2
3/14/2020 5:00,0.408,461.6,0
3/14/2020 6:00,0.409,461.7,1
3/14/2020 7:00,0.409,461.7,0
3/14/2020 8:00,0.41,461.9,2
3/14/2020 9:00,0.412,461.9,0
3/14/2020 10:00,0.412,462,1
3/14/2020 11:00,0.412,462,0
3/14/2020 12:00,0.412,462,0
3/14/2020 13:00,0.412,462,0
3/14/2020 14:00,0.412,462.1,1
3/14/2020 15:00,0.412,462.1,0
3/14/2020 16:00,0.412,462.1,0
3/14/2020 17:00,0.414,462.3,2
3/14/2020 18:00,0.415,462.4,1
3/14/2020 19:00,0.418,462.4,0
3/14/2020 20:00,0.419,462.6,2
3/14/2020 21:00,0.42,462.6,0
3/14/2020 22:00,0.421,462.8,2
3/14/2020 23:00,0.421,462.8,0
3/15/2020 0:00,0.421,462.8,0
3/15/2020 1:00,0.421,462.9,1
3/15/2020 2:00,0.423,463.1,2
3/15/2020 3:00,0.426,463.3,2
3/15/2020 4:00,0.429,463.4,1
3/15/2020 5:00,0.429,463.4,0
3/15/2020 6:00,0.429,463.5,1
3/15/2020 7:00,0.429,463.5,0
3/15/2020 8:00,0.429,463.5,0
3/15/2020 9:00,0.428,463.5,0
3/15/2020 10:00,0.428,463.9,4
3/15/2020 11:00,0.428,464.1,2
3/15/2020 12:00,0.428,464.1,0
3/15/2020 13:00,0.428,464.2,1
3/15/2020 14:00,0.429,464.4,2
3/15/2020 15:00,0.429,464.4,0
3/15/2020 16:00,0.429,464.4,0
3/15/2020 17:00,0.429,464.4,0
3/15/2020 18:00,0.429,464.4,0
3/15/2020 19:00,0.429,464.4,0
3/15/2020 20:00,0.43,464.4,0
3/15/2020 21:00,0.43,464.4,0
3/15/2020 22:00,0.43,464.4,0
3/15/2020 23:00,0.43,464.4,0
3/16/2020 0:00,0.429,464.4,0
3/16/2020 1:00,0.429,464.4,0
3/16/2020 2:00,0.429,464.4,0
3/16/2020 3:00,0.429,464.4,0
3/16/2020 4:00,0.429,464.4,0
3/16/2020 5:00,0.428,464.4,0
3/16/2020 6:00,0.428,464.4,0
3/16/2020 7:00,0.428,464.4,0
3/16/2020 8:00,0.427,464.4,0
3/16/2020 9:00,0.427,464.4,0
3/16/2020 10:00,0.427,464.4,0
3/16/2020 11:00,0.426,464.4,0
3/16/2020 12:00,0.426,464.4,0
3/16/2020 13:00,0.425,464.4,0
3/16/2020 14:00,0.426,464.4,0
3/16/2020 15:00,0.425,464.4,0
3/16/2020 16:00,0.426,464.4,0
3/16/2020 17:00,0.427,464.4,0
3/16/2020 18:00,0.427,464.4,0
3/16/2020 19:00,0.428,464.4,0
3/16/2020 20:00,0.428,464.4,0
3/16/2020 21:00,0.428,464.5,1
3/16/2020 22:00,0.428,464.5,0
3/16/2020 23:00,0.429,464.6,1
3/17/2020 0:00,0.431,464.6,0
3/17/2020 1:00,0.43,464.8,2
3/17/2020 2:00,0.431,464.9,1
3/17/2020 3:00,0.431,465.1,2
3/17/2020 4:00,0.43,465.1,0
3/17/2020 5:00,0.43,465.2,1
3/17/2020 6:00,0.43,465.2,0
3/17/2020 7:00,0.43,465.3,1
3/17/2020 8:00,0.429,465.4,1
3/17/2020 9:00,0.429,465.5,1
3/17/2020 10:00,0.429,465.5,0
3/17/2020 11:00,0.429,465.5,0
3/17/2020 12:00,0.429,465.5,0
3/17/2020 13:00,0.43,465.6,1
3/17/2020 14:00,0.43,465.6,0
3/17/2020 15:00,0.43,465.7,1
3/17/2020 16:00,0.43,465.8,1
3/17/2020 17:00,0.43,465.9,1
3/17/2020 18:00,0.43,466,1
3/17/2020 19:00,0.431,466.2,2
3/17/2020 20:00,0.431,466.2,0
3/17/2020 21:00,0.43,466.2,0
3/17/2020 22:00,0.43,466.3,1
3/17/2020 23:00,0.43,466.3,0
3/18/2020 0:00,0.43,466.3,0
3/18/2020 1:00,0.43,466.3,0
3/18/2020 2:00,0.43,466.4,1
3/18/2020 3:00,0.43,466.4,0
3/18/2020 4:00,0.43,466.4,0
3/18/2020 5:00,0.43,466.4,0
3/18/2020 6:00,0.429,466.4,0
3/18/2020 7:00,0.429,466.4,0
3/18/2020 8:00,0.429,466.4,0
3/18/2020 9:00,0.429,466.4,0
3/18/2020 10:00,0.43,466.4,0
3/18/2020 11:00,0.429,466.4,0
3/18/2020 12:00,0.429,466.4,0
3/18/2020 13:00,0.43,466.4,0
3/18/2020 14:00,0.43,466.4,0
3/18/2020 15:00,0.43,466.4,0
3/18/2020 16:00,0.431,466.4,0
3/18/2020 17:00,0.432,466.5,1
3/18/2020 18:00,0.433,466.5,0
3/18/2020 19:00,0.433,466.5,0
3/18/2020 20:00,0.434,466.5,0
3/18/2020 21:00,0.434,466.5,0
3/18/2020 22:00,0.435,466.5,0
3/18/2020 23:00,0.435,466.5,0
3/19/2020 0:00,0.434,466.5,0
3/19/2020 1:00,0.434,466.5,0
3/19/2020 2:00,0.434,466.5,0
3/19/2020 3:00,0.434,466.5,0
3/19/2020 4:00,0.433,466.5,0
3/19/2020 5:00,0.433,466.5,0
3/19/2020 6:00,0.433,466.5,0
3/19/2020 7:00,0.432,466.5,0
3/19/2020 8:00,0.432,466.5,0
3/19/2020 9:00,0.431,466.5,0
3/19/2020 10:00,0.431,466.5,0
3/19/2020 11:00,0.431,466.5,0
3/19/2020 12:00,0.431,466.5,0
3/19/2020 13:00,0.431,466.5,0
3/19/2020 14:00,0.431,466.5,0
3/19/2020 15:00,0.431,466.5,0
3/19/2020 16:00,0.431,466.5,0
3/19/2020 17:00,0.432,466.5,0
3/19/2020 18:00,0.433,466.5,0
3/19/2020 19:00,0.433,466.5,0
3/19/2020 20:00,0.433,466.5,0
3/19/2020 21:00,0.434,466.5,0
3/19/2020 22:00,0.434,466.5,0
3/19/2020 23:00,0.434,466.5,0
3/20/2020 0:00,0.433,466.5,0
3/20/2020 1:00,0.434,466.5,0
3/20/2020 2:00,0.431,466.5,0
3/20/2020 3:00,0.43,466.5,0
3/20/2020 4:00,0.43,466.5,0
3/20/2020 5:00,0.43,466.5,0
3/20/2020 6:00,0.429,466.5,0
3/20/2020 7:00,0.429,466.5,0
3/20/2020 8:00,0.428,466.5,0
3/20/2020 9:00,0.428,466.5,0
3/20/2020 10:00,0.428,466.5,0
3/20/2020 11:00,0.427,466.5,0
3/20/2020 12:00,0.427,466.5,0
3/20/2020 13:00,0.427,466.5,0
3/20/2020 14:00,0.427,466.5,0
3/20/2020 15:00,0.424,466.5,0
3/20/2020 16:00,0.425,466.5,0
3/20/2020 17:00,0.425,466.5,0
3/20/2020 18:00,0.425,466.5,0
3/20/2020 19:00,0.426,466.5,0
3/20/2020 20:00,0.426,466.5,0
3/20/2020 21:00,0.426,466.5,0
3/20/2020 22:00,0.426,466.5,0
3/20/2020 23:00,0.426,466.5,0
3/21/2020 0:00,0.426,466.5,0
3/21/2020 1:00,0.425,466.5,0
3/21/2020 2:00,0.425,466.5,0
3/21/2020 3:00,0.425,466.5,0
3/21/2020 4:00,0.424,466.5,0
3/21/2020 5:00,0.425,466.5,0
3/21/2020 6:00,0.424,466.5,0
3/21/2020 7:00,0.423,466.5,0
3/21/2020 8:00,0.423,466.5,0
3/21/2020 9:00,0.423,466.5,0
3/21/2020 10:00,0.423,466.5,0
3/21/2020 11:00,0.423,466.5,0
3/21/2020 12:00,0.422,466.5,0
3/21/2020 13:00,0.422,466.5,0
3/21/2020 14:00,0.421,466.5,0
3/21/2020 15:00,0.422,466.5,0
3/21/2020 16:00,0.422,466.5,0
3/21/2020 17:00,0.422,466.5,0
3/21/2020 18:00,0.423,466.5,0
3/21/2020 19:00,0.423,466.5,0
3/21/2020 20:00,0.424,466.5,0
3/21/2020 21:00,0.424,466.5,0
3/21/2020 22:00,0.424,466.5,0
3/21/2020 23:00,0.424,466.5,0
3/22/2020 0:00,0.424,466.5,0
3/22/2020 1:00,0.424,466.5,0
3/22/2020 2:00,0.423,466.5,0
3/22/2020 3:00,0.423,466.5,0
3/22/2020 4:00,0.423,466.5,0
3/22/2020 5:00,0.422,466.5,0
3/22/2020 6:00,0.422,466.5,0
3/22/2020 7:00,0.422,466.5,0
3/22/2020 8:00,0.421,466.5,0
3/22/2020 9:00,0.421,466.5,0
3/22/2020 10:00,0.421,466.5,0
3/22/2020 11:00,0.42,466.5,0
3/22/2020 12:00,0.42,466.5,0
3/22/2020 13:00,0.42,466.5,0
3/22/2020 14:00,0.42,466.5,0
3/22/2020 15:00,0.42,466.5,0
3/22/2020 16:00,0.421,466.5,0
3/22/2020 17:00,0.421,466.5,0
3/22/2020 18:00,0.422,466.5,0
3/22/2020 19:00,0.423,466.5,0
3/22/2020 20:00,0.423,466.5,0
3/22/2020 21:00,0.424,466.5,0
3/22/2020 22:00,0.424,466.5,0
3/22/2020 23:00,0.424,466.5,0
3/23/2020 0:00,0.424,466.5,0
3/23/2020 1:00,0.423,466.5,0
3/23/2020 2:00,0.423,466.5,0
3/23/2020 3:00,0.423,466.5,0
3/23/2020 4:00,0.422,466.5,0
3/23/2020 5:00,0.422,466.5,0
3/23/2020 6:00,0.421,466.5,0
3/23/2020 7:00,0.421,466.5,0
3/23/2020 8:00,0.421,466.5,0
3/23/2020 9:00,0.421,466.5,0
3/23/2020 10:00,0.421,466.5,0
3/23/2020 11:00,0.421,466.5,0
3/23/2020 12:00,0.421,466.5,0
3/23/2020 13:00,0.421,466.5,0
3/23/2020 14:00,0.421,466.5,0
3/23/2020 15:00,0.421,466.5,0
3/23/2020 16:00,0.421,466.5,0
3/23/2020 17:00,0.421,466.5,0
3/23/2020 18:00,0.422,466.5,0
3/23/2020 19:00,0.422,466.5,0
3/23/2020 20:00,0.422,466.5,0
3/23/2020 21:00,0.421,466.5,0
3/23/2020 22:00,0.421,466.5,0
3/23/2020 23:00,0.421,466.5,0
3/24/2020 0:00,0.421,466.5,0
3/24/2020 1:00,0.421,466.5,0
3/24/2020 2:00,0.421,466.5,0
3/24/2020 3:00,0.421,466.6,1
3/24/2020 4:00,0.42,466.6,0
3/24/2020 5:00,0.421,466.7,1
3/24/2020 6:00,0.421,466.7,0
3/24/2020 7:00,0.421,466.7,0
3/24/2020 8:00,0.421,466.7,0
3/24/2020 9:00,0.42,466.8,1
3/24/2020 10:00,0.424,466.9,1
3/24/2020 11:00,0.424,466.9,0
3/24/2020 12:00,0.424,466.9,0
3/24/2020 13:00,0.427,467.1,2
3/24/2020 14:00,0.429,467.3,2
3/24/2020 15:00,0.431,467.4,1
3/24/2020 16:00,0.432,467.4,0
3/24/2020 17:00,0.433,467.4,0
3/24/2020 18:00,0.433,467.4,0
3/24/2020 19:00,0.433,467.5,1
3/24/2020 20:00,0.433,467.8,3
3/24/2020 21:00,0.434,467.8,0
3/24/2020 22:00,0.434,467.8,0
3/24/2020 23:00,0.434,467.9,1
3/25/2020 0:00,0.433,467.9,0
3/25/2020 1:00,0.433,467.9,0
3/25/2020 2:00,0.433,467.9,0
3/25/2020 3:00,0.433,467.9,0
3/25/2020 4:00,0.432,467.9,0
3/25/2020 5:00,0.432,467.9,0
3/25/2020 6:00,0.432,467.9,0
3/25/2020 7:00,0.431,467.9,0
3/25/2020 8:00,0.431,467.9,0
3/25/2020 9:00,0.431,467.9,0
3/25/2020 10:00,0.431,467.9,0
3/25/2020 11:00,0.431,467.9,0
3/25/2020 12:00,0.431,467.9,0
3/25/2020 13:00,0.431,467.9,0
3/25/2020 14:00,0.431,467.9,0
3/25/2020 15:00,0.432,467.9,0
3/25/2020 16:00,0.432,467.9,0
3/25/2020 17:00,0.433,467.9,0
3/25/2020 18:00,0.433,467.9,0
3/25/2020 19:00,0.434,467.9,0
3/25/2020 20:00,0.434,467.9,0
3/25/2020 21:00,0.434,467.9,0
3/25/2020 22:00,0.434,467.9,0
3/25/2020 23:00,0.434,467.9,0
3/26/2020 0:00,0.433,467.9,0
3/26/2020 1:00,0.433,467.9,0
3/26/2020 2:00,0.433,467.9,0
3/26/2020 3:00,0.432,467.9,0
3/26/2020 4:00,0.431,467.9,0
3/26/2020 5:00,0.43,467.9,0
3/26/2020 6:00,0.43,467.9,0
3/26/2020 7:00,0.429,467.9,0
3/26/2020 8:00,0.429,467.9,0
3/26/2020 9:00,0.426,467.9,0
3/26/2020 10:00,0.425,468,1
3/26/2020 11:00,0.425,468,0
3/26/2020 12:00,0.425,468,0
3/26/2020 13:00,0.425,468,0
3/26/2020 14:00,0.424,468,0
3/26/2020 15:00,0.425,468,0
3/26/2020 16:00,0.425,468,0
3/26/2020 17:00,0.425,468,0
3/26/2020 18:00,0.426,468,0
3/26/2020 19:00,0.426,468,0
3/26/2020 20:00,0.426,468,0
3/26/2020 21:00,0.426,468,0
3/26/2020 22:00,0.426,468,0
3/26/2020 23:00,0.426,468,0
3/27/2020 0:00,0.425,468,0
3/27/2020 1:00,0.425,468,0
3/27/2020 2:00,0.424,468,0
3/27/2020 3:00,0.423,468,0
3/27/2020 4:00,0.423,468,0
3/27/2020 5:00,0.423,468,0
3/27/2020 6:00,0.422,468,0
3/27/2020 7:00,0.422,468,0
3/27/2020 8:00,0.421,468,0
3/27/2020 9:00,0.421,468,0
3/27/2020 10:00,0.421,468,0
3/27/2020 11:00,0.421,468,0
3/27/2020 12:00,0.421,468,0
3/27/2020 13:00,0.42,468,0
3/27/2020 14:00,0.421,468,0
3/27/2020 15:00,0.421,468,0
3/27/2020 16:00,0.421,468,0
3/27/2020 17:00,0.421,468,0
3/27/2020 18:00,0.422,468,0
3/27/2020 19:00,0.422,468,0
3/27/2020 20:00,0.422,468,0
3/27/2020 21:00,0.423,468,0
3/27/2020 22:00,0.423,468,0
3/27/2020 23:00,0.423,468,0
3/28/2020 0:00,0.423,468,0
3/28/2020 1:00,0.422,468,0
3/28/2020 2:00,0.422,468,0
3/28/2020 3:00,0.422,468,0
3/28/2020 4:00,0.421,468,0
3/28/2020 5:00,0.422,468.1,1
3/28/2020 6:00,0.422,468.1,0
3/28/2020 7:00,0.422,468.1,0
3/28/2020 8:00,0.423,468.2,1
3/28/2020 9:00,0.424,468.2,0
3/28/2020 10:00,0.426,468.3,1
3/28/2020 11:00,0.427,468.3,0
3/28/2020 12:00,0.427,468.3,0
3/28/2020 13:00,0.429,468.4,1
3/28/2020 14:00,0.429,468.4,0
3/28/2020 15:00,0.43,468.5,1
3/28/2020 16:00,0.432,468.7,2
3/28/2020 17:00,0.433,468.8,1
3/28/2020 18:00,0.434,469,2
3/28/2020 19:00,0.434,469.1,1
3/28/2020 20:00,0.434,469.2,1
3/28/2020 21:00,0.435,469.3,1
3/28/2020 22:00,0.435,469.3,0
3/28/2020 23:00,0.435,469.3,0
3/29/2020 0:00,0.435,469.3,0
3/29/2020 1:00,0.434,469.3,0
3/29/2020 2:00,0.434,469.3,0
3/29/2020 3:00,0.434,469.3,0
3/29/2020 4:00,0.434,469.3,0
3/29/2020 5:00,0.434,469.3,0
3/29/2020 6:00,0.434,469.3,0
3/29/2020 7:00,0.434,469.3,0
3/29/2020 8:00,0.434,469.3,0
3/29/2020 9:00,0.434,469.3,0
3/29/2020 10:00,0.434,469.3,0
3/29/2020 11:00,0.434,469.3,0
3/29/2020 12:00,0.434,469.3,0
3/29/2020 13:00,0.434,469.4,1
3/29/2020 14:00,0.435,469.4,0
3/29/2020 15:00,0.435,469.4,0
3/29/2020 16:00,0.435,469.5,1
3/29/2020 17:00,0.436,469.5,0
3/29/2020 18:00,0.437,469.5,0
3/29/2020 19:00,0.437,469.5,0
3/29/2020 20:00,0.437,469.5,0
3/29/2020 21:00,0.438,469.5,0
3/29/2020 22:00,0.438,469.5,0
3/29/2020 23:00,0.437,469.5,0
3/30/2020 0:00,0.437,469.5,0
3/30/2020 1:00,0.437,469.5,0
3/30/2020 2:00,0.437,469.5,0
3/30/2020 3:00,0.437,469.5,0
3/30/2020 4:00,0.437,469.5,0
3/30/2020 5:00,0.437,469.5,0
3/30/2020 6:00,0.436,469.5,0
3/30/2020 7:00,0.436,469.6,1
3/30/2020 8:00,0.436,469.6,0
3/30/2020 9:00,0.436,469.7,1
3/30/2020 10:00,0.436,469.7,0
3/30/2020 11:00,0.436,469.7,0
3/30/2020 12:00,0.436,469.7,0
3/30/2020 13:00,0.436,469.7,0
3/30/2020 14:00,0.436,469.7,0
3/30/2020 15:00,0.436,469.7,0
3/30/2020 16:00,0.437,469.9,2
3/30/2020 17:00,0.437,469.9,0
3/30/2020 18:00,0.437,469.9,0
3/30/2020 19:00,0.438,470,1
3/30/2020 20:00,0.438,470.1,1
3/30/2020 21:00,0.438,470.1,0
3/30/2020 22:00,0.438,470.1,0
3/30/2020 23:00,0.437,470.2,1
3/31/2020 0:00,0.438,470.3,1
3/31/2020 1:00,0.437,470.3,0
3/31/2020 2:00,0.437,470.4,1
3/31/2020 3:00,0.437,470.4,0
3/31/2020 4:00,0.437,470.4,0
3/31/2020 5:00,0.437,470.5,1
3/31/2020 6:00,0.437,470.6,1
3/31/2020 7:00,0.437,470.6,0
3/31/2020 8:00,0.437,470.6,0
3/31/2020 9:00,0.437,470.6,0
3/31/2020 10:00,0.437,470.7,1
3/31/2020 11:00,0.437,470.7,0
3/31/2020 12:00,0.437,470.7,0
3/31/2020 13:00,0.437,471,3
3/31/2020 14:00,0.437,471,0
3/31/2020 15:00,0.437,471.5,5
3/31/2020 16:00,0.437,471.6,1
3/31/2020 17:00,0.438,471.6,0
3/31/2020 18:00,0.438,471.6,0
3/31/2020 19:00,0.438,471.6,0
3/31/2020 20:00,0.438,471.6,0
3/31/2020 21:00,0.439,471.6,0
3/31/2020 22:00,0.439,471.6,0
3/31/2020 23:00,0.439,471.6,0
4/1/2020 0:00,0.439,471.6,0
4/1/2020 1:00,0.438,471.6,0
4/1/2020 2:00,0.438,471.6,0
4/1/2020 3:00,0.437,471.6,0
4/1/2020 4:00,0.437,471.6,0
4/1/2020 5:00,0.437,471.6,0
4/1/2020 6:00,0.436,471.6,0
4/1/2020 7:00,0.436,471.6,0
4/1/2020 8:00,0.435,471.6,0
4/1/2020 9:00,0.435,471.6,0
4/1/2020 10:00,0.435,471.6,0
4/1/2020 11:00,0.435,471.6,0
4/1/2020 12:00,0.435,471.6,0
4/1/2020 13:00,0.434,471.6,0
4/1/2020 14:00,0.434,471.6,0
4/1/2020 15:00,0.435,471.6,0
4/1/2020 16:00,0.435,471.6,0
4/1/2020 17:00,0.436,471.6,0
4/1/2020 18:00,0.437,471.6,0
4/1/2020 19:00,0.437,471.6,0
4/1/2020 20:00,0.438,471.6,0
4/1/2020 21:00,0.437,471.6,0
4/1/2020 22:00,0.438,471.6,0
4/1/2020 23:00,0.438,471.6,0
4/2/2020 0:00,0.437,471.6,0
4/2/2020 1:00,0.437,471.6,0
4/2/2020 2:00,0.437,471.6,0
4/2/2020 3:00,0.436,471.6,0
4/2/2020 4:00,0.435,471.6,0
4/2/2020 5:00,0.436,471.6,0
4/2/2020 6:00,0.435,471.6,0
4/2/2020 7:00,0.435,471.6,0
4/2/2020 8:00,0.434,471.6,0
4/2/2020 9:00,0.434,471.6,0
4/2/2020 10:00,0.434,471.6,0
4/2/2020 11:00,0.433,471.6,0
4/2/2020 12:00,0.433,471.6,0
4/2/2020 13:00,0.433,471.6,0
4/2/2020 14:00,0.433,471.6,0
4/2/2020 15:00,0.433,471.6,0
4/2/2020 16:00,0.434,471.6,0
4/2/2020 17:00,0.434,471.6,0
4/2/2020 18:00,0.435,471.6,0
4/2/2020 19:00,0.435,471.6,0
4/2/2020 20:00,0.436,471.6,0
4/2/2020 21:00,0.436,471.6,0
4/2/2020 22:00,0.434,471.6,0
4/2/2020 23:00,0.435,471.6,0
4/3/2020 0:00,0.435,471.6,0
4/3/2020 1:00,0.434,471.6,0
4/3/2020 2:00,0.434,471.6,0
4/3/2020 3:00,0.433,471.6,0
4/3/2020 4:00,0.433,471.6,0
4/3/2020 5:00,0.433,471.6,0
4/3/2020 6:00,0.432,471.6,0
4/3/2020 7:00,0.432,471.6,0
4/3/2020 8:00,0.431,471.6,0
4/3/2020 9:00,0.431,471.6,0
4/3/2020 10:00,0.431,471.6,0
4/3/2020 11:00,0.431,471.6,0
4/3/2020 12:00,0.431,471.6,0
4/3/2020 13:00,0.43,471.6,0
4/3/2020 14:00,0.43,471.6,0
4/3/2020 15:00,0.431,471.6,0
4/3/2020 16:00,0.431,471.6,0
4/3/2020 17:00,0.432,471.6,0
4/3/2020 18:00,0.432,471.6,0
4/3/2020 19:00,0.433,471.6,0
4/3/2020 20:00,0.433,471.6,0
4/3/2020 21:00,0.433,471.6,0
4/3/2020 22:00,0.433,471.6,0
4/3/2020 23:00,0.434,471.6,0
4/4/2020 0:00,0.433,471.6,0
4/4/2020 1:00,0.433,471.6,0
4/4/2020 2:00,0.432,471.6,0
4/4/2020 3:00,0.432,471.6,0
4/4/2020 4:00,0.432,471.6,0
4/4/2020 5:00,0.432,471.6,0
4/4/2020 6:00,0.432,471.6,0
4/4/2020 7:00,0.433,471.7,1
4/4/2020 8:00,0.434,471.8,1
4/4/2020 9:00,0.434,472.2,4
4/4/2020 10:00,0.435,472.9,7
4/4/2020 11:00,0.435,473.3,4
4/4/2020 12:00,0.435,473.5,2
4/4/2020 13:00,0.435,473.5,0
4/4/2020 14:00,0.435,473.7,2
4/4/2020 15:00,0.436,473.8,1
4/4/2020 16:00,0.436,473.9,1
4/4/2020 17:00,0.436,474,1
4/4/2020 18:00,0.437,474,0
4/4/2020 19:00,0.437,474.1,1
4/4/2020 20:00,0.436,474.1,0
4/4/2020 21:00,0.437,474.2,1
4/4/2020 22:00,0.437,474.2,0
4/4/2020 23:00,0.436,474.2,0
4/5/2020 0:00,0.436,474.2,0
4/5/2020 1:00,0.436,474.2,0
4/5/2020 2:00,0.436,474.2,0
4/5/2020 3:00,0.436,474.2,0
4/5/2020 4:00,0.436,474.3,1
4/5/2020 5:00,0.435,474.4,1
4/5/2020 6:00,0.435,474.4,0
4/5/2020 7:00,0.435,474.7,3
4/5/2020 8:00,0.435,475.1,4
4/5/2020 9:00,0.435,475.4,3
4/5/2020 10:00,0.435,475.4,0
4/5/2020 11:00,0.435,475.4,0
4/5/2020 12:00,0.435,475.4,0
4/5/2020 13:00,0.435,475.4,0
4/5/2020 14:00,0.436,475.6,2
4/5/2020 15:00,0.436,475.7,1
4/5/2020 16:00,0.437,475.7,0
4/5/2020 17:00,0.437,475.7,0
4/5/2020 18:00,0.438,475.8,1
4/5/2020 19:00,0.439,475.8,0
4/5/2020 20:00,0.439,475.8,0
4/5/2020 21:00,0.439,475.8,0
4/5/2020 22:00,0.439,475.8,0
4/5/2020 23:00,0.438,475.8,0
4/6/2020 0:00,0.438,475.8,0
4/6/2020 1:00,0.438,475.8,0
4/6/2020 2:00,0.438,475.8,0
4/6/2020 3:00,0.437,475.8,0
4/6/2020 4:00,0.437,475.8,0
4/6/2020 5:00,0.437,475.8,0
4/6/2020 6:00,0.436,475.8,0
4/6/2020 7:00,0.435,475.8,0
4/6/2020 8:00,0.435,475.8,0
4/6/2020 9:00,0.435,475.8,0
4/6/2020 10:00,0.435,475.8,0
4/6/2020 11:00,0.435,475.8,0
4/6/2020 12:00,0.434,475.8,0
4/6/2020 13:00,0.434,475.8,0
4/6/2020 14:00,0.435,475.8,0
4/6/2020 15:00,0.435,475.9,1
4/6/2020 16:00,0.436,475.9,0
4/6/2020 17:00,0.436,475.9,0
4/6/2020 18:00,0.437,475.9,0
4/6/2020 19:00,0.439,475.9,0
4/6/2020 20:00,0.439,475.9,0
4/6/2020 21:00,0.439,475.9,0
4/6/2020 22:00,0.439,475.9,0
4/6/2020 23:00,0.439,475.9,0
4/7/2020 0:00,0.439,475.9,0
4/7/2020 1:00,0.439,475.9,0
4/7/2020 2:00,0.439,475.9,0
4/7/2020 3:00,0.438,475.9,0
4/7/2020 4:00,0.438,475.9,0
4/7/2020 5:00,0.438,475.9,0
4/7/2020 6:00,0.437,475.9,0
4/7/2020 7:00,0.437,475.9,0
4/7/2020 8:00,0.437,475.9,0
4/7/2020 9:00,0.437,475.9,0
4/7/2020 10:00,0.437,475.9,0
4/7/2020 11:00,0.436,475.9,0
4/7/2020 12:00,0.436,475.9,0
4/7/2020 13:00,0.437,475.9,0
4/7/2020 14:00,0.436,475.9,0
4/7/2020 15:00,0.437,475.9,0
4/7/2020 16:00,0.437,475.9,0
4/7/2020 17:00,0.438,475.9,0
4/7/2020 18:00,0.439,475.9,0
4/7/2020 19:00,0.439,475.9,0
4/7/2020 20:00,0.44,475.9,0
4/7/2020 21:00,0.44,475.9,0
4/7/2020 22:00,0.44,475.9,0
4/7/2020 23:00,0.441,475.9,0
4/8/2020 0:00,0.44,475.9,0
4/8/2020 1:00,0.44,475.9,0
4/8/2020 2:00,0.439,475.9,0
4/8/2020 3:00,0.439,475.9,0
4/8/2020 4:00,0.439,475.9,0
4/8/2020 5:00,0.439,475.9,0
4/8/2020 6:00,0.439,475.9,0
4/8/2020 7:00,0.439,475.9,0
4/8/2020 8:00,0.438,475.9,0
4/8/2020 9:00,0.439,475.9,0
4/8/2020 10:00,0.439,475.9,0
4/8/2020 11:00,0.439,475.9,0
4/8/2020 12:00,0.438,475.9,0
4/8/2020 13:00,0.438,475.9,0
4/8/2020 14:00,0.438,475.9,0
4/8/2020 15:00,0.438,475.9,0
4/8/2020 16:00,0.44,475.9,0
4/8/2020 17:00,0.44,475.9,0
4/8/2020 18:00,0.441,475.9,0
4/8/2020 19:00,0.441,475.9,0
4/8/2020 20:00,0.442,475.9,0
4/8/2020 21:00,0.442,475.9,0
4/8/2020 22:00,0.443,475.9,0
4/8/2020 23:00,0.442,475.9,0
4/9/2020 0:00,0.443,475.9,0
4/9/2020 1:00,0.442,475.9,0
4/9/2020 2:00,0.442,475.9,0
4/9/2020 3:00,0.442,475.9,0
4/9/2020 4:00,0.442,475.9,0
4/9/2020 5:00,0.441,475.9,0
4/9/2020 6:00,0.441,475.9,0
4/9/2020 7:00,0.441,475.9,0
4/9/2020 8:00,0.441,475.9,0
4/9/2020 9:00,0.44,475.9,0
4/9/2020 10:00,0.439,475.9,0
4/9/2020 11:00,0.439,475.9,0
4/9/2020 12:00,0.439,475.9,0
4/9/2020 13:00,0.439,475.9,0
4/9/2020 14:00,0.439,475.9,0
4/9/2020 15:00,0.44,475.9,0
4/9/2020 16:00,0.439,475.9,0
4/9/2020 17:00,0.439,475.9,0
4/9/2020 18:00,0.44,475.9,0
4/9/2020 19:00,0.441,475.9,0
4/9/2020 20:00,0.442,475.9,0
4/9/2020 21:00,0.442,475.9,0
4/9/2020 22:00,0.443,475.9,0
4/9/2020 23:00,0.443,475.9,0
4/10/2020 0:00,0.443,475.9,0
4/10/2020 1:00,0.443,475.9,0
4/10/2020 2:00,0.443,475.9,0
4/10/2020 3:00,0.443,475.9,0
4/10/2020 4:00,0.443,475.9,0
4/10/2020 5:00,0.443,475.9,0
4/10/2020 6:00,0.443,475.9,0
4/10/2020 7:00,0.443,475.9,0
4/10/2020 8:00,0.442,475.9,0
4/10/2020 9:00,0.443,475.9,0
4/10/2020 10:00,0.443,475.9,0
4/10/2020 11:00,0.443,475.9,0
4/10/2020 12:00,0.443,475.9,0
4/10/2020 13:00,0.443,475.9,0
4/10/2020 14:00,0.443,475.9,0
4/10/2020 15:00,0.443,475.9,0
4/10/2020 16:00,0.443,475.9,0
4/10/2020 17:00,0.443,475.9,0
4/10/2020 18:00,0.444,475.9,0
4/10/2020 19:00,0.445,475.9,0
4/10/2020 20:00,0.445,475.9,0
4/10/2020 21:00,0.446,475.9,0
4/10/2020 22:00,0.445,475.9,0
4/10/2020 23:00,0.446,475.9,0
4/11/2020 0:00,0.445,475.9,0
4/11/2020 1:00,0.445,475.9,0
4/11/2020 2:00,0.444,475.9,0
4/11/2020 3:00,0.444,475.9,0
4/11/2020 4:00,0.444,475.9,0
4/11/2020 5:00,0.444,475.9,0
4/11/2020 6:00,0.444,475.9,0
4/11/2020 7:00,0.443,475.9,0
4/11/2020 8:00,0.443,475.9,0
4/11/2020 9:00,0.443,475.9,0
4/11/2020 10:00,0.443,475.9,0
4/11/2020 11:00,0.443,475.9,0
4/11/2020 12:00,0.443,475.9,0
4/11/2020 13:00,0.443,475.9,0
4/11/2020 14:00,0.443,475.9,0
4/11/2020 15:00,0.443,475.9,0
4/11/2020 16:00,0.443,475.9,0
4/11/2020 17:00,0.442,475.9,0
4/11/2020 18:00,0.442,475.9,0
4/11/2020 19:00,0.443,475.9,0
4/11/2020 20:00,0.443,475.9,0
4/11/2020 21:00,0.444,475.9,0
4/11/2020 22:00,0.444,475.9,0
4/11/2020 23:00,0.444,475.9,0
4/12/2020 0:00,0.444,475.9,0
4/12/2020 1:00,0.444,475.9,0
4/12/2020 2:00,0.443,475.9,0
4/12/2020 3:00,0.443,475.9,0
4/12/2020 4:00,0.443,475.9,0
4/12/2020 5:00,0.443,475.9,0
4/12/2020 6:00,0.442,475.9,0
4/12/2020 7:00,0.442,475.9,0
4/12/2020 8:00,0.441,475.9,0
4/12/2020 9:00,0.441,475.9,0
4/12/2020 10:00,0.442,475.9,0
4/12/2020 11:00,0.442,475.9,0
4/12/2020 12:00,0.441,475.9,0
4/12/2020 13:00,0.441,475.9,0
4/12/2020 14:00,0.44,475.9,0
4/12/2020 15:00,0.44,475.9,0
4/12/2020 16:00,0.438,475.9,0
4/12/2020 17:00,0.439,475.9,0
4/12/2020 18:00,0.439,475.9,0
4/12/2020 19:00,0.439,475.9,0
4/12/2020 20:00,0.439,475.9,0
4/12/2020 21:00,0.44,475.9,0
4/12/2020 22:00,0.44,475.9,0
4/12/2020 23:00,0.44,475.9,0
4/13/2020 0:00,0.439,475.9,0
4/13/2020 1:00,0.439,475.9,0
4/13/2020 2:00,0.439,475.9,0
4/13/2020 3:00,0.438,475.9,0
4/13/2020 4:00,0.438,475.9,0
4/13/2020 5:00,0.437,475.9,0
4/13/2020 6:00,0.437,475.9,0
4/13/2020 7:00,0.436,475.9,0
4/13/2020 8:00,0.436,475.9,0
4/13/2020 9:00,0.436,475.9,0
4/13/2020 10:00,0.435,475.9,0
4/13/2020 11:00,0.435,475.9,0
4/13/2020 12:00,0.434,475.9,0
4/13/2020 13:00,0.433,475.9,0
4/13/2020 14:00,0.433,475.9,0
4/13/2020 15:00,0.433,475.9,0
4/13/2020 16:00,0.433,475.9,0
4/13/2020 17:00,0.434,475.9,0
4/13/2020 18:00,0.435,475.9,0
4/13/2020 19:00,0.435,475.9,0
4/13/2020 20:00,0.436,475.9,0
4/13/2020 21:00,0.436,475.9,0
4/13/2020 22:00,0.437,475.9,0
4/13/2020 23:00,0.437,475.9,0
4/14/2020 0:00,0.436,475.9,0
4/14/2020 1:00,0.436,475.9,0
4/14/2020 2:00,0.436,475.9,0
4/14/2020 3:00,0.436,475.9,0
4/14/2020 4:00,0.435,475.9,0
4/14/2020 5:00,0.435,475.9,0
4/14/2020 6:00,0.434,475.9,0
4/14/2020 7:00,0.433,475.9,0
4/14/2020 8:00,0.433,475.9,0
4/14/2020 9:00,0.433,475.9,0
4/14/2020 10:00,0.432,475.9,0
4/14/2020 11:00,0.432,475.9,0
4/14/2020 12:00,0.432,475.9,0
4/14/2020 13:00,0.432,475.9,0
4/14/2020 14:00,0.431,475.9,0
4/14/2020 15:00,0.432,475.9,0
4/14/2020 16:00,0.432,475.9,0
4/14/2020 17:00,0.433,475.9,0
4/14/2020 18:00,0.434,475.9,0
4/14/2020 19:00,0.435,475.9,0
4/14/2020 20:00,0.435,475.9,0
4/14/2020 21:00,0.435,475.9,0
4/14/2020 22:00,0.435,475.9,0
4/14/2020 23:00,0.435,475.9,0
4/15/2020 0:00,0.434,475.9,0
4/15/2020 1:00,0.434,475.9,0
4/15/2020 2:00,0.434,475.9,0
4/15/2020 3:00,0.433,475.9,0
4/15/2020 4:00,0.433,475.9,0
4/15/2020 5:00,0.433,475.9,0
4/15/2020 6:00,0.432,475.9,0
4/15/2020 7:00,0.432,475.9,0
4/15/2020 8:00,0.431,475.9,0
4/15/2020 9:00,0.431,475.9,0
4/15/2020 10:00,0.431,475.9,0
4/15/2020 11:00,0.431,475.9,0
4/15/2020 12:00,0.431,475.9,0
4/15/2020 13:00,0.43,475.9,0
4/15/2020 14:00,0.43,475.9,0
4/15/2020 15:00,0.431,475.9,0
4/15/2020 16:00,0.431,475.9,0
4/15/2020 17:00,0.432,475.9,0
4/15/2020 18:00,0.433,475.9,0
4/15/2020 19:00,0.434,475.9,0
4/15/2020 20:00,0.434,475.9,0
4/15/2020 21:00,0.434,475.9,0
4/15/2020 22:00,0.434,475.9,0
4/15/2020 23:00,0.434,475.9,0
4/16/2020 0:00,0.434,475.9,0
4/16/2020 1:00,0.434,475.9,0
4/16/2020 2:00,0.433,475.9,0
4/16/2020 3:00,0.433,475.9,0
4/16/2020 4:00,0.433,475.9,0
4/16/2020 5:00,0.433,475.9,0
4/16/2020 6:00,0.432,475.9,0
4/16/2020 7:00,0.432,475.9,0
4/16/2020 8:00,0.431,475.9,0
4/16/2020 9:00,0.432,475.9,0
4/16/2020 10:00,0.431,475.9,0
4/16/2020 11:00,0.432,475.9,0
4/16/2020 12:00,0.431,475.9,0
4/16/2020 13:00,0.431,475.9,0
4/16/2020 14:00,0.431,475.9,0
4/16/2020 15:00,0.431,475.9,0
4/16/2020 16:00,0.432,475.9,0
4/16/2020 17:00,0.431,475.9,0
4/16/2020 18:00,0.433,475.9,0
4/16/2020 19:00,0.433,475.9,0
4/16/2020 20:00,0.434,475.9,0
4/16/2020 21:00,0.434,475.9,0
4/16/2020 22:00,0.434,475.9,0
4/16/2020 23:00,0.434,475.9,0
4/17/2020 0:00,0.433,475.9,0
4/17/2020 1:00,0.433,475.9,0
4/17/2020 2:00,0.432,475.9,0
4/17/2020 3:00,0.432,475.9,0
4/17/2020 4:00,0.432,475.9,0
4/17/2020 5:00,0.431,475.9,0
4/17/2020 6:00,0.431,475.9,0
4/17/2020 7:00,0.43,475.9,0
4/17/2020 8:00,0.43,475.9,0
4/17/2020 9:00,0.43,475.9,0
4/17/2020 10:00,0.429,475.9,0
4/17/2020 11:00,0.429,475.9,0
4/17/2020 12:00,0.428,475.9,0
4/17/2020 13:00,0.428,475.9,0
4/17/2020 14:00,0.429,475.9,0
4/17/2020 15:00,0.429,475.9,0
4/17/2020 16:00,0.429,475.9,0
4/17/2020 17:00,0.43,475.9,0
4/17/2020 18:00,0.431,475.9,0
4/17/2020 19:00,0.432,475.9,0
4/17/2020 20:00,0.432,475.9,0
4/17/2020 21:00,0.432,475.9,0
4/17/2020 22:00,0.432,475.9,0
4/17/2020 23:00,0.431,475.9,0
4/18/2020 0:00,0.431,475.9,0
4/18/2020 1:00,0.431,475.9,0
4/18/2020 2:00,0.43,475.9,0
4/18/2020 3:00,0.43,475.9,0
4/18/2020 4:00,0.429,475.9,0
4/18/2020 5:00,0.429,475.9,0
4/18/2020 6:00,0.429,475.9,0
4/18/2020 7:00,0.428,475.9,0
4/18/2020 8:00,0.428,475.9,0
4/18/2020 9:00,0.427,475.9,0
4/18/2020 10:00,0.428,475.9,0
4/18/2020 11:00,0.427,475.9,0
4/18/2020 12:00,0.427,475.9,0
4/18/2020 13:00,0.427,475.9,0
4/18/2020 14:00,0.427,475.9,0
4/18/2020 15:00,0.427,475.9,0
4/18/2020 16:00,0.427,475.9,0
4/18/2020 17:00,0.427,475.9,0
4/18/2020 18:00,0.427,475.9,0
4/18/2020 19:00,0.427,475.9,0
4/18/2020 20:00,0.427,475.9,0
4/18/2020 21:00,0.427,475.9,0
4/18/2020 22:00,0.427,475.9,0
4/18/2020 23:00,0.427,475.9,0
4/19/2020 0:00,0.426,475.9,0
4/19/2020 1:00,0.426,475.9,0
4/19/2020 2:00,0.426,475.9,0
4/19/2020 3:00,0.426,475.9,0
4/19/2020 4:00,0.426,475.9,0
4/19/2020 5:00,0.425,475.9,0
4/19/2020 6:00,0.425,475.9,0
4/19/2020 7:00,0.425,475.9,0
4/19/2020 8:00,0.424,475.9,0
4/19/2020 9:00,0.425,475.9,0
4/19/2020 10:00,0.424,475.9,0
4/19/2020 11:00,0.424,475.9,0
4/19/2020 12:00,0.424,475.9,0
4/19/2020 13:00,0.423,475.9,0
4/19/2020 14:00,0.424,475.9,0
4/19/2020 15:00,0.425,475.9,0
4/19/2020 16:00,0.425,475.9,0
4/19/2020 17:00,0.426,475.9,0
4/19/2020 18:00,0.427,475.9,0
4/19/2020 19:00,0.428,475.9,0
4/19/2020 20:00,0.428,475.9,0
4/19/2020 21:00,0.428,475.9,0
4/19/2020 22:00,0.428,475.9,0
4/19/2020 23:00,0.428,475.9,0
4/20/2020 0:00,0.428,475.9,0
4/20/2020 1:00,0.427,475.9,0
4/20/2020 2:00,0.427,475.9,0
4/20/2020 3:00,0.427,475.9,0
4/20/2020 4:00,0.426,475.9,0
4/20/2020 5:00,0.425,475.9,0
4/20/2020 6:00,0.425,475.9,0
4/20/2020 7:00,0.425,475.9,0
4/20/2020 8:00,0.425,475.9,0
4/20/2020 9:00,0.424,475.9,0
4/20/2020 10:00,0.424,476.1,2
4/20/2020 11:00,0.426,476.3,2
4/20/2020 12:00,0.426,476.3,0
4/20/2020 13:00,0.426,476.3,0
4/20/2020 14:00,0.426,476.3,0
4/20/2020 15:00,0.426,476.3,0
4/20/2020 16:00,0.427,476.4,1
4/20/2020 17:00,0.427,476.4,0
4/20/2020 18:00,0.427,476.4,0
4/20/2020 19:00,0.427,476.4,0
4/20/2020 20:00,0.428,476.4,0
4/20/2020 21:00,0.427,476.4,0
4/20/2020 22:00,0.428,476.4,0
4/20/2020 23:00,0.428,476.4,0
4/21/2020 0:00,0.427,476.4,0
4/21/2020 1:00,0.427,476.4,0
4/21/2020 2:00,0.427,476.4,0
4/21/2020 3:00,0.427,476.4,0
4/21/2020 4:00,0.427,476.4,0
4/21/2020 5:00,0.426,476.4,0
4/21/2020 6:00,0.426,476.4,0
4/21/2020 7:00,0.426,476.4,0
4/21/2020 8:00,0.425,476.4,0
4/21/2020 9:00,0.426,476.4,0
4/21/2020 10:00,0.426,476.4,0
4/21/2020 11:00,0.425,476.4,0
4/21/2020 12:00,0.425,476.4,0
4/21/2020 13:00,0.425,476.4,0
4/21/2020 14:00,0.425,476.4,0
4/21/2020 15:00,0.426,476.4,0
4/21/2020 16:00,0.426,476.4,0
4/21/2020 17:00,0.427,476.4,0
4/21/2020 18:00,0.428,476.4,0
4/21/2020 19:00,0.429,476.4,0
4/21/2020 20:00,0.429,476.4,0
4/21/2020 21:00,0.43,476.4,0
4/21/2020 22:00,0.429,476.4,0
4/21/2020 23:00,0.429,476.4,0
4/22/2020 0:00,0.429,476.4,0
4/22/2020 1:00,0.428,476.4,0
4/22/2020 2:00,0.428,476.4,0
4/22/2020 3:00,0.427,476.4,0
4/22/2020 4:00,0.427,476.4,0
4/22/2020 5:00,0.426,476.4,0
4/22/2020 6:00,0.426,476.4,0
4/22/2020 7:00,0.425,476.4,0
4/22/2020 8:00,0.425,476.4,0
4/22/2020 9:00,0.424,476.4,0
4/22/2020 10:00,0.424,476.4,0
4/22/2020 11:00,0.424,476.4,0
4/22/2020 12:00,0.424,476.4,0
4/22/2020 13:00,0.424,476.4,0
4/22/2020 14:00,0.424,476.4,0
4/22/2020 15:00,0.425,476.4,0
4/22/2020 16:00,0.425,476.4,0
4/22/2020 17:00,0.425,476.4,0
4/22/2020 18:00,0.426,476.4,0
4/22/2020 19:00,0.426,476.4,0
4/22/2020 20:00,0.426,476.4,0
4/22/2020 21:00,0.426,476.4,0
4/22/2020 22:00,0.426,476.4,0
4/22/2020 23:00,0.426,476.4,0
4/23/2020 0:00,0.426,476.4,0
4/23/2020 1:00,0.426,476.4,0
4/23/2020 2:00,0.426,476.4,0
4/23/2020 3:00,0.426,476.4,0
4/23/2020 4:00,0.425,476.4,0
4/23/2020 5:00,0.425,476.4,0
4/23/2020 6:00,0.425,476.4,0
4/23/2020 7:00,0.425,476.4,0
4/23/2020 8:00,0.425,476.4,0
4/23/2020 9:00,0.425,476.4,0
4/23/2020 10:00,0.425,476.4,0
4/23/2020 11:00,0.425,476.4,0
4/23/2020 12:00,0.425,476.4,0
4/23/2020 13:00,0.425,476.4,0
4/23/2020 14:00,0.425,476.4,0
4/23/2020 15:00,0.425,476.4,0
4/23/2020 16:00,0.426,476.4,0
4/23/2020 17:00,0.427,476.4,0
4/23/2020 18:00,0.428,476.4,0
4/23/2020 19:00,0.429,476.4,0
4/23/2020 20:00,0.429,476.4,0
4/23/2020 21:00,0.429,476.4,0
4/23/2020 22:00,0.43,476.4,0
4/23/2020 23:00,0.429,476.4,0
4/24/2020 0:00,0.429,476.4,0
4/24/2020 1:00,0.428,476.4,0
4/24/2020 2:00,0.428,476.4,0
4/24/2020 3:00,0.427,476.4,0
4/24/2020 4:00,0.427,476.4,0
4/24/2020 5:00,0.426,476.4,0
4/24/2020 6:00,0.426,476.4,0
4/24/2020 7:00,0.425,476.4,0
4/24/2020 8:00,0.425,476.4,0
4/24/2020 9:00,0.425,476.4,0
4/24/2020 10:00,0.425,476.4,0
4/24/2020 11:00,0.423,476.4,0
4/24/2020 12:00,0.424,476.4,0
4/24/2020 13:00,0.423,476.4,0
4/24/2020 14:00,0.423,476.4,0
4/24/2020 15:00,0.423,476.4,0
4/24/2020 16:00,0.424,476.4,0
4/24/2020 17:00,0.425,476.4,0
4/24/2020 18:00,0.426,476.4,0
4/24/2020 19:00,0.427,476.4,0
4/24/2020 20:00,0.427,476.4,0
4/24/2020 21:00,0.427,476.4,0
4/24/2020 22:00,0.427,476.4,0
4/24/2020 23:00,0.428,476.4,0
4/25/2020 0:00,0.427,476.4,0
4/25/2020 1:00,0.427,476.4,0
4/25/2020 2:00,0.427,476.4,0
4/25/2020 3:00,0.426,476.4,0
4/25/2020 4:00,0.425,476.4,0
4/25/2020 5:00,0.425,476.4,0
4/25/2020 6:00,0.424,476.4,0
4/25/2020 7:00,0.424,476.4,0
4/25/2020 8:00,0.423,476.4,0
4/25/2020 9:00,0.423,476.4,0
4/25/2020 10:00,0.424,476.4,0
4/25/2020 11:00,0.423,476.4,0
4/25/2020 12:00,0.423,476.4,0
4/25/2020 13:00,0.423,476.4,0
4/25/2020 14:00,0.423,476.4,0
4/25/2020 15:00,0.423,476.4,0
4/25/2020 16:00,0.424,476.4,0
4/25/2020 17:00,0.425,476.4,0
4/25/2020 18:00,0.425,476.4,0
4/25/2020 19:00,0.426,476.4,0
4/25/2020 20:00,0.427,476.4,0
4/25/2020 21:00,0.427,476.4,0
4/25/2020 22:00,0.427,476.4,0
4/25/2020 23:00,0.427,476.4,0
4/26/2020 0:00,0.427,476.4,0
4/26/2020 1:00,0.426,476.4,0
4/26/2020 2:00,0.426,476.4,0
4/26/2020 3:00,0.425,476.4,0
4/26/2020 4:00,0.425,476.4,0
4/26/2020 5:00,0.425,476.4,0
4/26/2020 6:00,0.425,476.4,0
4/26/2020 7:00,0.424,476.4,0
4/26/2020 8:00,0.423,476.4,0
4/26/2020 9:00,0.424,476.4,0
4/26/2020 10:00,0.424,476.4,0
4/26/2020 11:00,0.423,476.4,0
4/26/2020 12:00,0.423,476.4,0
4/26/2020 13:00,0.423,476.4,0
4/26/2020 14:00,0.423,476.4,0
4/26/2020 15:00,0.424,476.4,0
4/26/2020 16:00,0.425,476.4,0
4/26/2020 17:00,0.425,476.4,0
4/26/2020 18:00,0.427,476.4,0
4/26/2020 19:00,0.427,476.4,0
4/26/2020 20:00,0.428,476.4,0
4/26/2020 21:00,0.428,476.4,0
4/26/2020 22:00,0.428,476.4,0
4/26/2020 23:00,0.428,476.4,0
4/27/2020 0:00,0.427,476.4,0
4/27/2020 1:00,0.426,476.4,0
4/27/2020 2:00,0.426,476.4,0
4/27/2020 3:00,0.426,476.4,0
4/27/2020 4:00,0.425,476.4,0
4/27/2020 5:00,0.424,476.4,0
4/27/2020 6:00,0.424,476.4,0
4/27/2020 7:00,0.423,476.4,0
4/27/2020 8:00,0.423,476.4,0
4/27/2020 9:00,0.423,476.4,0
4/27/2020 10:00,0.422,476.4,0
4/27/2020 11:00,0.422,476.4,0
4/27/2020 12:00,0.422,476.4,0
4/27/2020 13:00,0.422,476.4,0
4/27/2020 14:00,0.422,476.4,0
4/27/2020 15:00,0.422,476.4,0
4/27/2020 16:00,0.423,476.4,0
4/27/2020 17:00,0.424,476.4,0
4/27/2020 18:00,0.425,476.4,0
4/27/2020 19:00,0.425,476.4,0
4/27/2020 20:00,0.426,476.4,0
4/27/2020 21:00,0.427,476.4,0
4/27/2020 22:00,0.427,476.4,0
4/27/2020 23:00,0.426,476.4,0
4/28/2020 0:00,0.426,476.4,0
4/28/2020 1:00,0.425,476.4,0
4/28/2020 2:00,0.425,476.4,0
4/28/2020 3:00,0.425,476.4,0
4/28/2020 4:00,0.424,476.4,0
4/28/2020 5:00,0.424,476.4,0
4/28/2020 6:00,0.423,476.4,0
4/28/2020 7:00,0.423,476.4,0
4/28/2020 8:00,0.422,476.4,0
4/28/2020 9:00,0.423,476.4,0
4/28/2020 10:00,0.422,476.4,0
4/28/2020 11:00,0.422,476.4,0
4/28/2020 12:00,0.421,476.4,0
4/28/2020 13:00,0.421,476.4,0
4/28/2020 14:00,0.421,476.4,0
4/28/2020 15:00,0.422,476.4,0
4/28/2020 16:00,0.423,476.4,0
4/28/2020 17:00,0.424,476.4,0
4/28/2020 18:00,0.425,476.4,0
4/28/2020 19:00,0.426,476.4,0
4/28/2020 20:00,0.427,476.4,0
4/28/2020 21:00,0.428,476.4,0
4/28/2020 22:00,0.427,476.4,0
4/28/2020 23:00,0.427,476.4,0
4/29/2020 0:00,0.427,476.4,0
4/29/2020 1:00,0.427,476.4,0
4/29/2020 2:00,0.426,476.4,0
4/29/2020 3:00,0.426,476.4,0
4/29/2020 4:00,0.425,476.4,0
4/29/2020 5:00,0.425,476.4,0
4/29/2020 6:00,0.424,476.4,0
4/29/2020 7:00,0.423,476.4,0
4/29/2020 8:00,0.423,476.4,0
4/29/2020 9:00,0.423,476.4,0
4/29/2020 10:00,0.423,476.4,0
